{"type":"FeatureCollection","features":[{"type":"Feature","geometry":{"type":"LineString","coordinates":[[139.7811,35.5533],[141.6925,42.7753]]},"properties":{"n":"東京〜新千歳","op":null,"mode":"air","pax":10839912,"intl":false}},{"type":"Feature","geometry":{"type":"LineString","coordinates":[[141.6925,42.7753],[139.7811,35.5533]]},"properties":{"n":"新千歳〜東京","op":null,"mode":"air","pax":10894170,"intl":false}},{"type":"Feature","geometry":{"type":"LineString","coordinates":[[139.7811,35.5533],[135.4392,34.7844]]},"properties":{"n":"東京〜大阪","op":null,"mode":"air","pax":6534892,"intl":false}},{"type":"Feature","geometry":{"type":"LineString","coordinates":[[135.4392,34.7844],[139.7811,35.5533]]},"properties":{"n":"大阪〜東京","op":null,"mode":"air","pax":6577587,"intl":false}},{"type":"Feature","geometry":{"type":"LineString","coordinates":[[139.7811,35.5533],[135.2328,34.4342]]},"properties":{"n":"東京〜関西","op":null,"mode":"air","pax":1382753,"intl":false}},{"type":"Feature","geometry":{"type":"LineString","coordinates":[[135.2328,34.4342],[139.7811,35.5533]]},"properties":{"n":"関西〜東京","op":null,"mode":"air","pax":1366904,"intl":false}},{"type":"Feature","geometry":{"type":"LineString","coordinates":[[139.7811,35.5533],[130.4517,33.5844]]},"properties":{"n":"東京〜福岡","op":null,"mode":"air","pax":9827469,"intl":false}},{"type":"Feature","geometry":{"type":"LineString","coordinates":[[130.4517,33.5844],[139.7811,35.5533]]},"properties":{"n":"福岡〜東京","op":null,"mode":"air","pax":9874163,"intl":false}},{"type":"Feature","geometry":{"type":"LineString","coordinates":[[139.7811,35.5533],[127.6458,26.1958]]},"properties":{"n":"東京〜那覇","op":null,"mode":"air","pax":6321253,"intl":false}},{"type":"Feature","geometry":{"type":"LineString","coordinates":[[127.6458,26.1958],[139.7811,35.5533]]},"properties":{"n":"那覇〜東京","op":null,"mode":"air","pax":6324026,"intl":false}},{"type":"Feature","geometry":{"type":"LineString","coordinates":[[140.3864,35.7647],[141.6925,42.7753]]},"properties":{"n":"成田〜新千歳","op":null,"mode":"air","pax":1476703,"intl":false}},{"type":"Feature","geometry":{"type":"LineString","coordinates":[[141.6925,42.7753],[140.3864,35.7647]]},"properties":{"n":"新千歳〜成田","op":null,"mode":"air","pax":1500535,"intl":false}},{"type":"Feature","geometry":{"type":"LineString","coordinates":[[140.3864,35.7647],[135.4392,34.7844]]},"properties":{"n":"成田〜大阪","op":null,"mode":"air","pax":524109,"intl":false}},{"type":"Feature","geometry":{"type":"LineString","coordinates":[[135.4392,34.7844],[140.3864,35.7647]]},"properties":{"n":"大阪〜成田","op":null,"mode":"air","pax":552320,"intl":false}},{"type":"Feature","geometry":{"type":"LineString","coordinates":[[140.3864,35.7647],[135.2328,34.4342]]},"properties":{"n":"成田〜関西","op":null,"mode":"air","pax":350536,"intl":false}},{"type":"Feature","geometry":{"type":"LineString","coordinates":[[135.2328,34.4342],[140.3864,35.7647]]},"properties":{"n":"関西〜成田","op":null,"mode":"air","pax":365631,"intl":false}},{"type":"Feature","geometry":{"type":"LineString","coordinates":[[140.3864,35.7647],[130.4517,33.5844]]},"properties":{"n":"成田〜福岡","op":null,"mode":"air","pax":1324808,"intl":false}},{"type":"Feature","geometry":{"type":"LineString","coordinates":[[130.4517,33.5844],[140.3864,35.7647]]},"properties":{"n":"福岡〜成田","op":null,"mode":"air","pax":1344187,"intl":false}},{"type":"Feature","geometry":{"type":"LineString","coordinates":[[140.3864,35.7647],[127.6458,26.1958]]},"properties":{"n":"成田〜那覇","op":null,"mode":"air","pax":854675,"intl":false}},{"type":"Feature","geometry":{"type":"LineString","coordinates":[[127.6458,26.1958],[140.3864,35.7647]]},"properties":{"n":"那覇〜成田","op":null,"mode":"air","pax":867000,"intl":false}},{"type":"Feature","geometry":{"type":"LineString","coordinates":[[135.4392,34.7844],[141.6925,42.7753]]},"properties":{"n":"大阪〜新千歳","op":null,"mode":"air","pax":590547,"intl":false}},{"type":"Feature","geometry":{"type":"LineString","coordinates":[[141.6925,42.7753],[135.4392,34.7844]]},"properties":{"n":"新千歳〜大阪","op":null,"mode":"air","pax":590803,"intl":false}},{"type":"Feature","geometry":{"type":"LineString","coordinates":[[135.4392,34.7844],[130.4517,33.5844]]},"properties":{"n":"大阪〜福岡","op":null,"mode":"air","pax":922730,"intl":false}},{"type":"Feature","geometry":{"type":"LineString","coordinates":[[130.4517,33.5844],[135.4392,34.7844]]},"properties":{"n":"福岡〜大阪","op":null,"mode":"air","pax":917763,"intl":false}},{"type":"Feature","geometry":{"type":"LineString","coordinates":[[135.4392,34.7844],[127.6458,26.1958]]},"properties":{"n":"大阪〜那覇","op":null,"mode":"air","pax":792563,"intl":false}},{"type":"Feature","geometry":{"type":"LineString","coordinates":[[127.6458,26.1958],[135.4392,34.7844]]},"properties":{"n":"那覇〜大阪","op":null,"mode":"air","pax":787313,"intl":false}},{"type":"Feature","geometry":{"type":"LineString","coordinates":[[135.2328,34.4342],[141.6925,42.7753]]},"properties":{"n":"関西〜新千歳","op":null,"mode":"air","pax":1754064,"intl":false}},{"type":"Feature","geometry":{"type":"LineString","coordinates":[[141.6925,42.7753],[135.2328,34.4342]]},"properties":{"n":"新千歳〜関西","op":null,"mode":"air","pax":1761125,"intl":false}},{"type":"Feature","geometry":{"type":"LineString","coordinates":[[135.2328,34.4342],[130.4517,33.5844]]},"properties":{"n":"関西〜福岡","op":null,"mode":"air","pax":770046,"intl":false}},{"type":"Feature","geometry":{"type":"LineString","coordinates":[[130.4517,33.5844],[135.2328,34.4342]]},"properties":{"n":"福岡〜関西","op":null,"mode":"air","pax":771674,"intl":false}},{"type":"Feature","geometry":{"type":"LineString","coordinates":[[135.2328,34.4342],[127.6458,26.1958]]},"properties":{"n":"関西〜那覇","op":null,"mode":"air","pax":1400651,"intl":false}},{"type":"Feature","geometry":{"type":"LineString","coordinates":[[127.6458,26.1958],[135.2328,34.4342]]},"properties":{"n":"那覇〜関西","op":null,"mode":"air","pax":1403590,"intl":false}},{"type":"Feature","geometry":{"type":"LineString","coordinates":[[130.4517,33.5844],[141.6925,42.7753]]},"properties":{"n":"福岡〜新千歳","op":null,"mode":"air","pax":603652,"intl":false}},{"type":"Feature","geometry":{"type":"LineString","coordinates":[[141.6925,42.7753],[130.4517,33.5844]]},"properties":{"n":"新千歳〜福岡","op":null,"mode":"air","pax":606306,"intl":false}},{"type":"Feature","geometry":{"type":"LineString","coordinates":[[130.4517,33.5844],[127.6458,26.1958]]},"properties":{"n":"福岡〜那覇","op":null,"mode":"air","pax":1864351,"intl":false}},{"type":"Feature","geometry":{"type":"LineString","coordinates":[[127.6458,26.1958],[130.4517,33.5844]]},"properties":{"n":"那覇〜福岡","op":null,"mode":"air","pax":1867096,"intl":false}},{"type":"Feature","geometry":{"type":"LineString","coordinates":[[141.6925,42.7753],[127.6458,26.1958]]},"properties":{"n":"新千歳〜那覇","op":null,"mode":"air","pax":106317,"intl":false}},{"type":"Feature","geometry":{"type":"LineString","coordinates":[[127.6458,26.1958],[141.6925,42.7753]]},"properties":{"n":"那覇〜新千歳","op":null,"mode":"air","pax":105548,"intl":false}},{"type":"Feature","geometry":{"type":"LineString","coordinates":[[139.7811,35.5533],[141.8008,45.4042]]},"properties":{"n":"東京〜稚内","op":null,"mode":"air","pax":155971,"intl":false}},{"type":"Feature","geometry":{"type":"LineString","coordinates":[[141.8008,45.4042],[139.7811,35.5533]]},"properties":{"n":"稚内〜東京","op":null,"mode":"air","pax":151635,"intl":false}},{"type":"Feature","geometry":{"type":"LineString","coordinates":[[139.7811,35.5533],[144.1931,43.0408]]},"properties":{"n":"東京〜釧路","op":null,"mode":"air","pax":602247,"intl":false}},{"type":"Feature","geometry":{"type":"LineString","coordinates":[[144.1931,43.0408],[139.7811,35.5533]]},"properties":{"n":"釧路〜東京","op":null,"mode":"air","pax":601942,"intl":false}},{"type":"Feature","geometry":{"type":"LineString","coordinates":[[139.7811,35.5533],[140.8219,41.77]]},"properties":{"n":"東京〜函館","op":null,"mode":"air","pax":1351403,"intl":false}},{"type":"Feature","geometry":{"type":"LineString","coordinates":[[140.8219,41.77],[139.7811,35.5533]]},"properties":{"n":"函館〜東京","op":null,"mode":"air","pax":1332057,"intl":false}},{"type":"Feature","geometry":{"type":"LineString","coordinates":[[139.7811,35.5533],[142.4475,43.6708]]},"properties":{"n":"東京〜旭川","op":null,"mode":"air","pax":961282,"intl":false}},{"type":"Feature","geometry":{"type":"LineString","coordinates":[[142.4475,43.6708],[139.7811,35.5533]]},"properties":{"n":"旭川〜東京","op":null,"mode":"air","pax":935790,"intl":false}},{"type":"Feature","geometry":{"type":"LineString","coordinates":[[139.7811,35.5533],[143.2172,42.7333]]},"properties":{"n":"東京〜帯広","op":null,"mode":"air","pax":654035,"intl":false}},{"type":"Feature","geometry":{"type":"LineString","coordinates":[[143.2172,42.7333],[139.7811,35.5533]]},"properties":{"n":"帯広〜東京","op":null,"mode":"air","pax":643623,"intl":false}},{"type":"Feature","geometry":{"type":"LineString","coordinates":[[139.7811,35.5533],[144.96,43.5775]]},"properties":{"n":"東京〜中標津","op":null,"mode":"air","pax":116983,"intl":false}},{"type":"Feature","geometry":{"type":"LineString","coordinates":[[144.96,43.5775],[139.7811,35.5533]]},"properties":{"n":"中標津〜東京","op":null,"mode":"air","pax":111773,"intl":false}},{"type":"Feature","geometry":{"type":"LineString","coordinates":[[139.7811,35.5533],[144.1641,43.8806]]},"properties":{"n":"東京〜女満別","op":null,"mode":"air","pax":536659,"intl":false}},{"type":"Feature","geometry":{"type":"LineString","coordinates":[[144.1641,43.8806],[139.7811,35.5533]]},"properties":{"n":"女満別〜東京","op":null,"mode":"air","pax":534260,"intl":false}},{"type":"Feature","geometry":{"type":"LineString","coordinates":[[139.7811,35.5533],[143.4042,44.3042]]},"properties":{"n":"東京〜紋別","op":null,"mode":"air","pax":70246,"intl":false}},{"type":"Feature","geometry":{"type":"LineString","coordinates":[[143.4042,44.3042],[139.7811,35.5533]]},"properties":{"n":"紋別〜東京","op":null,"mode":"air","pax":64619,"intl":false}},{"type":"Feature","geometry":{"type":"LineString","coordinates":[[139.7811,35.5533],[140.6886,40.7333]]},"properties":{"n":"東京〜青森","op":null,"mode":"air","pax":667390,"intl":false}},{"type":"Feature","geometry":{"type":"LineString","coordinates":[[140.6886,40.7333],[139.7811,35.5533]]},"properties":{"n":"青森〜東京","op":null,"mode":"air","pax":659751,"intl":false}},{"type":"Feature","geometry":{"type":"LineString","coordinates":[[139.7811,35.5533],[141.3694,40.7053]]},"properties":{"n":"東京〜三沢","op":null,"mode":"air","pax":277887,"intl":false}},{"type":"Feature","geometry":{"type":"LineString","coordinates":[[141.3694,40.7053],[139.7811,35.5533]]},"properties":{"n":"三沢〜東京","op":null,"mode":"air","pax":280736,"intl":false}},{"type":"Feature","geometry":{"type":"LineString","coordinates":[[139.7811,35.5533],[140.2186,39.6156]]},"properties":{"n":"東京〜秋田","op":null,"mode":"air","pax":1086074,"intl":false}},{"type":"Feature","geometry":{"type":"LineString","coordinates":[[140.2186,39.6156],[139.7811,35.5533]]},"properties":{"n":"秋田〜東京","op":null,"mode":"air","pax":1079636,"intl":false}},{"type":"Feature","geometry":{"type":"LineString","coordinates":[[139.7811,35.5533],[140.3717,40.1919]]},"properties":{"n":"東京〜大館","op":null,"mode":"air","pax":169653,"intl":false}},{"type":"Feature","geometry":{"type":"LineString","coordinates":[[140.3717,40.1919],[139.7811,35.5533]]},"properties":{"n":"大館〜東京","op":null,"mode":"air","pax":168920,"intl":false}},{"type":"Feature","geometry":{"type":"LineString","coordinates":[[139.7811,35.5533],[140.3711,38.4119]]},"properties":{"n":"東京〜山形","op":null,"mode":"air","pax":39266,"intl":false}},{"type":"Feature","geometry":{"type":"LineString","coordinates":[[140.3711,38.4119],[139.7811,35.5533]]},"properties":{"n":"山形〜東京","op":null,"mode":"air","pax":38472,"intl":false}},{"type":"Feature","geometry":{"type":"LineString","coordinates":[[139.7811,35.5533],[139.7872,38.8122]]},"properties":{"n":"東京〜庄内","op":null,"mode":"air","pax":452745,"intl":false}},{"type":"Feature","geometry":{"type":"LineString","coordinates":[[139.7872,38.8122],[139.7811,35.5533]]},"properties":{"n":"庄内〜東京","op":null,"mode":"air","pax":454804,"intl":false}},{"type":"Feature","geometry":{"type":"LineString","coordinates":[[139.7811,35.5533],[139.3603,34.7819]]},"properties":{"n":"東京〜大島","op":null,"mode":"air","pax":23044,"intl":false}},{"type":"Feature","geometry":{"type":"LineString","coordinates":[[139.3603,34.7819],[139.7811,35.5533]]},"properties":{"n":"大島〜東京","op":null,"mode":"air","pax":22094,"intl":false}},{"type":"Feature","geometry":{"type":"LineString","coordinates":[[139.7811,35.5533],[139.5603,34.0736]]},"properties":{"n":"東京〜三宅島","op":null,"mode":"air","pax":7852,"intl":false}},{"type":"Feature","geometry":{"type":"LineString","coordinates":[[139.5603,34.0736],[139.7811,35.5533]]},"properties":{"n":"三宅島〜東京","op":null,"mode":"air","pax":11429,"intl":false}},{"type":"Feature","geometry":{"type":"LineString","coordinates":[[139.7811,35.5533],[139.7858,33.115]]},"properties":{"n":"東京〜八丈島","op":null,"mode":"air","pax":260217,"intl":false}},{"type":"Feature","geometry":{"type":"LineString","coordinates":[[139.7858,33.115],[139.7811,35.5533]]},"properties":{"n":"八丈島〜東京","op":null,"mode":"air","pax":266653,"intl":false}},{"type":"Feature","geometry":{"type":"LineString","coordinates":[[139.7811,35.5533],[137.1875,36.6483]]},"properties":{"n":"東京〜富山","op":null,"mode":"air","pax":988810,"intl":false}},{"type":"Feature","geometry":{"type":"LineString","coordinates":[[137.1875,36.6483],[139.7811,35.5533]]},"properties":{"n":"富山〜東京","op":null,"mode":"air","pax":989483,"intl":false}},{"type":"Feature","geometry":{"type":"LineString","coordinates":[[139.7811,35.5533],[136.4075,36.3939]]},"properties":{"n":"東京〜金沢","op":null,"mode":"air","pax":2103494,"intl":false}},{"type":"Feature","geometry":{"type":"LineString","coordinates":[[136.4075,36.3939],[139.7811,35.5533]]},"properties":{"n":"金沢〜東京","op":null,"mode":"air","pax":2098209,"intl":false}},{"type":"Feature","geometry":{"type":"LineString","coordinates":[[139.7811,35.5533],[136.9622,37.2933]]},"properties":{"n":"東京〜能登","op":null,"mode":"air","pax":201083,"intl":false}},{"type":"Feature","geometry":{"type":"LineString","coordinates":[[136.9622,37.2933],[139.7811,35.5533]]},"properties":{"n":"能登〜東京","op":null,"mode":"air","pax":196506,"intl":false}},{"type":"Feature","geometry":{"type":"LineString","coordinates":[[139.7811,35.5533],[136.8053,34.8583]]},"properties":{"n":"東京〜中部","op":null,"mode":"air","pax":62539,"intl":false}},{"type":"Feature","geometry":{"type":"LineString","coordinates":[[136.8053,34.8583],[139.7811,35.5533]]},"properties":{"n":"中部〜東京","op":null,"mode":"air","pax":61657,"intl":false}},{"type":"Feature","geometry":{"type":"LineString","coordinates":[[139.7811,35.5533],[135.3644,33.6622]]},"properties":{"n":"東京〜南紀白浜","op":null,"mode":"air","pax":141019,"intl":false}},{"type":"Feature","geometry":{"type":"LineString","coordinates":[[135.3644,33.6622],[139.7811,35.5533]]},"properties":{"n":"南紀白浜〜東京","op":null,"mode":"air","pax":139478,"intl":false}},{"type":"Feature","geometry":{"type":"LineString","coordinates":[[139.7811,35.5533],[135.2239,34.6328]]},"properties":{"n":"東京〜神戸","op":null,"mode":"air","pax":611177,"intl":false}},{"type":"Feature","geometry":{"type":"LineString","coordinates":[[135.2239,34.6328],[139.7811,35.5533]]},"properties":{"n":"神戸〜東京","op":null,"mode":"air","pax":614246,"intl":false}},{"type":"Feature","geometry":{"type":"LineString","coordinates":[[139.7811,35.5533],[134.165,35.53]]},"properties":{"n":"東京〜鳥取","op":null,"mode":"air","pax":399904,"intl":false}},{"type":"Feature","geometry":{"type":"LineString","coordinates":[[134.165,35.53],[139.7811,35.5533]]},"properties":{"n":"鳥取〜東京","op":null,"mode":"air","pax":392885,"intl":false}},{"type":"Feature","geometry":{"type":"LineString","coordinates":[[139.7811,35.5533],[133.2364,35.4922]]},"properties":{"n":"東京〜米子","op":null,"mode":"air","pax":619547,"intl":false}},{"type":"Feature","geometry":{"type":"LineString","coordinates":[[133.2364,35.4922],[139.7811,35.5533]]},"properties":{"n":"米子〜東京","op":null,"mode":"air","pax":621093,"intl":false}},{"type":"Feature","geometry":{"type":"LineString","coordinates":[[139.7811,35.5533],[132.89,35.4136]]},"properties":{"n":"東京〜出雲","op":null,"mode":"air","pax":703549,"intl":false}},{"type":"Feature","geometry":{"type":"LineString","coordinates":[[132.89,35.4136],[139.7811,35.5533]]},"properties":{"n":"出雲〜東京","op":null,"mode":"air","pax":698430,"intl":false}},{"type":"Feature","geometry":{"type":"LineString","coordinates":[[139.7811,35.5533],[131.7903,34.6764]]},"properties":{"n":"東京〜石見","op":null,"mode":"air","pax":108420,"intl":false}},{"type":"Feature","geometry":{"type":"LineString","coordinates":[[131.7903,34.6764],[139.7811,35.5533]]},"properties":{"n":"石見〜東京","op":null,"mode":"air","pax":89959,"intl":false}},{"type":"Feature","geometry":{"type":"LineString","coordinates":[[139.7811,35.5533],[133.8553,34.7569]]},"properties":{"n":"東京〜岡山","op":null,"mode":"air","pax":1306527,"intl":false}},{"type":"Feature","geometry":{"type":"LineString","coordinates":[[133.8553,34.7569],[139.7811,35.5533]]},"properties":{"n":"岡山〜東京","op":null,"mode":"air","pax":1290351,"intl":false}},{"type":"Feature","geometry":{"type":"LineString","coordinates":[[139.7811,35.5533],[132.9194,34.4361]]},"properties":{"n":"東京〜広島","op":null,"mode":"air","pax":2381715,"intl":false}},{"type":"Feature","geometry":{"type":"LineString","coordinates":[[132.9194,34.4361],[139.7811,35.5533]]},"properties":{"n":"広島〜東京","op":null,"mode":"air","pax":2387782,"intl":false}},{"type":"Feature","geometry":{"type":"LineString","coordinates":[[139.7811,35.5533],[132.247,34.1448]]},"properties":{"n":"東京〜岩国","op":null,"mode":"air","pax":412505,"intl":false}},{"type":"Feature","geometry":{"type":"LineString","coordinates":[[132.247,34.1448],[139.7811,35.5533]]},"properties":{"n":"岩国〜東京","op":null,"mode":"air","pax":420889,"intl":false}},{"type":"Feature","geometry":{"type":"LineString","coordinates":[[139.7811,35.5533],[131.2786,33.93]]},"properties":{"n":"東京〜山口宇部","op":null,"mode":"air","pax":1125881,"intl":false}},{"type":"Feature","geometry":{"type":"LineString","coordinates":[[131.2786,33.93],[139.7811,35.5533]]},"properties":{"n":"山口宇部〜東京","op":null,"mode":"air","pax":1117703,"intl":false}},{"type":"Feature","geometry":{"type":"LineString","coordinates":[[139.7811,35.5533],[134.6058,34.1328]]},"properties":{"n":"東京〜徳島","op":null,"mode":"air","pax":1158399,"intl":false}},{"type":"Feature","geometry":{"type":"LineString","coordinates":[[134.6058,34.1328],[139.7811,35.5533]]},"properties":{"n":"徳島〜東京","op":null,"mode":"air","pax":1140414,"intl":false}},{"type":"Feature","geometry":{"type":"LineString","coordinates":[[139.7811,35.5533],[134.0156,34.2142]]},"properties":{"n":"東京〜高松","op":null,"mode":"air","pax":1615376,"intl":false}},{"type":"Feature","geometry":{"type":"LineString","coordinates":[[134.0156,34.2142],[139.7811,35.5533]]},"properties":{"n":"高松〜東京","op":null,"mode":"air","pax":1614041,"intl":false}},{"type":"Feature","geometry":{"type":"LineString","coordinates":[[139.7811,35.5533],[132.6997,33.8272]]},"properties":{"n":"東京〜松山","op":null,"mode":"air","pax":1888195,"intl":false}},{"type":"Feature","geometry":{"type":"LineString","coordinates":[[132.6997,33.8272],[139.7811,35.5533]]},"properties":{"n":"松山〜東京","op":null,"mode":"air","pax":1896909,"intl":false}},{"type":"Feature","geometry":{"type":"LineString","coordinates":[[139.7811,35.5533],[133.6694,33.5461]]},"properties":{"n":"東京〜高知","op":null,"mode":"air","pax":1178021,"intl":false}},{"type":"Feature","geometry":{"type":"LineString","coordinates":[[133.6694,33.5461],[139.7811,35.5533]]},"properties":{"n":"高知〜東京","op":null,"mode":"air","pax":1177352,"intl":false}},{"type":"Feature","geometry":{"type":"LineString","coordinates":[[139.7811,35.5533],[131.035,33.8456]]},"properties":{"n":"東京〜北九州","op":null,"mode":"air","pax":1500556,"intl":false}},{"type":"Feature","geometry":{"type":"LineString","coordinates":[[131.035,33.8456],[139.7811,35.5533]]},"properties":{"n":"北九州〜東京","op":null,"mode":"air","pax":1480219,"intl":false}},{"type":"Feature","geometry":{"type":"LineString","coordinates":[[139.7811,35.5533],[130.3022,33.1497]]},"properties":{"n":"東京〜佐賀","op":null,"mode":"air","pax":395695,"intl":false}},{"type":"Feature","geometry":{"type":"LineString","coordinates":[[130.3022,33.1497],[139.7811,35.5533]]},"properties":{"n":"佐賀〜東京","op":null,"mode":"air","pax":396306,"intl":false}},{"type":"Feature","geometry":{"type":"LineString","coordinates":[[139.7811,35.5533],[129.9136,32.9169]]},"properties":{"n":"東京〜長崎","op":null,"mode":"air","pax":1998323,"intl":false}},{"type":"Feature","geometry":{"type":"LineString","coordinates":[[129.9136,32.9169],[139.7811,35.5533]]},"properties":{"n":"長崎〜東京","op":null,"mode":"air","pax":1976499,"intl":false}},{"type":"Feature","geometry":{"type":"LineString","coordinates":[[139.7811,35.5533],[129.9136,32.9169]]},"properties":{"n":"東京〜長崎","op":null,"mode":"air","pax":415109,"intl":false}},{"type":"Feature","geometry":{"type":"LineString","coordinates":[[129.9136,32.9169],[139.7811,35.5533]]},"properties":{"n":"長崎〜東京","op":null,"mode":"air","pax":417637,"intl":false}},{"type":"Feature","geometry":{"type":"LineString","coordinates":[[139.7811,35.5533],[130.8553,32.8372]]},"properties":{"n":"東京〜熊本","op":null,"mode":"air","pax":2587289,"intl":false}},{"type":"Feature","geometry":{"type":"LineString","coordinates":[[130.8553,32.8372],[139.7811,35.5533]]},"properties":{"n":"熊本〜東京","op":null,"mode":"air","pax":2593715,"intl":false}},{"type":"Feature","geometry":{"type":"LineString","coordinates":[[139.7811,35.5533],[131.7372,33.4794]]},"properties":{"n":"東京〜大分","op":null,"mode":"air","pax":1580711,"intl":false}},{"type":"Feature","geometry":{"type":"LineString","coordinates":[[131.7372,33.4794],[139.7811,35.5533]]},"properties":{"n":"大分〜東京","op":null,"mode":"air","pax":1570442,"intl":false}},{"type":"Feature","geometry":{"type":"LineString","coordinates":[[139.7811,35.5533],[131.4486,31.8772]]},"properties":{"n":"東京〜宮崎","op":null,"mode":"air","pax":1870779,"intl":false}},{"type":"Feature","geometry":{"type":"LineString","coordinates":[[131.4486,31.8772],[139.7811,35.5533]]},"properties":{"n":"宮崎〜東京","op":null,"mode":"air","pax":1863674,"intl":false}},{"type":"Feature","geometry":{"type":"LineString","coordinates":[[139.7811,35.5533],[130.7194,31.8033]]},"properties":{"n":"東京〜鹿児島","op":null,"mode":"air","pax":3054497,"intl":false}},{"type":"Feature","geometry":{"type":"LineString","coordinates":[[130.7194,31.8033],[139.7811,35.5533]]},"properties":{"n":"鹿児島〜東京","op":null,"mode":"air","pax":3047235,"intl":false}},{"type":"Feature","geometry":{"type":"LineString","coordinates":[[139.7811,35.5533],[129.7125,28.4308]]},"properties":{"n":"東京〜奄美","op":null,"mode":"air","pax":100099,"intl":false}},{"type":"Feature","geometry":{"type":"LineString","coordinates":[[129.7125,28.4308],[139.7811,35.5533]]},"properties":{"n":"奄美〜東京","op":null,"mode":"air","pax":98901,"intl":false}},{"type":"Feature","geometry":{"type":"LineString","coordinates":[[139.7811,35.5533],[126.7139,26.3636]]},"properties":{"n":"東京〜久米島","op":null,"mode":"air","pax":10890,"intl":false}},{"type":"Feature","geometry":{"type":"LineString","coordinates":[[126.7139,26.3636],[139.7811,35.5533]]},"properties":{"n":"久米島〜東京","op":null,"mode":"air","pax":14122,"intl":false}},{"type":"Feature","geometry":{"type":"LineString","coordinates":[[139.7811,35.5533],[125.295,24.7828]]},"properties":{"n":"東京〜宮古","op":null,"mode":"air","pax":92364,"intl":false}},{"type":"Feature","geometry":{"type":"LineString","coordinates":[[125.295,24.7828],[139.7811,35.5533]]},"properties":{"n":"宮古〜東京","op":null,"mode":"air","pax":87252,"intl":false}},{"type":"Feature","geometry":{"type":"LineString","coordinates":[[139.7811,35.5533],[124.245,24.3964]]},"properties":{"n":"東京〜石垣","op":null,"mode":"air","pax":271106,"intl":false}},{"type":"Feature","geometry":{"type":"LineString","coordinates":[[124.245,24.3964],[139.7811,35.5533]]},"properties":{"n":"石垣〜東京","op":null,"mode":"air","pax":265032,"intl":false}},{"type":"Feature","geometry":{"type":"LineString","coordinates":[[139.7811,35.5533],[124.245,24.3964]]},"properties":{"n":"東京〜石垣","op":null,"mode":"air","pax":27704,"intl":false}},{"type":"Feature","geometry":{"type":"LineString","coordinates":[[124.245,24.3964],[139.7811,35.5533]]},"properties":{"n":"石垣〜東京","op":null,"mode":"air","pax":17744,"intl":false}},{"type":"Feature","geometry":{"type":"LineString","coordinates":[[140.3864,35.7647],[142.4475,43.6708]]},"properties":{"n":"成田〜旭川","op":null,"mode":"air","pax":123384,"intl":false}},{"type":"Feature","geometry":{"type":"LineString","coordinates":[[142.4475,43.6708],[140.3864,35.7647]]},"properties":{"n":"旭川〜成田","op":null,"mode":"air","pax":123194,"intl":false}},{"type":"Feature","geometry":{"type":"LineString","coordinates":[[140.3864,35.7647],[140.9169,38.1397]]},"properties":{"n":"成田〜仙台","op":null,"mode":"air","pax":129565,"intl":false}},{"type":"Feature","geometry":{"type":"LineString","coordinates":[[140.9169,38.1397],[140.3864,35.7647]]},"properties":{"n":"仙台〜成田","op":null,"mode":"air","pax":129265,"intl":false}},{"type":"Feature","geometry":{"type":"LineString","coordinates":[[140.3864,35.7647],[139.1117,37.9558]]},"properties":{"n":"成田〜新潟","op":null,"mode":"air","pax":37341,"intl":false}},{"type":"Feature","geometry":{"type":"LineString","coordinates":[[139.1117,37.9558],[140.3864,35.7647]]},"properties":{"n":"新潟〜成田","op":null,"mode":"air","pax":37067,"intl":false}},{"type":"Feature","geometry":{"type":"LineString","coordinates":[[140.3864,35.7647],[136.4075,36.3939]]},"properties":{"n":"成田〜金沢","op":null,"mode":"air","pax":72417,"intl":false}},{"type":"Feature","geometry":{"type":"LineString","coordinates":[[136.4075,36.3939],[140.3864,35.7647]]},"properties":{"n":"金沢〜成田","op":null,"mode":"air","pax":73075,"intl":false}},{"type":"Feature","geometry":{"type":"LineString","coordinates":[[140.3864,35.7647],[136.8053,34.8583]]},"properties":{"n":"成田〜中部","op":null,"mode":"air","pax":523293,"intl":false}},{"type":"Feature","geometry":{"type":"LineString","coordinates":[[136.8053,34.8583],[140.3864,35.7647]]},"properties":{"n":"中部〜成田","op":null,"mode":"air","pax":529783,"intl":false}},{"type":"Feature","geometry":{"type":"LineString","coordinates":[[140.3864,35.7647],[133.2364,35.4922]]},"properties":{"n":"成田〜米子","op":null,"mode":"air","pax":7163,"intl":false}},{"type":"Feature","geometry":{"type":"LineString","coordinates":[[133.2364,35.4922],[140.3864,35.7647]]},"properties":{"n":"米子〜成田","op":null,"mode":"air","pax":6134,"intl":false}},{"type":"Feature","geometry":{"type":"LineString","coordinates":[[140.3864,35.7647],[132.9194,34.4361]]},"properties":{"n":"成田〜広島","op":null,"mode":"air","pax":100334,"intl":false}},{"type":"Feature","geometry":{"type":"LineString","coordinates":[[132.9194,34.4361],[140.3864,35.7647]]},"properties":{"n":"広島〜成田","op":null,"mode":"air","pax":103314,"intl":false}},{"type":"Feature","geometry":{"type":"LineString","coordinates":[[140.3864,35.7647],[134.0156,34.2142]]},"properties":{"n":"成田〜高松","op":null,"mode":"air","pax":13929,"intl":false}},{"type":"Feature","geometry":{"type":"LineString","coordinates":[[134.0156,34.2142],[140.3864,35.7647]]},"properties":{"n":"高松〜成田","op":null,"mode":"air","pax":13418,"intl":false}},{"type":"Feature","geometry":{"type":"LineString","coordinates":[[140.3864,35.7647],[132.6997,33.8272]]},"properties":{"n":"成田〜松山","op":null,"mode":"air","pax":147074,"intl":false}},{"type":"Feature","geometry":{"type":"LineString","coordinates":[[132.6997,33.8272],[140.3864,35.7647]]},"properties":{"n":"松山〜成田","op":null,"mode":"air","pax":148284,"intl":false}},{"type":"Feature","geometry":{"type":"LineString","coordinates":[[140.3864,35.7647],[131.7372,33.4794]]},"properties":{"n":"成田〜大分","op":null,"mode":"air","pax":186711,"intl":false}},{"type":"Feature","geometry":{"type":"LineString","coordinates":[[131.7372,33.4794],[140.3864,35.7647]]},"properties":{"n":"大分〜成田","op":null,"mode":"air","pax":187693,"intl":false}},{"type":"Feature","geometry":{"type":"LineString","coordinates":[[140.3864,35.7647],[130.7194,31.8033]]},"properties":{"n":"成田〜鹿児島","op":null,"mode":"air","pax":108318,"intl":false}},{"type":"Feature","geometry":{"type":"LineString","coordinates":[[130.7194,31.8033],[140.3864,35.7647]]},"properties":{"n":"鹿児島〜成田","op":null,"mode":"air","pax":109648,"intl":false}},{"type":"Feature","geometry":{"type":"LineString","coordinates":[[140.3864,35.7647],[124.245,24.3964]]},"properties":{"n":"成田〜石垣","op":null,"mode":"air","pax":39851,"intl":false}},{"type":"Feature","geometry":{"type":"LineString","coordinates":[[124.245,24.3964],[140.3864,35.7647]]},"properties":{"n":"石垣〜成田","op":null,"mode":"air","pax":40771,"intl":false}},{"type":"Feature","geometry":{"type":"LineString","coordinates":[[135.4392,34.7844],[144.1931,43.0408]]},"properties":{"n":"大阪〜釧路","op":null,"mode":"air","pax":14558,"intl":false}},{"type":"Feature","geometry":{"type":"LineString","coordinates":[[144.1931,43.0408],[135.4392,34.7844]]},"properties":{"n":"釧路〜大阪","op":null,"mode":"air","pax":12402,"intl":false}},{"type":"Feature","geometry":{"type":"LineString","coordinates":[[135.4392,34.7844],[140.8219,41.77]]},"properties":{"n":"大阪〜函館","op":null,"mode":"air","pax":26076,"intl":false}},{"type":"Feature","geometry":{"type":"LineString","coordinates":[[140.8219,41.77],[135.4392,34.7844]]},"properties":{"n":"函館〜大阪","op":null,"mode":"air","pax":25147,"intl":false}},{"type":"Feature","geometry":{"type":"LineString","coordinates":[[135.4392,34.7844],[142.4475,43.6708]]},"properties":{"n":"大阪〜旭川","op":null,"mode":"air","pax":9414,"intl":false}},{"type":"Feature","geometry":{"type":"LineString","coordinates":[[142.4475,43.6708],[135.4392,34.7844]]},"properties":{"n":"旭川〜大阪","op":null,"mode":"air","pax":7259,"intl":false}},{"type":"Feature","geometry":{"type":"LineString","coordinates":[[135.4392,34.7844],[140.6886,40.7333]]},"properties":{"n":"大阪〜青森","op":null,"mode":"air","pax":125532,"intl":false}},{"type":"Feature","geometry":{"type":"LineString","coordinates":[[140.6886,40.7333],[135.4392,34.7844]]},"properties":{"n":"青森〜大阪","op":null,"mode":"air","pax":124736,"intl":false}},{"type":"Feature","geometry":{"type":"LineString","coordinates":[[135.4392,34.7844],[141.3694,40.7053]]},"properties":{"n":"大阪〜三沢","op":null,"mode":"air","pax":35909,"intl":false}},{"type":"Feature","geometry":{"type":"LineString","coordinates":[[141.3694,40.7053],[135.4392,34.7844]]},"properties":{"n":"三沢〜大阪","op":null,"mode":"air","pax":32056,"intl":false}},{"type":"Feature","geometry":{"type":"LineString","coordinates":[[135.4392,34.7844],[141.1353,39.4286]]},"properties":{"n":"大阪〜花巻","op":null,"mode":"air","pax":168191,"intl":false}},{"type":"Feature","geometry":{"type":"LineString","coordinates":[[141.1353,39.4286],[135.4392,34.7844]]},"properties":{"n":"花巻〜大阪","op":null,"mode":"air","pax":165090,"intl":false}},{"type":"Feature","geometry":{"type":"LineString","coordinates":[[135.4392,34.7844],[140.9169,38.1397]]},"properties":{"n":"大阪〜仙台","op":null,"mode":"air","pax":1310771,"intl":false}},{"type":"Feature","geometry":{"type":"LineString","coordinates":[[140.9169,38.1397],[135.4392,34.7844]]},"properties":{"n":"仙台〜大阪","op":null,"mode":"air","pax":1305757,"intl":false}},{"type":"Feature","geometry":{"type":"LineString","coordinates":[[135.4392,34.7844],[140.2186,39.6156]]},"properties":{"n":"大阪〜秋田","op":null,"mode":"air","pax":204011,"intl":false}},{"type":"Feature","geometry":{"type":"LineString","coordinates":[[140.2186,39.6156],[135.4392,34.7844]]},"properties":{"n":"秋田〜大阪","op":null,"mode":"air","pax":207490,"intl":false}},{"type":"Feature","geometry":{"type":"LineString","coordinates":[[135.4392,34.7844],[140.3711,38.4119]]},"properties":{"n":"大阪〜山形","op":null,"mode":"air","pax":104712,"intl":false}},{"type":"Feature","geometry":{"type":"LineString","coordinates":[[140.3711,38.4119],[135.4392,34.7844]]},"properties":{"n":"山形〜大阪","op":null,"mode":"air","pax":105101,"intl":false}},{"type":"Feature","geometry":{"type":"LineString","coordinates":[[135.4392,34.7844],[140.4281,37.2275]]},"properties":{"n":"大阪〜福島","op":null,"mode":"air","pax":160943,"intl":false}},{"type":"Feature","geometry":{"type":"LineString","coordinates":[[140.4281,37.2275],[135.4392,34.7844]]},"properties":{"n":"福島〜大阪","op":null,"mode":"air","pax":162172,"intl":false}},{"type":"Feature","geometry":{"type":"LineString","coordinates":[[135.4392,34.7844],[139.1117,37.9558]]},"properties":{"n":"大阪〜新潟","op":null,"mode":"air","pax":491358,"intl":false}},{"type":"Feature","geometry":{"type":"LineString","coordinates":[[139.1117,37.9558],[135.4392,34.7844]]},"properties":{"n":"新潟〜大阪","op":null,"mode":"air","pax":489694,"intl":false}},{"type":"Feature","geometry":{"type":"LineString","coordinates":[[135.4392,34.7844],[134.7869,35.5128]]},"properties":{"n":"大阪〜但馬","op":null,"mode":"air","pax":36705,"intl":false}},{"type":"Feature","geometry":{"type":"LineString","coordinates":[[134.7869,35.5128],[135.4392,34.7844]]},"properties":{"n":"但馬〜大阪","op":null,"mode":"air","pax":35931,"intl":false}},{"type":"Feature","geometry":{"type":"LineString","coordinates":[[135.4392,34.7844],[133.3233,36.1783]]},"properties":{"n":"大阪〜隠岐","op":null,"mode":"air","pax":46750,"intl":false}},{"type":"Feature","geometry":{"type":"LineString","coordinates":[[133.3233,36.1783],[135.4392,34.7844]]},"properties":{"n":"隠岐〜大阪","op":null,"mode":"air","pax":46957,"intl":false}},{"type":"Feature","geometry":{"type":"LineString","coordinates":[[135.4392,34.7844],[132.89,35.4136]]},"properties":{"n":"大阪〜出雲","op":null,"mode":"air","pax":170948,"intl":false}},{"type":"Feature","geometry":{"type":"LineString","coordinates":[[132.89,35.4136],[135.4392,34.7844]]},"properties":{"n":"出雲〜大阪","op":null,"mode":"air","pax":170402,"intl":false}},{"type":"Feature","geometry":{"type":"LineString","coordinates":[[135.4392,34.7844],[131.7903,34.6764]]},"properties":{"n":"大阪〜石見","op":null,"mode":"air","pax":6323,"intl":false}},{"type":"Feature","geometry":{"type":"LineString","coordinates":[[131.7903,34.6764],[135.4392,34.7844]]},"properties":{"n":"石見〜大阪","op":null,"mode":"air","pax":6122,"intl":false}},{"type":"Feature","geometry":{"type":"LineString","coordinates":[[135.4392,34.7844],[132.6997,33.8272]]},"properties":{"n":"大阪〜松山","op":null,"mode":"air","pax":691824,"intl":false}},{"type":"Feature","geometry":{"type":"LineString","coordinates":[[132.6997,33.8272],[135.4392,34.7844]]},"properties":{"n":"松山〜大阪","op":null,"mode":"air","pax":688955,"intl":false}},{"type":"Feature","geometry":{"type":"LineString","coordinates":[[135.4392,34.7844],[133.6694,33.5461]]},"properties":{"n":"大阪〜高知","op":null,"mode":"air","pax":409995,"intl":false}},{"type":"Feature","geometry":{"type":"LineString","coordinates":[[133.6694,33.5461],[135.4392,34.7844]]},"properties":{"n":"高知〜大阪","op":null,"mode":"air","pax":409020,"intl":false}},{"type":"Feature","geometry":{"type":"LineString","coordinates":[[135.4392,34.7844],[129.9136,32.9169]]},"properties":{"n":"大阪〜長崎","op":null,"mode":"air","pax":397526,"intl":false}},{"type":"Feature","geometry":{"type":"LineString","coordinates":[[129.9136,32.9169],[135.4392,34.7844]]},"properties":{"n":"長崎〜大阪","op":null,"mode":"air","pax":395226,"intl":false}},{"type":"Feature","geometry":{"type":"LineString","coordinates":[[135.4392,34.7844],[130.8553,32.8372]]},"properties":{"n":"大阪〜熊本","op":null,"mode":"air","pax":557229,"intl":false}},{"type":"Feature","geometry":{"type":"LineString","coordinates":[[130.8553,32.8372],[135.4392,34.7844]]},"properties":{"n":"熊本〜大阪","op":null,"mode":"air","pax":571567,"intl":false}},{"type":"Feature","geometry":{"type":"LineString","coordinates":[[135.4392,34.7844],[131.7372,33.4794]]},"properties":{"n":"大阪〜大分","op":null,"mode":"air","pax":265247,"intl":false}},{"type":"Feature","geometry":{"type":"LineString","coordinates":[[131.7372,33.4794],[135.4392,34.7844]]},"properties":{"n":"大分〜大阪","op":null,"mode":"air","pax":263611,"intl":false}},{"type":"Feature","geometry":{"type":"LineString","coordinates":[[135.4392,34.7844],[131.4486,31.8772]]},"properties":{"n":"大阪〜宮崎","op":null,"mode":"air","pax":718687,"intl":false}},{"type":"Feature","geometry":{"type":"LineString","coordinates":[[131.4486,31.8772],[135.4392,34.7844]]},"properties":{"n":"宮崎〜大阪","op":null,"mode":"air","pax":704595,"intl":false}},{"type":"Feature","geometry":{"type":"LineString","coordinates":[[135.4392,34.7844],[130.7194,31.8033]]},"properties":{"n":"大阪〜鹿児島","op":null,"mode":"air","pax":943345,"intl":false}},{"type":"Feature","geometry":{"type":"LineString","coordinates":[[130.7194,31.8033],[135.4392,34.7844]]},"properties":{"n":"鹿児島〜大阪","op":null,"mode":"air","pax":943758,"intl":false}},{"type":"Feature","geometry":{"type":"LineString","coordinates":[[135.4392,34.7844],[130.9917,30.605]]},"properties":{"n":"大阪〜種子島","op":null,"mode":"air","pax":4969,"intl":false}},{"type":"Feature","geometry":{"type":"LineString","coordinates":[[130.9917,30.605],[135.4392,34.7844]]},"properties":{"n":"種子島〜大阪","op":null,"mode":"air","pax":5012,"intl":false}},{"type":"Feature","geometry":{"type":"LineString","coordinates":[[135.4392,34.7844],[130.6592,30.3856]]},"properties":{"n":"大阪〜屋久島","op":null,"mode":"air","pax":44459,"intl":false}},{"type":"Feature","geometry":{"type":"LineString","coordinates":[[130.6592,30.3856],[135.4392,34.7844]]},"properties":{"n":"屋久島〜大阪","op":null,"mode":"air","pax":42895,"intl":false}},{"type":"Feature","geometry":{"type":"LineString","coordinates":[[135.4392,34.7844],[129.7125,28.4308]]},"properties":{"n":"大阪〜奄美","op":null,"mode":"air","pax":108618,"intl":false}},{"type":"Feature","geometry":{"type":"LineString","coordinates":[[129.7125,28.4308],[135.4392,34.7844]]},"properties":{"n":"奄美〜大阪","op":null,"mode":"air","pax":108427,"intl":false}},{"type":"Feature","geometry":{"type":"LineString","coordinates":[[135.2328,34.4342],[140.8219,41.77]]},"properties":{"n":"関西〜函館","op":null,"mode":"air","pax":117405,"intl":false}},{"type":"Feature","geometry":{"type":"LineString","coordinates":[[140.8219,41.77],[135.2328,34.4342]]},"properties":{"n":"函館〜関西","op":null,"mode":"air","pax":116308,"intl":false}},{"type":"Feature","geometry":{"type":"LineString","coordinates":[[135.2328,34.4342],[142.4475,43.6708]]},"properties":{"n":"関西〜旭川","op":null,"mode":"air","pax":25194,"intl":false}},{"type":"Feature","geometry":{"type":"LineString","coordinates":[[142.4475,43.6708],[135.2328,34.4342]]},"properties":{"n":"旭川〜関西","op":null,"mode":"air","pax":32206,"intl":false}},{"type":"Feature","geometry":{"type":"LineString","coordinates":[[135.2328,34.4342],[144.1641,43.8806]]},"properties":{"n":"関西〜女満別","op":null,"mode":"air","pax":35138,"intl":false}},{"type":"Feature","geometry":{"type":"LineString","coordinates":[[144.1641,43.8806],[135.2328,34.4342]]},"properties":{"n":"女満別〜関西","op":null,"mode":"air","pax":30641,"intl":false}},{"type":"Feature","geometry":{"type":"LineString","coordinates":[[135.2328,34.4342],[140.9169,38.1397]]},"properties":{"n":"関西〜仙台","op":null,"mode":"air","pax":198787,"intl":false}},{"type":"Feature","geometry":{"type":"LineString","coordinates":[[140.9169,38.1397],[135.2328,34.4342]]},"properties":{"n":"仙台〜関西","op":null,"mode":"air","pax":199120,"intl":false}},{"type":"Feature","geometry":{"type":"LineString","coordinates":[[135.2328,34.4342],[132.6997,33.8272]]},"properties":{"n":"関西〜松山","op":null,"mode":"air","pax":0,"intl":false}},{"type":"Feature","geometry":{"type":"LineString","coordinates":[[132.6997,33.8272],[135.2328,34.4342]]},"properties":{"n":"松山〜関西","op":null,"mode":"air","pax":0,"intl":false}},{"type":"Feature","geometry":{"type":"LineString","coordinates":[[135.2328,34.4342],[129.9136,32.9169]]},"properties":{"n":"関西〜長崎","op":null,"mode":"air","pax":158417,"intl":false}},{"type":"Feature","geometry":{"type":"LineString","coordinates":[[129.9136,32.9169],[135.2328,34.4342]]},"properties":{"n":"長崎〜関西","op":null,"mode":"air","pax":162425,"intl":false}},{"type":"Feature","geometry":{"type":"LineString","coordinates":[[135.2328,34.4342],[130.3022,33.1497]]},"properties":{"n":"関西〜佐賀","op":null,"mode":"air","pax":0,"intl":false}},{"type":"Feature","geometry":{"type":"LineString","coordinates":[[130.3022,33.1497],[135.2328,34.4342]]},"properties":{"n":"佐賀〜関西","op":null,"mode":"air","pax":0,"intl":false}},{"type":"Feature","geometry":{"type":"LineString","coordinates":[[135.2328,34.4342],[130.7194,31.8033]]},"properties":{"n":"関西〜鹿児島","op":null,"mode":"air","pax":338759,"intl":false}},{"type":"Feature","geometry":{"type":"LineString","coordinates":[[130.7194,31.8033],[135.2328,34.4342]]},"properties":{"n":"鹿児島〜関西","op":null,"mode":"air","pax":341340,"intl":false}},{"type":"Feature","geometry":{"type":"LineString","coordinates":[[135.2328,34.4342],[124.245,24.3964]]},"properties":{"n":"関西〜石垣","op":null,"mode":"air","pax":236541,"intl":false}},{"type":"Feature","geometry":{"type":"LineString","coordinates":[[124.245,24.3964],[135.2328,34.4342]]},"properties":{"n":"石垣〜関西","op":null,"mode":"air","pax":222521,"intl":false}},{"type":"Feature","geometry":{"type":"LineString","coordinates":[[135.2328,34.4342],[124.245,24.3964]]},"properties":{"n":"関西〜石垣","op":null,"mode":"air","pax":12769,"intl":false}},{"type":"Feature","geometry":{"type":"LineString","coordinates":[[124.245,24.3964],[135.2328,34.4342]]},"properties":{"n":"石垣〜関西","op":null,"mode":"air","pax":19017,"intl":false}},{"type":"Feature","geometry":{"type":"LineString","coordinates":[[141.6925,42.7753],[141.8008,45.4042]]},"properties":{"n":"新千歳〜稚内","op":null,"mode":"air","pax":82211,"intl":false}},{"type":"Feature","geometry":{"type":"LineString","coordinates":[[141.8008,45.4042],[141.6925,42.7753]]},"properties":{"n":"稚内〜新千歳","op":null,"mode":"air","pax":82911,"intl":false}},{"type":"Feature","geometry":{"type":"LineString","coordinates":[[141.6925,42.7753],[144.1931,43.0408]]},"properties":{"n":"新千歳〜釧路","op":null,"mode":"air","pax":156501,"intl":false}},{"type":"Feature","geometry":{"type":"LineString","coordinates":[[144.1931,43.0408],[141.6925,42.7753]]},"properties":{"n":"釧路〜新千歳","op":null,"mode":"air","pax":159496,"intl":false}},{"type":"Feature","geometry":{"type":"LineString","coordinates":[[141.6925,42.7753],[140.8219,41.77]]},"properties":{"n":"新千歳〜函館","op":null,"mode":"air","pax":80745,"intl":false}},{"type":"Feature","geometry":{"type":"LineString","coordinates":[[140.8219,41.77],[141.6925,42.7753]]},"properties":{"n":"函館〜新千歳","op":null,"mode":"air","pax":80419,"intl":false}},{"type":"Feature","geometry":{"type":"LineString","coordinates":[[141.6925,42.7753],[141.1875,45.2419]]},"properties":{"n":"新千歳〜利尻","op":null,"mode":"air","pax":24908,"intl":false}},{"type":"Feature","geometry":{"type":"LineString","coordinates":[[141.1875,45.2419],[141.6925,42.7753]]},"properties":{"n":"利尻〜新千歳","op":null,"mode":"air","pax":23359,"intl":false}},{"type":"Feature","geometry":{"type":"LineString","coordinates":[[141.6925,42.7753],[144.96,43.5775]]},"properties":{"n":"新千歳〜中標津","op":null,"mode":"air","pax":136329,"intl":false}},{"type":"Feature","geometry":{"type":"LineString","coordinates":[[144.96,43.5775],[141.6925,42.7753]]},"properties":{"n":"中標津〜新千歳","op":null,"mode":"air","pax":136826,"intl":false}},{"type":"Feature","geometry":{"type":"LineString","coordinates":[[141.6925,42.7753],[143.4042,44.3042]]},"properties":{"n":"新千歳〜紋別","op":null,"mode":"air","pax":21665,"intl":false}},{"type":"Feature","geometry":{"type":"LineString","coordinates":[[143.4042,44.3042],[141.6925,42.7753]]},"properties":{"n":"紋別〜新千歳","op":null,"mode":"air","pax":19785,"intl":false}},{"type":"Feature","geometry":{"type":"LineString","coordinates":[[141.6925,42.7753],[144.1641,43.8806]]},"properties":{"n":"新千歳〜女満別","op":null,"mode":"air","pax":237469,"intl":false}},{"type":"Feature","geometry":{"type":"LineString","coordinates":[[144.1641,43.8806],[141.6925,42.7753]]},"properties":{"n":"女満別〜新千歳","op":null,"mode":"air","pax":235980,"intl":false}},{"type":"Feature","geometry":{"type":"LineString","coordinates":[[141.6925,42.7753],[140.6886,40.7333]]},"properties":{"n":"新千歳〜青森","op":null,"mode":"air","pax":113471,"intl":false}},{"type":"Feature","geometry":{"type":"LineString","coordinates":[[140.6886,40.7333],[141.6925,42.7753]]},"properties":{"n":"青森〜新千歳","op":null,"mode":"air","pax":111553,"intl":false}},{"type":"Feature","geometry":{"type":"LineString","coordinates":[[141.6925,42.7753],[141.1353,39.4286]]},"properties":{"n":"新千歳〜花巻","op":null,"mode":"air","pax":116923,"intl":false}},{"type":"Feature","geometry":{"type":"LineString","coordinates":[[141.1353,39.4286],[141.6925,42.7753]]},"properties":{"n":"花巻〜新千歳","op":null,"mode":"air","pax":117713,"intl":false}},{"type":"Feature","geometry":{"type":"LineString","coordinates":[[141.6925,42.7753],[140.2186,39.6156]]},"properties":{"n":"新千歳〜秋田","op":null,"mode":"air","pax":141629,"intl":false}},{"type":"Feature","geometry":{"type":"LineString","coordinates":[[140.2186,39.6156],[141.6925,42.7753]]},"properties":{"n":"秋田〜新千歳","op":null,"mode":"air","pax":141708,"intl":false}},{"type":"Feature","geometry":{"type":"LineString","coordinates":[[141.6925,42.7753],[140.4156,36.1811]]},"properties":{"n":"新千歳〜茨城","op":null,"mode":"air","pax":164949,"intl":false}},{"type":"Feature","geometry":{"type":"LineString","coordinates":[[140.4156,36.1811],[141.6925,42.7753]]},"properties":{"n":"茨城〜新千歳","op":null,"mode":"air","pax":165111,"intl":false}},{"type":"Feature","geometry":{"type":"LineString","coordinates":[[141.6925,42.7753],[137.9228,36.1667]]},"properties":{"n":"新千歳〜松本","op":null,"mode":"air","pax":48234,"intl":false}},{"type":"Feature","geometry":{"type":"LineString","coordinates":[[137.9228,36.1667],[141.6925,42.7753]]},"properties":{"n":"松本〜新千歳","op":null,"mode":"air","pax":48629,"intl":false}},{"type":"Feature","geometry":{"type":"LineString","coordinates":[[141.3814,43.1175],[141.1875,45.2419]]},"properties":{"n":"丘珠〜利尻","op":null,"mode":"air","pax":21088,"intl":false}},{"type":"Feature","geometry":{"type":"LineString","coordinates":[[141.1875,45.2419],[141.3814,43.1175]]},"properties":{"n":"利尻〜丘珠","op":null,"mode":"air","pax":21091,"intl":false}},{"type":"Feature","geometry":{"type":"LineString","coordinates":[[141.3814,43.1175],[144.1931,43.0408]]},"properties":{"n":"丘珠〜釧路","op":null,"mode":"air","pax":62778,"intl":false}},{"type":"Feature","geometry":{"type":"LineString","coordinates":[[144.1931,43.0408],[141.3814,43.1175]]},"properties":{"n":"釧路〜丘珠","op":null,"mode":"air","pax":62968,"intl":false}},{"type":"Feature","geometry":{"type":"LineString","coordinates":[[141.3814,43.1175],[140.8219,41.77]]},"properties":{"n":"丘珠〜函館","op":null,"mode":"air","pax":98180,"intl":false}},{"type":"Feature","geometry":{"type":"LineString","coordinates":[[140.8219,41.77],[141.3814,43.1175]]},"properties":{"n":"函館〜丘珠","op":null,"mode":"air","pax":98007,"intl":false}},{"type":"Feature","geometry":{"type":"LineString","coordinates":[[141.3814,43.1175],[141.3694,40.7053]]},"properties":{"n":"丘珠〜三沢","op":null,"mode":"air","pax":10739,"intl":false}},{"type":"Feature","geometry":{"type":"LineString","coordinates":[[141.3694,40.7053],[141.3814,43.1175]]},"properties":{"n":"三沢〜丘珠","op":null,"mode":"air","pax":11000,"intl":false}},{"type":"Feature","geometry":{"type":"LineString","coordinates":[[141.3814,43.1175],[141.3694,40.7053]]},"properties":{"n":"丘珠〜三沢","op":null,"mode":"air","pax":8735,"intl":false}},{"type":"Feature","geometry":{"type":"LineString","coordinates":[[141.3694,40.7053],[141.3814,43.1175]]},"properties":{"n":"三沢〜丘珠","op":null,"mode":"air","pax":8506,"intl":false}},{"type":"Feature","geometry":{"type":"LineString","coordinates":[[140.8219,41.77],[142.4475,43.6708]]},"properties":{"n":"函館〜旭川","op":null,"mode":"air","pax":630,"intl":false}},{"type":"Feature","geometry":{"type":"LineString","coordinates":[[142.4475,43.6708],[140.8219,41.77]]},"properties":{"n":"旭川〜函館","op":null,"mode":"air","pax":628,"intl":false}},{"type":"Feature","geometry":{"type":"LineString","coordinates":[[140.8219,41.77],[139.4328,42.0717]]},"properties":{"n":"函館〜奥尻","op":null,"mode":"air","pax":17355,"intl":false}},{"type":"Feature","geometry":{"type":"LineString","coordinates":[[139.4328,42.0717],[140.8219,41.77]]},"properties":{"n":"奥尻〜函館","op":null,"mode":"air","pax":17107,"intl":false}},{"type":"Feature","geometry":{"type":"LineString","coordinates":[[140.9169,38.1397],[141.6925,42.7753]]},"properties":{"n":"仙台〜新千歳","op":null,"mode":"air","pax":995185,"intl":false}},{"type":"Feature","geometry":{"type":"LineString","coordinates":[[141.6925,42.7753],[140.9169,38.1397]]},"properties":{"n":"新千歳〜仙台","op":null,"mode":"air","pax":996400,"intl":false}},{"type":"Feature","geometry":{"type":"LineString","coordinates":[[140.9169,38.1397],[132.9194,34.4361]]},"properties":{"n":"仙台〜広島","op":null,"mode":"air","pax":70881,"intl":false}},{"type":"Feature","geometry":{"type":"LineString","coordinates":[[132.9194,34.4361],[140.9169,38.1397]]},"properties":{"n":"広島〜仙台","op":null,"mode":"air","pax":72704,"intl":false}},{"type":"Feature","geometry":{"type":"LineString","coordinates":[[140.9169,38.1397],[127.6458,26.1958]]},"properties":{"n":"仙台〜那覇","op":null,"mode":"air","pax":169182,"intl":false}},{"type":"Feature","geometry":{"type":"LineString","coordinates":[[127.6458,26.1958],[140.9169,38.1397]]},"properties":{"n":"那覇〜仙台","op":null,"mode":"air","pax":168609,"intl":false}},{"type":"Feature","geometry":{"type":"LineString","coordinates":[[140.4281,37.2275],[141.6925,42.7753]]},"properties":{"n":"福島〜新千歳","op":null,"mode":"air","pax":141383,"intl":false}},{"type":"Feature","geometry":{"type":"LineString","coordinates":[[141.6925,42.7753],[140.4281,37.2275]]},"properties":{"n":"新千歳〜福島","op":null,"mode":"air","pax":142497,"intl":false}},{"type":"Feature","geometry":{"type":"LineString","coordinates":[[140.4156,36.1811],[133.2364,35.4922]]},"properties":{"n":"茨城〜米子","op":null,"mode":"air","pax":4377,"intl":false}},{"type":"Feature","geometry":{"type":"LineString","coordinates":[[133.2364,35.4922],[140.4156,36.1811]]},"properties":{"n":"米子〜茨城","op":null,"mode":"air","pax":4189,"intl":false}},{"type":"Feature","geometry":{"type":"LineString","coordinates":[[139.3603,34.7819],[139.5281,35.6717]]},"properties":{"n":"大島〜調布","op":null,"mode":"air","pax":30441,"intl":false}},{"type":"Feature","geometry":{"type":"LineString","coordinates":[[139.5281,35.6717],[139.3603,34.7819]]},"properties":{"n":"調布〜大島","op":null,"mode":"air","pax":28316,"intl":false}},{"type":"Feature","geometry":{"type":"LineString","coordinates":[[139.3603,34.7819],[139.2734,34.5307]]},"properties":{"n":"大島〜利島","op":null,"mode":"air","pax":4108,"intl":false}},{"type":"Feature","geometry":{"type":"LineString","coordinates":[[139.2734,34.5307],[139.3603,34.7819]]},"properties":{"n":"利島〜大島","op":null,"mode":"air","pax":4297,"intl":false}},{"type":"Feature","geometry":{"type":"LineString","coordinates":[[139.5603,34.0736],[139.3603,34.7819]]},"properties":{"n":"三宅島〜大島","op":null,"mode":"air","pax":5319,"intl":false}},{"type":"Feature","geometry":{"type":"LineString","coordinates":[[139.3603,34.7819],[139.5603,34.0736]]},"properties":{"n":"大島〜三宅島","op":null,"mode":"air","pax":4058,"intl":false}},{"type":"Feature","geometry":{"type":"LineString","coordinates":[[139.5603,34.0736],[139.5951,33.898]]},"properties":{"n":"三宅島〜御蔵島","op":null,"mode":"air","pax":4662,"intl":false}},{"type":"Feature","geometry":{"type":"LineString","coordinates":[[139.5951,33.898],[139.5603,34.0736]]},"properties":{"n":"御蔵島〜三宅島","op":null,"mode":"air","pax":5212,"intl":false}},{"type":"Feature","geometry":{"type":"LineString","coordinates":[[139.7858,33.115],[139.7603,32.4679]]},"properties":{"n":"八丈島〜青ヶ島","op":null,"mode":"air","pax":5698,"intl":false}},{"type":"Feature","geometry":{"type":"LineString","coordinates":[[139.7603,32.4679],[139.7858,33.115]]},"properties":{"n":"青ヶ島〜八丈島","op":null,"mode":"air","pax":5666,"intl":false}},{"type":"Feature","geometry":{"type":"LineString","coordinates":[[139.7858,33.115],[139.5951,33.898]]},"properties":{"n":"八丈島〜御蔵島","op":null,"mode":"air","pax":4526,"intl":false}},{"type":"Feature","geometry":{"type":"LineString","coordinates":[[139.5951,33.898],[139.7858,33.115]]},"properties":{"n":"御蔵島〜八丈島","op":null,"mode":"air","pax":4420,"intl":false}},{"type":"Feature","geometry":{"type":"LineString","coordinates":[[139.5281,35.6717],[139.1336,34.1894]]},"properties":{"n":"調布〜神津島","op":null,"mode":"air","pax":26795,"intl":false}},{"type":"Feature","geometry":{"type":"LineString","coordinates":[[139.1336,34.1894],[139.5281,35.6717]]},"properties":{"n":"神津島〜調布","op":null,"mode":"air","pax":28684,"intl":false}},{"type":"Feature","geometry":{"type":"LineString","coordinates":[[139.2686,34.3694],[139.5281,35.6717]]},"properties":{"n":"新島〜調布","op":null,"mode":"air","pax":40935,"intl":false}},{"type":"Feature","geometry":{"type":"LineString","coordinates":[[139.5281,35.6717],[139.2686,34.3694]]},"properties":{"n":"調布〜新島","op":null,"mode":"air","pax":39844,"intl":false}},{"type":"Feature","geometry":{"type":"LineString","coordinates":[[139.1117,37.9558],[141.6925,42.7753]]},"properties":{"n":"新潟〜新千歳","op":null,"mode":"air","pax":243599,"intl":false}},{"type":"Feature","geometry":{"type":"LineString","coordinates":[[141.6925,42.7753],[139.1117,37.9558]]},"properties":{"n":"新千歳〜新潟","op":null,"mode":"air","pax":244643,"intl":false}},{"type":"Feature","geometry":{"type":"LineString","coordinates":[[139.1117,37.9558],[127.6458,26.1958]]},"properties":{"n":"新潟〜那覇","op":null,"mode":"air","pax":50812,"intl":false}},{"type":"Feature","geometry":{"type":"LineString","coordinates":[[127.6458,26.1958],[139.1117,37.9558]]},"properties":{"n":"那覇〜新潟","op":null,"mode":"air","pax":50966,"intl":false}},{"type":"Feature","geometry":{"type":"LineString","coordinates":[[137.1875,36.6483],[141.6925,42.7753]]},"properties":{"n":"富山〜新千歳","op":null,"mode":"air","pax":72471,"intl":false}},{"type":"Feature","geometry":{"type":"LineString","coordinates":[[141.6925,42.7753],[137.1875,36.6483]]},"properties":{"n":"新千歳〜富山","op":null,"mode":"air","pax":74603,"intl":false}},{"type":"Feature","geometry":{"type":"LineString","coordinates":[[136.4075,36.3939],[141.6925,42.7753]]},"properties":{"n":"金沢〜新千歳","op":null,"mode":"air","pax":78673,"intl":false}},{"type":"Feature","geometry":{"type":"LineString","coordinates":[[141.6925,42.7753],[136.4075,36.3939]]},"properties":{"n":"新千歳〜金沢","op":null,"mode":"air","pax":78485,"intl":false}},{"type":"Feature","geometry":{"type":"LineString","coordinates":[[136.4075,36.3939],[140.9169,38.1397]]},"properties":{"n":"金沢〜仙台","op":null,"mode":"air","pax":53824,"intl":false}},{"type":"Feature","geometry":{"type":"LineString","coordinates":[[140.9169,38.1397],[136.4075,36.3939]]},"properties":{"n":"仙台〜金沢","op":null,"mode":"air","pax":53198,"intl":false}},{"type":"Feature","geometry":{"type":"LineString","coordinates":[[138.1894,34.7961],[141.6925,42.7753]]},"properties":{"n":"静岡〜新千歳","op":null,"mode":"air","pax":104873,"intl":false}},{"type":"Feature","geometry":{"type":"LineString","coordinates":[[141.6925,42.7753],[138.1894,34.7961]]},"properties":{"n":"新千歳〜静岡","op":null,"mode":"air","pax":104777,"intl":false}},{"type":"Feature","geometry":{"type":"LineString","coordinates":[[138.1894,34.7961],[130.4517,33.5844]]},"properties":{"n":"静岡〜福岡","op":null,"mode":"air","pax":136879,"intl":false}},{"type":"Feature","geometry":{"type":"LineString","coordinates":[[130.4517,33.5844],[138.1894,34.7961]]},"properties":{"n":"福岡〜静岡","op":null,"mode":"air","pax":137595,"intl":false}},{"type":"Feature","geometry":{"type":"LineString","coordinates":[[138.1894,34.7961],[130.7194,31.8033]]},"properties":{"n":"静岡〜鹿児島","op":null,"mode":"air","pax":31085,"intl":false}},{"type":"Feature","geometry":{"type":"LineString","coordinates":[[130.7194,31.8033],[138.1894,34.7961]]},"properties":{"n":"鹿児島〜静岡","op":null,"mode":"air","pax":30342,"intl":false}},{"type":"Feature","geometry":{"type":"LineString","coordinates":[[138.1894,34.7961],[127.6458,26.1958]]},"properties":{"n":"静岡〜那覇","op":null,"mode":"air","pax":94128,"intl":false}},{"type":"Feature","geometry":{"type":"LineString","coordinates":[[127.6458,26.1958],[138.1894,34.7961]]},"properties":{"n":"那覇〜静岡","op":null,"mode":"air","pax":95922,"intl":false}},{"type":"Feature","geometry":{"type":"LineString","coordinates":[[136.9244,35.255],[140.6886,40.7333]]},"properties":{"n":"名古屋〜青森","op":null,"mode":"air","pax":106916,"intl":false}},{"type":"Feature","geometry":{"type":"LineString","coordinates":[[140.6886,40.7333],[136.9244,35.255]]},"properties":{"n":"青森〜名古屋","op":null,"mode":"air","pax":104751,"intl":false}},{"type":"Feature","geometry":{"type":"LineString","coordinates":[[136.9244,35.255],[141.1353,39.4286]]},"properties":{"n":"名古屋〜花巻","op":null,"mode":"air","pax":126219,"intl":false}},{"type":"Feature","geometry":{"type":"LineString","coordinates":[[141.1353,39.4286],[136.9244,35.255]]},"properties":{"n":"花巻〜名古屋","op":null,"mode":"air","pax":127973,"intl":false}},{"type":"Feature","geometry":{"type":"LineString","coordinates":[[136.9244,35.255],[140.3711,38.4119]]},"properties":{"n":"名古屋〜山形","op":null,"mode":"air","pax":0,"intl":false}},{"type":"Feature","geometry":{"type":"LineString","coordinates":[[140.3711,38.4119],[136.9244,35.255]]},"properties":{"n":"山形〜名古屋","op":null,"mode":"air","pax":0,"intl":false}},{"type":"Feature","geometry":{"type":"LineString","coordinates":[[136.9244,35.255],[139.1117,37.9558]]},"properties":{"n":"名古屋〜新潟","op":null,"mode":"air","pax":49916,"intl":false}},{"type":"Feature","geometry":{"type":"LineString","coordinates":[[139.1117,37.9558],[136.9244,35.255]]},"properties":{"n":"新潟〜名古屋","op":null,"mode":"air","pax":45900,"intl":false}},{"type":"Feature","geometry":{"type":"LineString","coordinates":[[136.9244,35.255],[133.6694,33.5461]]},"properties":{"n":"名古屋〜高知","op":null,"mode":"air","pax":39811,"intl":false}},{"type":"Feature","geometry":{"type":"LineString","coordinates":[[133.6694,33.5461],[136.9244,35.255]]},"properties":{"n":"高知〜名古屋","op":null,"mode":"air","pax":38905,"intl":false}},{"type":"Feature","geometry":{"type":"LineString","coordinates":[[136.9244,35.255],[130.4517,33.5844]]},"properties":{"n":"名古屋〜福岡","op":null,"mode":"air","pax":259345,"intl":false}},{"type":"Feature","geometry":{"type":"LineString","coordinates":[[130.4517,33.5844],[136.9244,35.255]]},"properties":{"n":"福岡〜名古屋","op":null,"mode":"air","pax":261618,"intl":false}},{"type":"Feature","geometry":{"type":"LineString","coordinates":[[136.9244,35.255],[130.8553,32.8372]]},"properties":{"n":"名古屋〜熊本","op":null,"mode":"air","pax":131590,"intl":false}},{"type":"Feature","geometry":{"type":"LineString","coordinates":[[130.8553,32.8372],[136.9244,35.255]]},"properties":{"n":"熊本〜名古屋","op":null,"mode":"air","pax":130412,"intl":false}},{"type":"Feature","geometry":{"type":"LineString","coordinates":[[136.8053,34.8583],[140.8219,41.77]]},"properties":{"n":"中部〜函館","op":null,"mode":"air","pax":125995,"intl":false}},{"type":"Feature","geometry":{"type":"LineString","coordinates":[[140.8219,41.77],[136.8053,34.8583]]},"properties":{"n":"函館〜中部","op":null,"mode":"air","pax":121662,"intl":false}},{"type":"Feature","geometry":{"type":"LineString","coordinates":[[136.8053,34.8583],[142.4475,43.6708]]},"properties":{"n":"中部〜旭川","op":null,"mode":"air","pax":75648,"intl":false}},{"type":"Feature","geometry":{"type":"LineString","coordinates":[[142.4475,43.6708],[136.8053,34.8583]]},"properties":{"n":"旭川〜中部","op":null,"mode":"air","pax":76556,"intl":false}},{"type":"Feature","geometry":{"type":"LineString","coordinates":[[136.8053,34.8583],[144.1641,43.8806]]},"properties":{"n":"中部〜女満別","op":null,"mode":"air","pax":74821,"intl":false}},{"type":"Feature","geometry":{"type":"LineString","coordinates":[[144.1641,43.8806],[136.8053,34.8583]]},"properties":{"n":"女満別〜中部","op":null,"mode":"air","pax":71019,"intl":false}},{"type":"Feature","geometry":{"type":"LineString","coordinates":[[136.8053,34.8583],[141.6925,42.7753]]},"properties":{"n":"中部〜新千歳","op":null,"mode":"air","pax":1611323,"intl":false}},{"type":"Feature","geometry":{"type":"LineString","coordinates":[[141.6925,42.7753],[136.8053,34.8583]]},"properties":{"n":"新千歳〜中部","op":null,"mode":"air","pax":1623142,"intl":false}},{"type":"Feature","geometry":{"type":"LineString","coordinates":[[136.8053,34.8583],[140.9169,38.1397]]},"properties":{"n":"中部〜仙台","op":null,"mode":"air","pax":335836,"intl":false}},{"type":"Feature","geometry":{"type":"LineString","coordinates":[[140.9169,38.1397],[136.8053,34.8583]]},"properties":{"n":"仙台〜中部","op":null,"mode":"air","pax":337664,"intl":false}},{"type":"Feature","geometry":{"type":"LineString","coordinates":[[136.8053,34.8583],[140.2186,39.6156]]},"properties":{"n":"中部〜秋田","op":null,"mode":"air","pax":86767,"intl":false}},{"type":"Feature","geometry":{"type":"LineString","coordinates":[[140.2186,39.6156],[136.8053,34.8583]]},"properties":{"n":"秋田〜中部","op":null,"mode":"air","pax":86581,"intl":false}},{"type":"Feature","geometry":{"type":"LineString","coordinates":[[136.8053,34.8583],[139.1117,37.9558]]},"properties":{"n":"中部〜新潟","op":null,"mode":"air","pax":81358,"intl":false}},{"type":"Feature","geometry":{"type":"LineString","coordinates":[[139.1117,37.9558],[136.8053,34.8583]]},"properties":{"n":"新潟〜中部","op":null,"mode":"air","pax":81910,"intl":false}},{"type":"Feature","geometry":{"type":"LineString","coordinates":[[136.8053,34.8583],[132.6997,33.8272]]},"properties":{"n":"中部〜松山","op":null,"mode":"air","pax":130868,"intl":false}},{"type":"Feature","geometry":{"type":"LineString","coordinates":[[132.6997,33.8272],[136.8053,34.8583]]},"properties":{"n":"松山〜中部","op":null,"mode":"air","pax":131830,"intl":false}},{"type":"Feature","geometry":{"type":"LineString","coordinates":[[136.8053,34.8583],[130.4517,33.5844]]},"properties":{"n":"中部〜福岡","op":null,"mode":"air","pax":988458,"intl":false}},{"type":"Feature","geometry":{"type":"LineString","coordinates":[[130.4517,33.5844],[136.8053,34.8583]]},"properties":{"n":"福岡〜中部","op":null,"mode":"air","pax":994268,"intl":false}},{"type":"Feature","geometry":{"type":"LineString","coordinates":[[136.8053,34.8583],[129.9136,32.9169]]},"properties":{"n":"中部〜長崎","op":null,"mode":"air","pax":175636,"intl":false}},{"type":"Feature","geometry":{"type":"LineString","coordinates":[[129.9136,32.9169],[136.8053,34.8583]]},"properties":{"n":"長崎〜中部","op":null,"mode":"air","pax":175139,"intl":false}},{"type":"Feature","geometry":{"type":"LineString","coordinates":[[136.8053,34.8583],[130.8553,32.8372]]},"properties":{"n":"中部〜熊本","op":null,"mode":"air","pax":222287,"intl":false}},{"type":"Feature","geometry":{"type":"LineString","coordinates":[[130.8553,32.8372],[136.8053,34.8583]]},"properties":{"n":"熊本〜中部","op":null,"mode":"air","pax":205064,"intl":false}},{"type":"Feature","geometry":{"type":"LineString","coordinates":[[136.8053,34.8583],[131.7372,33.4794]]},"properties":{"n":"中部〜大分","op":null,"mode":"air","pax":83868,"intl":false}},{"type":"Feature","geometry":{"type":"LineString","coordinates":[[131.7372,33.4794],[136.8053,34.8583]]},"properties":{"n":"大分〜中部","op":null,"mode":"air","pax":81889,"intl":false}},{"type":"Feature","geometry":{"type":"LineString","coordinates":[[136.8053,34.8583],[131.4486,31.8772]]},"properties":{"n":"中部〜宮崎","op":null,"mode":"air","pax":244277,"intl":false}},{"type":"Feature","geometry":{"type":"LineString","coordinates":[[131.4486,31.8772],[136.8053,34.8583]]},"properties":{"n":"宮崎〜中部","op":null,"mode":"air","pax":254182,"intl":false}},{"type":"Feature","geometry":{"type":"LineString","coordinates":[[136.8053,34.8583],[130.7194,31.8033]]},"properties":{"n":"中部〜鹿児島","op":null,"mode":"air","pax":490874,"intl":false}},{"type":"Feature","geometry":{"type":"LineString","coordinates":[[130.7194,31.8033],[136.8053,34.8583]]},"properties":{"n":"鹿児島〜中部","op":null,"mode":"air","pax":484889,"intl":false}},{"type":"Feature","geometry":{"type":"LineString","coordinates":[[136.8053,34.8583],[127.6458,26.1958]]},"properties":{"n":"中部〜那覇","op":null,"mode":"air","pax":1138201,"intl":false}},{"type":"Feature","geometry":{"type":"LineString","coordinates":[[127.6458,26.1958],[136.8053,34.8583]]},"properties":{"n":"那覇〜中部","op":null,"mode":"air","pax":1148040,"intl":false}},{"type":"Feature","geometry":{"type":"LineString","coordinates":[[136.8053,34.8583],[124.245,24.3964]]},"properties":{"n":"中部〜石垣","op":null,"mode":"air","pax":99881,"intl":false}},{"type":"Feature","geometry":{"type":"LineString","coordinates":[[124.245,24.3964],[136.8053,34.8583]]},"properties":{"n":"石垣〜中部","op":null,"mode":"air","pax":94406,"intl":false}},{"type":"Feature","geometry":{"type":"LineString","coordinates":[[135.2239,34.6328],[141.6925,42.7753]]},"properties":{"n":"神戸〜新千歳","op":null,"mode":"air","pax":482356,"intl":false}},{"type":"Feature","geometry":{"type":"LineString","coordinates":[[141.6925,42.7753],[135.2239,34.6328]]},"properties":{"n":"新千歳〜神戸","op":null,"mode":"air","pax":492108,"intl":false}},{"type":"Feature","geometry":{"type":"LineString","coordinates":[[135.2239,34.6328],[140.4156,36.1811]]},"properties":{"n":"神戸〜茨城","op":null,"mode":"air","pax":152267,"intl":false}},{"type":"Feature","geometry":{"type":"LineString","coordinates":[[140.4156,36.1811],[135.2239,34.6328]]},"properties":{"n":"茨城〜神戸","op":null,"mode":"air","pax":151802,"intl":false}},{"type":"Feature","geometry":{"type":"LineString","coordinates":[[135.2239,34.6328],[133.2364,35.4922]]},"properties":{"n":"神戸〜米子","op":null,"mode":"air","pax":2874,"intl":false}},{"type":"Feature","geometry":{"type":"LineString","coordinates":[[133.2364,35.4922],[135.2239,34.6328]]},"properties":{"n":"米子〜神戸","op":null,"mode":"air","pax":2663,"intl":false}},{"type":"Feature","geometry":{"type":"LineString","coordinates":[[135.2239,34.6328],[129.9136,32.9169]]},"properties":{"n":"神戸〜長崎","op":null,"mode":"air","pax":106388,"intl":false}},{"type":"Feature","geometry":{"type":"LineString","coordinates":[[129.9136,32.9169],[135.2239,34.6328]]},"properties":{"n":"長崎〜神戸","op":null,"mode":"air","pax":107397,"intl":false}},{"type":"Feature","geometry":{"type":"LineString","coordinates":[[135.2239,34.6328],[130.7194,31.8033]]},"properties":{"n":"神戸〜鹿児島","op":null,"mode":"air","pax":173508,"intl":false}},{"type":"Feature","geometry":{"type":"LineString","coordinates":[[130.7194,31.8033],[135.2239,34.6328]]},"properties":{"n":"鹿児島〜神戸","op":null,"mode":"air","pax":176590,"intl":false}},{"type":"Feature","geometry":{"type":"LineString","coordinates":[[135.2239,34.6328],[127.6458,26.1958]]},"properties":{"n":"神戸〜那覇","op":null,"mode":"air","pax":604066,"intl":false}},{"type":"Feature","geometry":{"type":"LineString","coordinates":[[127.6458,26.1958],[135.2239,34.6328]]},"properties":{"n":"那覇〜神戸","op":null,"mode":"air","pax":630899,"intl":false}},{"type":"Feature","geometry":{"type":"LineString","coordinates":[[135.2239,34.6328],[124.245,24.3964]]},"properties":{"n":"神戸〜石垣","op":null,"mode":"air","pax":37865,"intl":false}},{"type":"Feature","geometry":{"type":"LineString","coordinates":[[124.245,24.3964],[135.2239,34.6328]]},"properties":{"n":"石垣〜神戸","op":null,"mode":"air","pax":35619,"intl":false}},{"type":"Feature","geometry":{"type":"LineString","coordinates":[[132.89,35.4136],[133.3233,36.1783]]},"properties":{"n":"出雲〜隠岐","op":null,"mode":"air","pax":19999,"intl":false}},{"type":"Feature","geometry":{"type":"LineString","coordinates":[[133.3233,36.1783],[132.89,35.4136]]},"properties":{"n":"隠岐〜出雲","op":null,"mode":"air","pax":20333,"intl":false}},{"type":"Feature","geometry":{"type":"LineString","coordinates":[[133.8553,34.7569],[141.6925,42.7753]]},"properties":{"n":"岡山〜新千歳","op":null,"mode":"air","pax":65979,"intl":false}},{"type":"Feature","geometry":{"type":"LineString","coordinates":[[141.6925,42.7753],[133.8553,34.7569]]},"properties":{"n":"新千歳〜岡山","op":null,"mode":"air","pax":66212,"intl":false}},{"type":"Feature","geometry":{"type":"LineString","coordinates":[[132.9194,34.4361],[141.6925,42.7753]]},"properties":{"n":"広島〜新千歳","op":null,"mode":"air","pax":188732,"intl":false}},{"type":"Feature","geometry":{"type":"LineString","coordinates":[[141.6925,42.7753],[132.9194,34.4361]]},"properties":{"n":"新千歳〜広島","op":null,"mode":"air","pax":189781,"intl":false}},{"type":"Feature","geometry":{"type":"LineString","coordinates":[[132.9194,34.4361],[127.6458,26.1958]]},"properties":{"n":"広島〜那覇","op":null,"mode":"air","pax":158781,"intl":false}},{"type":"Feature","geometry":{"type":"LineString","coordinates":[[127.6458,26.1958],[132.9194,34.4361]]},"properties":{"n":"那覇〜広島","op":null,"mode":"air","pax":158164,"intl":false}},{"type":"Feature","geometry":{"type":"LineString","coordinates":[[134.0156,34.2142],[127.6458,26.1958]]},"properties":{"n":"高松〜那覇","op":null,"mode":"air","pax":153728,"intl":false}},{"type":"Feature","geometry":{"type":"LineString","coordinates":[[127.6458,26.1958],[134.0156,34.2142]]},"properties":{"n":"那覇〜高松","op":null,"mode":"air","pax":154606,"intl":false}},{"type":"Feature","geometry":{"type":"LineString","coordinates":[[130.4517,33.5844],[141.1353,39.4286]]},"properties":{"n":"福岡〜花巻","op":null,"mode":"air","pax":29157,"intl":false}},{"type":"Feature","geometry":{"type":"LineString","coordinates":[[141.1353,39.4286],[130.4517,33.5844]]},"properties":{"n":"花巻〜福岡","op":null,"mode":"air","pax":28417,"intl":false}},{"type":"Feature","geometry":{"type":"LineString","coordinates":[[130.4517,33.5844],[140.9169,38.1397]]},"properties":{"n":"福岡〜仙台","op":null,"mode":"air","pax":441294,"intl":false}},{"type":"Feature","geometry":{"type":"LineString","coordinates":[[140.9169,38.1397],[130.4517,33.5844]]},"properties":{"n":"仙台〜福岡","op":null,"mode":"air","pax":441798,"intl":false}},{"type":"Feature","geometry":{"type":"LineString","coordinates":[[130.4517,33.5844],[139.1117,37.9558]]},"properties":{"n":"福岡〜新潟","op":null,"mode":"air","pax":181370,"intl":false}},{"type":"Feature","geometry":{"type":"LineString","coordinates":[[139.1117,37.9558],[130.4517,33.5844]]},"properties":{"n":"新潟〜福岡","op":null,"mode":"air","pax":183748,"intl":false}},{"type":"Feature","geometry":{"type":"LineString","coordinates":[[130.4517,33.5844],[136.4075,36.3939]]},"properties":{"n":"福岡〜金沢","op":null,"mode":"air","pax":187509,"intl":false}},{"type":"Feature","geometry":{"type":"LineString","coordinates":[[136.4075,36.3939],[130.4517,33.5844]]},"properties":{"n":"金沢〜福岡","op":null,"mode":"air","pax":187852,"intl":false}},{"type":"Feature","geometry":{"type":"LineString","coordinates":[[130.4517,33.5844],[137.9228,36.1667]]},"properties":{"n":"福岡〜松本","op":null,"mode":"air","pax":49086,"intl":false}},{"type":"Feature","geometry":{"type":"LineString","coordinates":[[137.9228,36.1667],[130.4517,33.5844]]},"properties":{"n":"松本〜福岡","op":null,"mode":"air","pax":47676,"intl":false}},{"type":"Feature","geometry":{"type":"LineString","coordinates":[[130.4517,33.5844],[132.89,35.4136]]},"properties":{"n":"福岡〜出雲","op":null,"mode":"air","pax":43853,"intl":false}},{"type":"Feature","geometry":{"type":"LineString","coordinates":[[132.89,35.4136],[130.4517,33.5844]]},"properties":{"n":"出雲〜福岡","op":null,"mode":"air","pax":42991,"intl":false}},{"type":"Feature","geometry":{"type":"LineString","coordinates":[[130.4517,33.5844],[134.6058,34.1328]]},"properties":{"n":"福岡〜徳島","op":null,"mode":"air","pax":41519,"intl":false}},{"type":"Feature","geometry":{"type":"LineString","coordinates":[[134.6058,34.1328],[130.4517,33.5844]]},"properties":{"n":"徳島〜福岡","op":null,"mode":"air","pax":41352,"intl":false}},{"type":"Feature","geometry":{"type":"LineString","coordinates":[[130.4517,33.5844],[132.6997,33.8272]]},"properties":{"n":"福岡〜松山","op":null,"mode":"air","pax":147560,"intl":false}},{"type":"Feature","geometry":{"type":"LineString","coordinates":[[132.6997,33.8272],[130.4517,33.5844]]},"properties":{"n":"松山〜福岡","op":null,"mode":"air","pax":146935,"intl":false}},{"type":"Feature","geometry":{"type":"LineString","coordinates":[[130.4517,33.5844],[133.6694,33.5461]]},"properties":{"n":"福岡〜高知","op":null,"mode":"air","pax":76434,"intl":false}},{"type":"Feature","geometry":{"type":"LineString","coordinates":[[133.6694,33.5461],[130.4517,33.5844]]},"properties":{"n":"高知〜福岡","op":null,"mode":"air","pax":77102,"intl":false}},{"type":"Feature","geometry":{"type":"LineString","coordinates":[[130.4517,33.5844],[128.8328,32.6664]]},"properties":{"n":"福岡〜福江","op":null,"mode":"air","pax":133783,"intl":false}},{"type":"Feature","geometry":{"type":"LineString","coordinates":[[128.8328,32.6664],[130.4517,33.5844]]},"properties":{"n":"福江〜福岡","op":null,"mode":"air","pax":136617,"intl":false}},{"type":"Feature","geometry":{"type":"LineString","coordinates":[[130.4517,33.5844],[129.3306,34.285]]},"properties":{"n":"福岡〜対馬","op":null,"mode":"air","pax":272734,"intl":false}},{"type":"Feature","geometry":{"type":"LineString","coordinates":[[129.3306,34.285],[130.4517,33.5844]]},"properties":{"n":"対馬〜福岡","op":null,"mode":"air","pax":274938,"intl":false}},{"type":"Feature","geometry":{"type":"LineString","coordinates":[[130.4517,33.5844],[131.4486,31.8772]]},"properties":{"n":"福岡〜宮崎","op":null,"mode":"air","pax":666318,"intl":false}},{"type":"Feature","geometry":{"type":"LineString","coordinates":[[131.4486,31.8772],[130.4517,33.5844]]},"properties":{"n":"宮崎〜福岡","op":null,"mode":"air","pax":666275,"intl":false}},{"type":"Feature","geometry":{"type":"LineString","coordinates":[[130.4517,33.5844],[130.6592,30.3856]]},"properties":{"n":"福岡〜屋久島","op":null,"mode":"air","pax":19663,"intl":false}},{"type":"Feature","geometry":{"type":"LineString","coordinates":[[130.6592,30.3856],[130.4517,33.5844]]},"properties":{"n":"屋久島〜福岡","op":null,"mode":"air","pax":20083,"intl":false}},{"type":"Feature","geometry":{"type":"LineString","coordinates":[[130.4517,33.5844],[129.7125,28.4308]]},"properties":{"n":"福岡〜奄美","op":null,"mode":"air","pax":44179,"intl":false}},{"type":"Feature","geometry":{"type":"LineString","coordinates":[[129.7125,28.4308],[130.4517,33.5844]]},"properties":{"n":"奄美〜福岡","op":null,"mode":"air","pax":43464,"intl":false}},{"type":"Feature","geometry":{"type":"LineString","coordinates":[[130.4517,33.5844],[124.245,24.3964]]},"properties":{"n":"福岡〜石垣","op":null,"mode":"air","pax":24068,"intl":false}},{"type":"Feature","geometry":{"type":"LineString","coordinates":[[124.245,24.3964],[130.4517,33.5844]]},"properties":{"n":"石垣〜福岡","op":null,"mode":"air","pax":24524,"intl":false}},{"type":"Feature","geometry":{"type":"LineString","coordinates":[[129.9136,32.9169],[129.7858,33.7492]]},"properties":{"n":"長崎〜壱岐","op":null,"mode":"air","pax":41673,"intl":false}},{"type":"Feature","geometry":{"type":"LineString","coordinates":[[129.7858,33.7492],[129.9136,32.9169]]},"properties":{"n":"壱岐〜長崎","op":null,"mode":"air","pax":42588,"intl":false}},{"type":"Feature","geometry":{"type":"LineString","coordinates":[[129.9136,32.9169],[128.8328,32.6664]]},"properties":{"n":"長崎〜福江","op":null,"mode":"air","pax":54194,"intl":false}},{"type":"Feature","geometry":{"type":"LineString","coordinates":[[128.8328,32.6664],[129.9136,32.9169]]},"properties":{"n":"福江〜長崎","op":null,"mode":"air","pax":55033,"intl":false}},{"type":"Feature","geometry":{"type":"LineString","coordinates":[[129.9136,32.9169],[129.3306,34.285]]},"properties":{"n":"長崎〜対馬","op":null,"mode":"air","pax":91631,"intl":false}},{"type":"Feature","geometry":{"type":"LineString","coordinates":[[129.3306,34.285],[129.9136,32.9169]]},"properties":{"n":"対馬〜長崎","op":null,"mode":"air","pax":93144,"intl":false}},{"type":"Feature","geometry":{"type":"LineString","coordinates":[[129.9136,32.9169],[127.6458,26.1958]]},"properties":{"n":"長崎〜那覇","op":null,"mode":"air","pax":89013,"intl":false}},{"type":"Feature","geometry":{"type":"LineString","coordinates":[[127.6458,26.1958],[129.9136,32.9169]]},"properties":{"n":"那覇〜長崎","op":null,"mode":"air","pax":89185,"intl":false}},{"type":"Feature","geometry":{"type":"LineString","coordinates":[[130.8553,32.8372],[127.6458,26.1958]]},"properties":{"n":"熊本〜那覇","op":null,"mode":"air","pax":99163,"intl":false}},{"type":"Feature","geometry":{"type":"LineString","coordinates":[[127.6458,26.1958],[130.8553,32.8372]]},"properties":{"n":"那覇〜熊本","op":null,"mode":"air","pax":101628,"intl":false}},{"type":"Feature","geometry":{"type":"LineString","coordinates":[[130.1589,32.4822],[130.4517,33.5844]]},"properties":{"n":"天草〜福岡","op":null,"mode":"air","pax":59742,"intl":false}},{"type":"Feature","geometry":{"type":"LineString","coordinates":[[130.4517,33.5844],[130.1589,32.4822]]},"properties":{"n":"福岡〜天草","op":null,"mode":"air","pax":58466,"intl":false}},{"type":"Feature","geometry":{"type":"LineString","coordinates":[[130.1589,32.4822],[130.8553,32.8372]]},"properties":{"n":"天草〜熊本","op":null,"mode":"air","pax":19133,"intl":false}},{"type":"Feature","geometry":{"type":"LineString","coordinates":[[130.8553,32.8372],[130.1589,32.4822]]},"properties":{"n":"熊本〜天草","op":null,"mode":"air","pax":19541,"intl":false}},{"type":"Feature","geometry":{"type":"LineString","coordinates":[[131.4486,31.8772],[127.6458,26.1958]]},"properties":{"n":"宮崎〜那覇","op":null,"mode":"air","pax":95444,"intl":false}},{"type":"Feature","geometry":{"type":"LineString","coordinates":[[127.6458,26.1958],[131.4486,31.8772]]},"properties":{"n":"那覇〜宮崎","op":null,"mode":"air","pax":94438,"intl":false}},{"type":"Feature","geometry":{"type":"LineString","coordinates":[[130.7194,31.8033],[132.6997,33.8272]]},"properties":{"n":"鹿児島〜松山","op":null,"mode":"air","pax":31689,"intl":false}},{"type":"Feature","geometry":{"type":"LineString","coordinates":[[132.6997,33.8272],[130.7194,31.8033]]},"properties":{"n":"松山〜鹿児島","op":null,"mode":"air","pax":31807,"intl":false}},{"type":"Feature","geometry":{"type":"LineString","coordinates":[[130.7194,31.8033],[130.4517,33.5844]]},"properties":{"n":"鹿児島〜福岡","op":null,"mode":"air","pax":39527,"intl":false}},{"type":"Feature","geometry":{"type":"LineString","coordinates":[[130.4517,33.5844],[130.7194,31.8033]]},"properties":{"n":"福岡〜鹿児島","op":null,"mode":"air","pax":39568,"intl":false}},{"type":"Feature","geometry":{"type":"LineString","coordinates":[[130.7194,31.8033],[130.9917,30.605]]},"properties":{"n":"鹿児島〜種子島","op":null,"mode":"air","pax":84959,"intl":false}},{"type":"Feature","geometry":{"type":"LineString","coordinates":[[130.9917,30.605],[130.7194,31.8033]]},"properties":{"n":"種子島〜鹿児島","op":null,"mode":"air","pax":84845,"intl":false}},{"type":"Feature","geometry":{"type":"LineString","coordinates":[[130.7194,31.8033],[130.6592,30.3856]]},"properties":{"n":"鹿児島〜屋久島","op":null,"mode":"air","pax":160457,"intl":false}},{"type":"Feature","geometry":{"type":"LineString","coordinates":[[130.6592,30.3856],[130.7194,31.8033]]},"properties":{"n":"屋久島〜鹿児島","op":null,"mode":"air","pax":161450,"intl":false}},{"type":"Feature","geometry":{"type":"LineString","coordinates":[[130.7194,31.8033],[129.7125,28.4308]]},"properties":{"n":"鹿児島〜奄美","op":null,"mode":"air","pax":317258,"intl":false}},{"type":"Feature","geometry":{"type":"LineString","coordinates":[[129.7125,28.4308],[130.7194,31.8033]]},"properties":{"n":"奄美〜鹿児島","op":null,"mode":"air","pax":319900,"intl":false}},{"type":"Feature","geometry":{"type":"LineString","coordinates":[[130.7194,31.8033],[129.9281,28.3214]]},"properties":{"n":"鹿児島〜喜界島","op":null,"mode":"air","pax":40494,"intl":false}},{"type":"Feature","geometry":{"type":"LineString","coordinates":[[129.9281,28.3214],[130.7194,31.8033]]},"properties":{"n":"喜界島〜鹿児島","op":null,"mode":"air","pax":41353,"intl":false}},{"type":"Feature","geometry":{"type":"LineString","coordinates":[[130.7194,31.8033],[128.8814,27.8364]]},"properties":{"n":"鹿児島〜徳之島","op":null,"mode":"air","pax":168001,"intl":false}},{"type":"Feature","geometry":{"type":"LineString","coordinates":[[128.8814,27.8364],[130.7194,31.8033]]},"properties":{"n":"徳之島〜鹿児島","op":null,"mode":"air","pax":168658,"intl":false}},{"type":"Feature","geometry":{"type":"LineString","coordinates":[[130.7194,31.8033],[128.7056,27.4317]]},"properties":{"n":"鹿児島〜沖永良部","op":null,"mode":"air","pax":98764,"intl":false}},{"type":"Feature","geometry":{"type":"LineString","coordinates":[[128.7056,27.4317],[130.7194,31.8033]]},"properties":{"n":"沖永良部〜鹿児島","op":null,"mode":"air","pax":97544,"intl":false}},{"type":"Feature","geometry":{"type":"LineString","coordinates":[[130.7194,31.8033],[128.4017,27.0439]]},"properties":{"n":"鹿児島〜与論","op":null,"mode":"air","pax":38942,"intl":false}},{"type":"Feature","geometry":{"type":"LineString","coordinates":[[128.4017,27.0439],[130.7194,31.8033]]},"properties":{"n":"与論〜鹿児島","op":null,"mode":"air","pax":36774,"intl":false}},{"type":"Feature","geometry":{"type":"LineString","coordinates":[[130.7194,31.8033],[127.6458,26.1958]]},"properties":{"n":"鹿児島〜那覇","op":null,"mode":"air","pax":286999,"intl":false}},{"type":"Feature","geometry":{"type":"LineString","coordinates":[[127.6458,26.1958],[130.7194,31.8033]]},"properties":{"n":"那覇〜鹿児島","op":null,"mode":"air","pax":260832,"intl":false}},{"type":"Feature","geometry":{"type":"LineString","coordinates":[[129.7125,28.4308],[129.9281,28.3214]]},"properties":{"n":"奄美〜喜界島","op":null,"mode":"air","pax":56414,"intl":false}},{"type":"Feature","geometry":{"type":"LineString","coordinates":[[129.9281,28.3214],[129.7125,28.4308]]},"properties":{"n":"喜界島〜奄美","op":null,"mode":"air","pax":54444,"intl":false}},{"type":"Feature","geometry":{"type":"LineString","coordinates":[[129.7125,28.4308],[128.8814,27.8364]]},"properties":{"n":"奄美〜徳之島","op":null,"mode":"air","pax":36762,"intl":false}},{"type":"Feature","geometry":{"type":"LineString","coordinates":[[128.8814,27.8364],[129.7125,28.4308]]},"properties":{"n":"徳之島〜奄美","op":null,"mode":"air","pax":37679,"intl":false}},{"type":"Feature","geometry":{"type":"LineString","coordinates":[[129.7125,28.4308],[128.7056,27.4317]]},"properties":{"n":"奄美〜沖永良部","op":null,"mode":"air","pax":11226,"intl":false}},{"type":"Feature","geometry":{"type":"LineString","coordinates":[[128.7056,27.4317],[129.7125,28.4308]]},"properties":{"n":"沖永良部〜奄美","op":null,"mode":"air","pax":8687,"intl":false}},{"type":"Feature","geometry":{"type":"LineString","coordinates":[[129.7125,28.4308],[128.4017,27.0439]]},"properties":{"n":"奄美〜与論","op":null,"mode":"air","pax":7748,"intl":false}},{"type":"Feature","geometry":{"type":"LineString","coordinates":[[128.4017,27.0439],[129.7125,28.4308]]},"properties":{"n":"与論〜奄美","op":null,"mode":"air","pax":9908,"intl":false}},{"type":"Feature","geometry":{"type":"LineString","coordinates":[[129.7125,28.4308],[127.6458,26.1958]]},"properties":{"n":"奄美〜那覇","op":null,"mode":"air","pax":22574,"intl":false}},{"type":"Feature","geometry":{"type":"LineString","coordinates":[[127.6458,26.1958],[129.7125,28.4308]]},"properties":{"n":"那覇〜奄美","op":null,"mode":"air","pax":22257,"intl":false}},{"type":"Feature","geometry":{"type":"LineString","coordinates":[[128.4017,27.0439],[128.7056,27.4317]]},"properties":{"n":"与論〜沖永良部","op":null,"mode":"air","pax":7160,"intl":false}},{"type":"Feature","geometry":{"type":"LineString","coordinates":[[128.7056,27.4317],[128.4017,27.0439]]},"properties":{"n":"沖永良部〜与論","op":null,"mode":"air","pax":10738,"intl":false}},{"type":"Feature","geometry":{"type":"LineString","coordinates":[[131.2636,25.8467],[131.3269,25.9447]]},"properties":{"n":"南大東島〜北大東島","op":null,"mode":"air","pax":10594,"intl":false}},{"type":"Feature","geometry":{"type":"LineString","coordinates":[[131.3269,25.9447],[131.2636,25.8467]]},"properties":{"n":"北大東島〜南大東島","op":null,"mode":"air","pax":13710,"intl":false}},{"type":"Feature","geometry":{"type":"LineString","coordinates":[[127.6458,26.1958],[140.4156,36.1811]]},"properties":{"n":"那覇〜茨城","op":null,"mode":"air","pax":33250,"intl":false}},{"type":"Feature","geometry":{"type":"LineString","coordinates":[[140.4156,36.1811],[127.6458,26.1958]]},"properties":{"n":"茨城〜那覇","op":null,"mode":"air","pax":32733,"intl":false}},{"type":"Feature","geometry":{"type":"LineString","coordinates":[[127.6458,26.1958],[140.4156,36.1811]]},"properties":{"n":"那覇〜茨城","op":null,"mode":"air","pax":60056,"intl":false}},{"type":"Feature","geometry":{"type":"LineString","coordinates":[[140.4156,36.1811],[127.6458,26.1958]]},"properties":{"n":"茨城〜那覇","op":null,"mode":"air","pax":60300,"intl":false}},{"type":"Feature","geometry":{"type":"LineString","coordinates":[[127.6458,26.1958],[136.4075,36.3939]]},"properties":{"n":"那覇〜金沢","op":null,"mode":"air","pax":84509,"intl":false}},{"type":"Feature","geometry":{"type":"LineString","coordinates":[[136.4075,36.3939],[127.6458,26.1958]]},"properties":{"n":"金沢〜那覇","op":null,"mode":"air","pax":79579,"intl":false}},{"type":"Feature","geometry":{"type":"LineString","coordinates":[[127.6458,26.1958],[133.8553,34.7569]]},"properties":{"n":"那覇〜岡山","op":null,"mode":"air","pax":108721,"intl":false}},{"type":"Feature","geometry":{"type":"LineString","coordinates":[[133.8553,34.7569],[127.6458,26.1958]]},"properties":{"n":"岡山〜那覇","op":null,"mode":"air","pax":108465,"intl":false}},{"type":"Feature","geometry":{"type":"LineString","coordinates":[[127.6458,26.1958],[132.6997,33.8272]]},"properties":{"n":"那覇〜松山","op":null,"mode":"air","pax":92234,"intl":false}},{"type":"Feature","geometry":{"type":"LineString","coordinates":[[132.6997,33.8272],[127.6458,26.1958]]},"properties":{"n":"松山〜那覇","op":null,"mode":"air","pax":92336,"intl":false}},{"type":"Feature","geometry":{"type":"LineString","coordinates":[[127.6458,26.1958],[128.4017,27.0439]]},"properties":{"n":"那覇〜与論","op":null,"mode":"air","pax":34446,"intl":false}},{"type":"Feature","geometry":{"type":"LineString","coordinates":[[128.4017,27.0439],[127.6458,26.1958]]},"properties":{"n":"与論〜那覇","op":null,"mode":"air","pax":34436,"intl":false}},{"type":"Feature","geometry":{"type":"LineString","coordinates":[[127.6458,26.1958],[131.3269,25.9447]]},"properties":{"n":"那覇〜北大東島","op":null,"mode":"air","pax":14415,"intl":false}},{"type":"Feature","geometry":{"type":"LineString","coordinates":[[131.3269,25.9447],[127.6458,26.1958]]},"properties":{"n":"北大東島〜那覇","op":null,"mode":"air","pax":11274,"intl":false}},{"type":"Feature","geometry":{"type":"LineString","coordinates":[[127.6458,26.1958],[131.2636,25.8467]]},"properties":{"n":"那覇〜南大東島","op":null,"mode":"air","pax":37856,"intl":false}},{"type":"Feature","geometry":{"type":"LineString","coordinates":[[131.2636,25.8467],[127.6458,26.1958]]},"properties":{"n":"南大東島〜那覇","op":null,"mode":"air","pax":40918,"intl":false}},{"type":"Feature","geometry":{"type":"LineString","coordinates":[[127.6458,26.1958],[126.7139,26.3636]]},"properties":{"n":"那覇〜久米島","op":null,"mode":"air","pax":269384,"intl":false}},{"type":"Feature","geometry":{"type":"LineString","coordinates":[[126.7139,26.3636],[127.6458,26.1958]]},"properties":{"n":"久米島〜那覇","op":null,"mode":"air","pax":270081,"intl":false}},{"type":"Feature","geometry":{"type":"LineString","coordinates":[[127.6458,26.1958],[125.295,24.7828]]},"properties":{"n":"那覇〜宮古","op":null,"mode":"air","pax":1288423,"intl":false}},{"type":"Feature","geometry":{"type":"LineString","coordinates":[[125.295,24.7828],[127.6458,26.1958]]},"properties":{"n":"宮古〜那覇","op":null,"mode":"air","pax":1292012,"intl":false}},{"type":"Feature","geometry":{"type":"LineString","coordinates":[[127.6458,26.1958],[124.245,24.3964]]},"properties":{"n":"那覇〜石垣","op":null,"mode":"air","pax":1587273,"intl":false}},{"type":"Feature","geometry":{"type":"LineString","coordinates":[[124.245,24.3964],[127.6458,26.1958]]},"properties":{"n":"石垣〜那覇","op":null,"mode":"air","pax":1618378,"intl":false}},{"type":"Feature","geometry":{"type":"LineString","coordinates":[[127.6458,26.1958],[122.9797,24.4675]]},"properties":{"n":"那覇〜与那国","op":null,"mode":"air","pax":19915,"intl":false}},{"type":"Feature","geometry":{"type":"LineString","coordinates":[[122.9797,24.4675],[127.6458,26.1958]]},"properties":{"n":"与那国〜那覇","op":null,"mode":"air","pax":20058,"intl":false}},{"type":"Feature","geometry":{"type":"LineString","coordinates":[[125.295,24.7828],[124.245,24.3964]]},"properties":{"n":"宮古〜石垣","op":null,"mode":"air","pax":110773,"intl":false}},{"type":"Feature","geometry":{"type":"LineString","coordinates":[[124.245,24.3964],[125.295,24.7828]]},"properties":{"n":"石垣〜宮古","op":null,"mode":"air","pax":109295,"intl":false}},{"type":"Feature","geometry":{"type":"LineString","coordinates":[[124.6753,24.6539],[125.295,24.7828]]},"properties":{"n":"多良間〜宮古","op":null,"mode":"air","pax":44148,"intl":false}},{"type":"Feature","geometry":{"type":"LineString","coordinates":[[125.295,24.7828],[124.6753,24.6539]]},"properties":{"n":"宮古〜多良間","op":null,"mode":"air","pax":44247,"intl":false}},{"type":"Feature","geometry":{"type":"LineString","coordinates":[[124.245,24.3964],[122.9797,24.4675]]},"properties":{"n":"石垣〜与那国","op":null,"mode":"air","pax":71055,"intl":false}},{"type":"Feature","geometry":{"type":"LineString","coordinates":[[122.9797,24.4675],[124.245,24.3964]]},"properties":{"n":"与那国〜石垣","op":null,"mode":"air","pax":70758,"intl":false}},{"type":"Feature","geometry":{"type":"LineString","coordinates":[[140.3864,35.7647],[-77.0094,38.8995]]},"properties":{"n":"成田〜アメリカ(アトランタ)","op":null,"mode":"air","pax":136864,"intl":true}},{"type":"Feature","geometry":{"type":"LineString","coordinates":[[-77.0094,38.8995],[140.3864,35.7647]]},"properties":{"n":"アメリカ(アトランタ)〜成田","op":null,"mode":"air","pax":136864,"intl":true}},{"type":"Feature","geometry":{"type":"LineString","coordinates":[[140.3864,35.7647],[-77.0094,38.8995]]},"properties":{"n":"成田〜アメリカ(ボストン)","op":null,"mode":"air","pax":67704,"intl":true}},{"type":"Feature","geometry":{"type":"LineString","coordinates":[[-77.0094,38.8995],[140.3864,35.7647]]},"properties":{"n":"アメリカ(ボストン)〜成田","op":null,"mode":"air","pax":67704,"intl":true}},{"type":"Feature","geometry":{"type":"LineString","coordinates":[[140.3864,35.7647],[-75.7,45.4167]]},"properties":{"n":"成田〜カナダ(カルガリー)","op":null,"mode":"air","pax":69524,"intl":true}},{"type":"Feature","geometry":{"type":"LineString","coordinates":[[-75.7,45.4167],[140.3864,35.7647]]},"properties":{"n":"カナダ(カルガリー)〜成田","op":null,"mode":"air","pax":69524,"intl":true}},{"type":"Feature","geometry":{"type":"LineString","coordinates":[[140.3864,35.7647],[-77.0094,38.8995]]},"properties":{"n":"成田〜アメリカ(シカゴ)","op":null,"mode":"air","pax":481104,"intl":true}},{"type":"Feature","geometry":{"type":"LineString","coordinates":[[-77.0094,38.8995],[140.3864,35.7647]]},"properties":{"n":"アメリカ(シカゴ)〜成田","op":null,"mode":"air","pax":481104,"intl":true}},{"type":"Feature","geometry":{"type":"LineString","coordinates":[[140.3864,35.7647],[-77.0094,38.8995]]},"properties":{"n":"成田〜アメリカ(フォートワース)","op":null,"mode":"air","pax":179088,"intl":true}},{"type":"Feature","geometry":{"type":"LineString","coordinates":[[-77.0094,38.8995],[140.3864,35.7647]]},"properties":{"n":"アメリカ(フォートワース)〜成田","op":null,"mode":"air","pax":179088,"intl":true}},{"type":"Feature","geometry":{"type":"LineString","coordinates":[[140.3864,35.7647],[-77.0094,38.8995]]},"properties":{"n":"成田〜アメリカ(デトロイト)","op":null,"mode":"air","pax":105924,"intl":true}},{"type":"Feature","geometry":{"type":"LineString","coordinates":[[-77.0094,38.8995],[140.3864,35.7647]]},"properties":{"n":"アメリカ(デトロイト)〜成田","op":null,"mode":"air","pax":105924,"intl":true}},{"type":"Feature","geometry":{"type":"LineString","coordinates":[[140.3864,35.7647],[-77.0094,38.8995]]},"properties":{"n":"成田〜アメリカ(デンバー)","op":null,"mode":"air","pax":79716,"intl":true}},{"type":"Feature","geometry":{"type":"LineString","coordinates":[[-77.0094,38.8995],[140.3864,35.7647]]},"properties":{"n":"アメリカ(デンバー)〜成田","op":null,"mode":"air","pax":79716,"intl":true}},{"type":"Feature","geometry":{"type":"LineString","coordinates":[[139.7811,35.5533],[-77.0094,38.8995]]},"properties":{"n":"東京〜アメリカ(ホノルル)","op":null,"mode":"air","pax":298480,"intl":true}},{"type":"Feature","geometry":{"type":"LineString","coordinates":[[-77.0094,38.8995],[139.7811,35.5533]]},"properties":{"n":"アメリカ(ホノルル)〜東京","op":null,"mode":"air","pax":298480,"intl":true}},{"type":"Feature","geometry":{"type":"LineString","coordinates":[[140.3864,35.7647],[-77.0094,38.8995]]},"properties":{"n":"成田〜アメリカ(ホノルル)","op":null,"mode":"air","pax":918736,"intl":true}},{"type":"Feature","geometry":{"type":"LineString","coordinates":[[-77.0094,38.8995],[140.3864,35.7647]]},"properties":{"n":"アメリカ(ホノルル)〜成田","op":null,"mode":"air","pax":907088,"intl":true}},{"type":"Feature","geometry":{"type":"LineString","coordinates":[[140.3864,35.7647],[-77.0094,38.8995]]},"properties":{"n":"成田〜アメリカ(ヒューストン)","op":null,"mode":"air","pax":250432,"intl":true}},{"type":"Feature","geometry":{"type":"LineString","coordinates":[[-77.0094,38.8995],[140.3864,35.7647]]},"properties":{"n":"アメリカ(ヒューストン)〜成田","op":null,"mode":"air","pax":250432,"intl":true}},{"type":"Feature","geometry":{"type":"LineString","coordinates":[[139.7811,35.5533],[-77.0094,38.8995]]},"properties":{"n":"東京〜アメリカ(ロサンゼルス)","op":null,"mode":"air","pax":206388,"intl":true}},{"type":"Feature","geometry":{"type":"LineString","coordinates":[[-77.0094,38.8995],[139.7811,35.5533]]},"properties":{"n":"アメリカ(ロサンゼルス)〜東京","op":null,"mode":"air","pax":206388,"intl":true}},{"type":"Feature","geometry":{"type":"LineString","coordinates":[[140.3864,35.7647],[-77.0094,38.8995]]},"properties":{"n":"成田〜アメリカ(ロサンゼルス)","op":null,"mode":"air","pax":662480,"intl":true}},{"type":"Feature","geometry":{"type":"LineString","coordinates":[[-77.0094,38.8995],[140.3864,35.7647]]},"properties":{"n":"アメリカ(ロサンゼルス)〜成田","op":null,"mode":"air","pax":662480,"intl":true}},{"type":"Feature","geometry":{"type":"LineString","coordinates":[[140.3864,35.7647],[-99.131,19.4424]]},"properties":{"n":"成田〜メキシコ(メキシコシティ)","op":null,"mode":"air","pax":50544,"intl":true}},{"type":"Feature","geometry":{"type":"LineString","coordinates":[[-99.131,19.4424],[140.3864,35.7647]]},"properties":{"n":"メキシコ(メキシコシティ)〜成田","op":null,"mode":"air","pax":50544,"intl":true}},{"type":"Feature","geometry":{"type":"LineString","coordinates":[[140.3864,35.7647],[-77.0094,38.8995]]},"properties":{"n":"成田〜アメリカ(ミネアポリス)","op":null,"mode":"air","pax":136864,"intl":true}},{"type":"Feature","geometry":{"type":"LineString","coordinates":[[-77.0094,38.8995],[140.3864,35.7647]]},"properties":{"n":"アメリカ(ミネアポリス)〜成田","op":null,"mode":"air","pax":136864,"intl":true}},{"type":"Feature","geometry":{"type":"LineString","coordinates":[[140.3864,35.7647],[-77.0094,38.8995]]},"properties":{"n":"成田〜アメリカ(ケネディ)","op":null,"mode":"air","pax":485576,"intl":true}},{"type":"Feature","geometry":{"type":"LineString","coordinates":[[-77.0094,38.8995],[140.3864,35.7647]]},"properties":{"n":"アメリカ(ケネディ)〜成田","op":null,"mode":"air","pax":485576,"intl":true}},{"type":"Feature","geometry":{"type":"LineString","coordinates":[[140.3864,35.7647],[-77.0094,38.8995]]},"properties":{"n":"成田〜アメリカ(ニューアーク)","op":null,"mode":"air","pax":125216,"intl":true}},{"type":"Feature","geometry":{"type":"LineString","coordinates":[[-77.0094,38.8995],[140.3864,35.7647]]},"properties":{"n":"アメリカ(ニューアーク)〜成田","op":null,"mode":"air","pax":125216,"intl":true}},{"type":"Feature","geometry":{"type":"LineString","coordinates":[[140.3864,35.7647],[-77.0094,38.8995]]},"properties":{"n":"成田〜アメリカ(ポートランド)","op":null,"mode":"air","pax":67860,"intl":true}},{"type":"Feature","geometry":{"type":"LineString","coordinates":[[-77.0094,38.8995],[140.3864,35.7647]]},"properties":{"n":"アメリカ(ポートランド)〜成田","op":null,"mode":"air","pax":67860,"intl":true}},{"type":"Feature","geometry":{"type":"LineString","coordinates":[[139.7811,35.5533],[-77.0094,38.8995]]},"properties":{"n":"東京〜アメリカ(サンフランシスコ)","op":null,"mode":"air","pax":67704,"intl":true}},{"type":"Feature","geometry":{"type":"LineString","coordinates":[[-77.0094,38.8995],[139.7811,35.5533]]},"properties":{"n":"アメリカ(サンフランシスコ)〜東京","op":null,"mode":"air","pax":67704,"intl":true}},{"type":"Feature","geometry":{"type":"LineString","coordinates":[[140.3864,35.7647],[-77.0094,38.8995]]},"properties":{"n":"成田〜アメリカ(サンフランシスコ)","op":null,"mode":"air","pax":232232,"intl":true}},{"type":"Feature","geometry":{"type":"LineString","coordinates":[[-77.0094,38.8995],[140.3864,35.7647]]},"properties":{"n":"アメリカ(サンフランシスコ)〜成田","op":null,"mode":"air","pax":232232,"intl":true}},{"type":"Feature","geometry":{"type":"LineString","coordinates":[[140.3864,35.7647],[-77.0094,38.8995]]},"properties":{"n":"成田〜アメリカ(サンノゼ)","op":null,"mode":"air","pax":87360,"intl":true}},{"type":"Feature","geometry":{"type":"LineString","coordinates":[[-77.0094,38.8995],[140.3864,35.7647]]},"properties":{"n":"アメリカ(サンノゼ)〜成田","op":null,"mode":"air","pax":87360,"intl":true}},{"type":"Feature","geometry":{"type":"LineString","coordinates":[[140.3864,35.7647],[-77.0094,38.8995]]},"properties":{"n":"成田〜アメリカ(サンディエゴ)","op":null,"mode":"air","pax":67704,"intl":true}},{"type":"Feature","geometry":{"type":"LineString","coordinates":[[-77.0094,38.8995],[140.3864,35.7647]]},"properties":{"n":"アメリカ(サンディエゴ)〜成田","op":null,"mode":"air","pax":67704,"intl":true}},{"type":"Feature","geometry":{"type":"LineString","coordinates":[[139.7811,35.5533],[-77.0094,38.8995]]},"properties":{"n":"東京〜アメリカ(シアトル)","op":null,"mode":"air","pax":95004,"intl":true}},{"type":"Feature","geometry":{"type":"LineString","coordinates":[[-77.0094,38.8995],[139.7811,35.5533]]},"properties":{"n":"アメリカ(シアトル)〜東京","op":null,"mode":"air","pax":95004,"intl":true}},{"type":"Feature","geometry":{"type":"LineString","coordinates":[[140.3864,35.7647],[-77.0094,38.8995]]},"properties":{"n":"成田〜アメリカ(シアトル)","op":null,"mode":"air","pax":194012,"intl":true}},{"type":"Feature","geometry":{"type":"LineString","coordinates":[[-77.0094,38.8995],[140.3864,35.7647]]},"properties":{"n":"アメリカ(シアトル)〜成田","op":null,"mode":"air","pax":194012,"intl":true}},{"type":"Feature","geometry":{"type":"LineString","coordinates":[[139.7811,35.5533],[-75.7,45.4167]]},"properties":{"n":"東京〜カナダ(トロント)","op":null,"mode":"air","pax":91364,"intl":true}},{"type":"Feature","geometry":{"type":"LineString","coordinates":[[-75.7,45.4167],[139.7811,35.5533]]},"properties":{"n":"カナダ(トロント)〜東京","op":null,"mode":"air","pax":91364,"intl":true}},{"type":"Feature","geometry":{"type":"LineString","coordinates":[[140.3864,35.7647],[-75.7,45.4167]]},"properties":{"n":"成田〜カナダ(トロント)","op":null,"mode":"air","pax":127036,"intl":true}},{"type":"Feature","geometry":{"type":"LineString","coordinates":[[-75.7,45.4167],[140.3864,35.7647]]},"properties":{"n":"カナダ(トロント)〜成田","op":null,"mode":"air","pax":127036,"intl":true}},{"type":"Feature","geometry":{"type":"LineString","coordinates":[[139.7811,35.5533],[-75.7,45.4167]]},"properties":{"n":"東京〜カナダ(バンクーバー)","op":null,"mode":"air","pax":77896,"intl":true}},{"type":"Feature","geometry":{"type":"LineString","coordinates":[[-75.7,45.4167],[139.7811,35.5533]]},"properties":{"n":"カナダ(バンクーバー)〜東京","op":null,"mode":"air","pax":77896,"intl":true}},{"type":"Feature","geometry":{"type":"LineString","coordinates":[[140.3864,35.7647],[-75.7,45.4167]]},"properties":{"n":"成田〜カナダ(バンクーバー)","op":null,"mode":"air","pax":137228,"intl":true}},{"type":"Feature","geometry":{"type":"LineString","coordinates":[[-75.7,45.4167],[140.3864,35.7647]]},"properties":{"n":"カナダ(バンクーバー)〜成田","op":null,"mode":"air","pax":137228,"intl":true}},{"type":"Feature","geometry":{"type":"LineString","coordinates":[[140.3864,35.7647],[-77.0094,38.8995]]},"properties":{"n":"成田〜アメリカ(ワシントン)","op":null,"mode":"air","pax":221312,"intl":true}},{"type":"Feature","geometry":{"type":"LineString","coordinates":[[-77.0094,38.8995],[140.3864,35.7647]]},"properties":{"n":"アメリカ(ワシントン)〜成田","op":null,"mode":"air","pax":221312,"intl":true}},{"type":"Feature","geometry":{"type":"LineString","coordinates":[[140.3864,35.7647],[54.3666,24.4667]]},"properties":{"n":"成田〜アラブ首長国連邦(アブダビ)","op":null,"mode":"air","pax":87360,"intl":true}},{"type":"Feature","geometry":{"type":"LineString","coordinates":[[54.3666,24.4667],[140.3864,35.7647]]},"properties":{"n":"アラブ首長国連邦(アブダビ)〜成田","op":null,"mode":"air","pax":87360,"intl":true}},{"type":"Feature","geometry":{"type":"LineString","coordinates":[[140.3864,35.7647],[4.9166,52.35]]},"properties":{"n":"成田〜オランダ(アムステルダム)","op":null,"mode":"air","pax":97552,"intl":true}},{"type":"Feature","geometry":{"type":"LineString","coordinates":[[4.9166,52.35],[140.3864,35.7647]]},"properties":{"n":"オランダ(アムステルダム)〜成田","op":null,"mode":"air","pax":97552,"intl":true}},{"type":"Feature","geometry":{"type":"LineString","coordinates":[[140.3864,35.7647],[12.5635,55.6786]]},"properties":{"n":"成田〜デンマーク(コペンハーゲン)","op":null,"mode":"air","pax":89180,"intl":true}},{"type":"Feature","geometry":{"type":"LineString","coordinates":[[12.5635,55.6786],[140.3864,35.7647]]},"properties":{"n":"デンマーク(コペンハーゲン)〜成田","op":null,"mode":"air","pax":89180,"intl":true}},{"type":"Feature","geometry":{"type":"LineString","coordinates":[[139.7811,35.5533],[51.533,25.2866]]},"properties":{"n":"東京〜カタール(ドーハ)","op":null,"mode":"air","pax":92456,"intl":true}},{"type":"Feature","geometry":{"type":"LineString","coordinates":[[51.533,25.2866],[139.7811,35.5533]]},"properties":{"n":"カタール(ドーハ)〜東京","op":null,"mode":"air","pax":92456,"intl":true}},{"type":"Feature","geometry":{"type":"LineString","coordinates":[[140.3864,35.7647],[51.533,25.2866]]},"properties":{"n":"成田〜カタール(ドーハ)","op":null,"mode":"air","pax":94276,"intl":true}},{"type":"Feature","geometry":{"type":"LineString","coordinates":[[51.533,25.2866],[140.3864,35.7647]]},"properties":{"n":"カタール(ドーハ)〜成田","op":null,"mode":"air","pax":94276,"intl":true}},{"type":"Feature","geometry":{"type":"LineString","coordinates":[[139.7811,35.5533],[54.3666,24.4667]]},"properties":{"n":"東京〜アラブ首長国連邦(ドバイ)","op":null,"mode":"air","pax":125944,"intl":true}},{"type":"Feature","geometry":{"type":"LineString","coordinates":[[54.3666,24.4667],[139.7811,35.5533]]},"properties":{"n":"アラブ首長国連邦(ドバイ)〜東京","op":null,"mode":"air","pax":125944,"intl":true}},{"type":"Feature","geometry":{"type":"LineString","coordinates":[[140.3864,35.7647],[54.3666,24.4667]]},"properties":{"n":"成田〜アラブ首長国連邦(ドバイ)","op":null,"mode":"air","pax":160888,"intl":true}},{"type":"Feature","geometry":{"type":"LineString","coordinates":[[54.3666,24.4667],[140.3864,35.7647]]},"properties":{"n":"アラブ首長国連邦(ドバイ)〜成田","op":null,"mode":"air","pax":160888,"intl":true}},{"type":"Feature","geometry":{"type":"LineString","coordinates":[[140.3864,35.7647],[13.4015,52.5218]]},"properties":{"n":"成田〜ドイツ(デュッセルドルフ)","op":null,"mode":"air","pax":87360,"intl":true}},{"type":"Feature","geometry":{"type":"LineString","coordinates":[[13.4015,52.5218],[140.3864,35.7647]]},"properties":{"n":"ドイツ(デュッセルドルフ)〜成田","op":null,"mode":"air","pax":87360,"intl":true}},{"type":"Feature","geometry":{"type":"LineString","coordinates":[[139.7811,35.5533],[13.4015,52.5218]]},"properties":{"n":"東京〜ドイツ(フランクフルト)","op":null,"mode":"air","pax":311584,"intl":true}},{"type":"Feature","geometry":{"type":"LineString","coordinates":[[13.4015,52.5218],[139.7811,35.5533]]},"properties":{"n":"ドイツ(フランクフルト)〜東京","op":null,"mode":"air","pax":311584,"intl":true}},{"type":"Feature","geometry":{"type":"LineString","coordinates":[[140.3864,35.7647],[13.4015,52.5218]]},"properties":{"n":"成田〜ドイツ(フランクフルト)","op":null,"mode":"air","pax":216944,"intl":true}},{"type":"Feature","geometry":{"type":"LineString","coordinates":[[13.4015,52.5218],[140.3864,35.7647]]},"properties":{"n":"ドイツ(フランクフルト)〜成田","op":null,"mode":"air","pax":216944,"intl":true}},{"type":"Feature","geometry":{"type":"LineString","coordinates":[[140.3864,35.7647],[24.9341,60.1756]]},"properties":{"n":"成田〜フィンランド(ヘルシンキ)","op":null,"mode":"air","pax":175812,"intl":true}},{"type":"Feature","geometry":{"type":"LineString","coordinates":[[24.9341,60.1756],[140.3864,35.7647]]},"properties":{"n":"フィンランド(ヘルシンキ)〜成田","op":null,"mode":"air","pax":175812,"intl":true}},{"type":"Feature","geometry":{"type":"LineString","coordinates":[[140.3864,35.7647],[32.8644,39.9272]]},"properties":{"n":"成田〜トルコ(アタチュルク)","op":null,"mode":"air","pax":227864,"intl":true}},{"type":"Feature","geometry":{"type":"LineString","coordinates":[[32.8644,39.9272],[140.3864,35.7647]]},"properties":{"n":"トルコ(アタチュルク)〜成田","op":null,"mode":"air","pax":227864,"intl":true}},{"type":"Feature","geometry":{"type":"LineString","coordinates":[[140.3864,35.7647],[37.6155,55.7522]]},"properties":{"n":"成田〜ロシア(ハバロフスク)","op":null,"mode":"air","pax":16432,"intl":true}},{"type":"Feature","geometry":{"type":"LineString","coordinates":[[37.6155,55.7522],[140.3864,35.7647]]},"properties":{"n":"ロシア(ハバロフスク)〜成田","op":null,"mode":"air","pax":16432,"intl":true}},{"type":"Feature","geometry":{"type":"LineString","coordinates":[[139.7811,35.5533],[-0.1167,51.5]]},"properties":{"n":"東京〜イギリス(ロンドン・ヒースロー)","op":null,"mode":"air","pax":285012,"intl":true}},{"type":"Feature","geometry":{"type":"LineString","coordinates":[[-0.1167,51.5],[139.7811,35.5533]]},"properties":{"n":"イギリス(ロンドン・ヒースロー)〜東京","op":null,"mode":"air","pax":285012,"intl":true}},{"type":"Feature","geometry":{"type":"LineString","coordinates":[[140.3864,35.7647],[-0.1167,51.5]]},"properties":{"n":"成田〜イギリス(ロンドン・ヒースロー)","op":null,"mode":"air","pax":212940,"intl":true}},{"type":"Feature","geometry":{"type":"LineString","coordinates":[[-0.1167,51.5],[140.3864,35.7647]]},"properties":{"n":"イギリス(ロンドン・ヒースロー)〜成田","op":null,"mode":"air","pax":212940,"intl":true}},{"type":"Feature","geometry":{"type":"LineString","coordinates":[[140.3864,35.7647],[-0.1167,51.5]]},"properties":{"n":"成田〜イギリス(ロンドン・ヒースロー)","op":null,"mode":"air","pax":31408,"intl":true}},{"type":"Feature","geometry":{"type":"LineString","coordinates":[[-0.1167,51.5],[140.3864,35.7647]]},"properties":{"n":"イギリス(ロンドン・ヒースロー)〜成田","op":null,"mode":"air","pax":31408,"intl":true}},{"type":"Feature","geometry":{"type":"LineString","coordinates":[[140.3864,35.7647],[12.4833,41.896]]},"properties":{"n":"成田〜イタリア(ミラノ)","op":null,"mode":"air","pax":60944,"intl":true}},{"type":"Feature","geometry":{"type":"LineString","coordinates":[[12.4833,41.896],[140.3864,35.7647]]},"properties":{"n":"イタリア(ミラノ)〜成田","op":null,"mode":"air","pax":60944,"intl":true}},{"type":"Feature","geometry":{"type":"LineString","coordinates":[[140.3864,35.7647],[37.6155,55.7522]]},"properties":{"n":"成田〜ロシア(ドモジェドボ)","op":null,"mode":"air","pax":29016,"intl":true}},{"type":"Feature","geometry":{"type":"LineString","coordinates":[[37.6155,55.7522],[140.3864,35.7647]]},"properties":{"n":"ロシア(ドモジェドボ)〜成田","op":null,"mode":"air","pax":29016,"intl":true}},{"type":"Feature","geometry":{"type":"LineString","coordinates":[[140.3864,35.7647],[37.6155,55.7522]]},"properties":{"n":"成田〜ロシア(シェレメーチエヴォ)","op":null,"mode":"air","pax":109928,"intl":true}},{"type":"Feature","geometry":{"type":"LineString","coordinates":[[37.6155,55.7522],[140.3864,35.7647]]},"properties":{"n":"ロシア(シェレメーチエヴォ)〜成田","op":null,"mode":"air","pax":109928,"intl":true}},{"type":"Feature","geometry":{"type":"LineString","coordinates":[[139.7811,35.5533],[13.4015,52.5218]]},"properties":{"n":"東京〜ドイツ(ミュンヘン)","op":null,"mode":"air","pax":182832,"intl":true}},{"type":"Feature","geometry":{"type":"LineString","coordinates":[[13.4015,52.5218],[139.7811,35.5533]]},"properties":{"n":"ドイツ(ミュンヘン)〜東京","op":null,"mode":"air","pax":182832,"intl":true}},{"type":"Feature","geometry":{"type":"LineString","coordinates":[[139.7811,35.5533],[2.3333,48.8667]]},"properties":{"n":"東京〜フランス(シャルルドゴール)","op":null,"mode":"air","pax":419536,"intl":true}},{"type":"Feature","geometry":{"type":"LineString","coordinates":[[2.3333,48.8667],[139.7811,35.5533]]},"properties":{"n":"フランス(シャルルドゴール)〜東京","op":null,"mode":"air","pax":419536,"intl":true}},{"type":"Feature","geometry":{"type":"LineString","coordinates":[[140.3864,35.7647],[2.3333,48.8667]]},"properties":{"n":"成田〜フランス(シャルルドゴール)","op":null,"mode":"air","pax":334152,"intl":true}},{"type":"Feature","geometry":{"type":"LineString","coordinates":[[2.3333,48.8667],[140.3864,35.7647]]},"properties":{"n":"フランス(シャルルドゴール)〜成田","op":null,"mode":"air","pax":334152,"intl":true}},{"type":"Feature","geometry":{"type":"LineString","coordinates":[[140.3864,35.7647],[2.3333,48.8667]]},"properties":{"n":"成田〜フランス(シャルルドゴール)","op":null,"mode":"air","pax":62816,"intl":true}},{"type":"Feature","geometry":{"type":"LineString","coordinates":[[2.3333,48.8667],[140.3864,35.7647]]},"properties":{"n":"フランス(シャルルドゴール)〜成田","op":null,"mode":"air","pax":62816,"intl":true}},{"type":"Feature","geometry":{"type":"LineString","coordinates":[[140.3864,35.7647],[12.4833,41.896]]},"properties":{"n":"成田〜イタリア(ローマ)","op":null,"mode":"air","pax":106652,"intl":true}},{"type":"Feature","geometry":{"type":"LineString","coordinates":[[12.4833,41.896],[140.3864,35.7647]]},"properties":{"n":"イタリア(ローマ)〜成田","op":null,"mode":"air","pax":106652,"intl":true}},{"type":"Feature","geometry":{"type":"LineString","coordinates":[[140.3864,35.7647],[12.4833,41.896]]},"properties":{"n":"成田〜イタリア(ローマ)","op":null,"mode":"air","pax":15704,"intl":true}},{"type":"Feature","geometry":{"type":"LineString","coordinates":[[12.4833,41.896],[140.3864,35.7647]]},"properties":{"n":"イタリア(ローマ)〜成田","op":null,"mode":"air","pax":15704,"intl":true}},{"type":"Feature","geometry":{"type":"LineString","coordinates":[[140.3864,35.7647],[69.2949,41.3117]]},"properties":{"n":"成田〜ウズベキスタン(タシケント)","op":null,"mode":"air","pax":13728,"intl":true}},{"type":"Feature","geometry":{"type":"LineString","coordinates":[[69.2949,41.3117],[140.3864,35.7647]]},"properties":{"n":"ウズベキスタン(タシケント)〜成田","op":null,"mode":"air","pax":13728,"intl":true}},{"type":"Feature","geometry":{"type":"LineString","coordinates":[[140.3864,35.7647],[12.4833,41.896]]},"properties":{"n":"成田〜イタリア(ヴェネティア)","op":null,"mode":"air","pax":30472,"intl":true}},{"type":"Feature","geometry":{"type":"LineString","coordinates":[[12.4833,41.896],[140.3864,35.7647]]},"properties":{"n":"イタリア(ヴェネティア)〜成田","op":null,"mode":"air","pax":30472,"intl":true}},{"type":"Feature","geometry":{"type":"LineString","coordinates":[[140.3864,35.7647],[16.3666,48.2]]},"properties":{"n":"成田〜オーストリア(ウィーン)","op":null,"mode":"air","pax":112112,"intl":true}},{"type":"Feature","geometry":{"type":"LineString","coordinates":[[16.3666,48.2],[140.3864,35.7647]]},"properties":{"n":"オーストリア(ウィーン)〜成田","op":null,"mode":"air","pax":112112,"intl":true}},{"type":"Feature","geometry":{"type":"LineString","coordinates":[[140.3864,35.7647],[37.6155,55.7522]]},"properties":{"n":"成田〜ロシア(ウラジオストク)","op":null,"mode":"air","pax":30264,"intl":true}},{"type":"Feature","geometry":{"type":"LineString","coordinates":[[37.6155,55.7522],[140.3864,35.7647]]},"properties":{"n":"ロシア(ウラジオストク)〜成田","op":null,"mode":"air","pax":30264,"intl":true}},{"type":"Feature","geometry":{"type":"LineString","coordinates":[[140.3864,35.7647],[7.467,46.9167]]},"properties":{"n":"成田〜スイス(チューリッヒ)","op":null,"mode":"air","pax":79716,"intl":true}},{"type":"Feature","geometry":{"type":"LineString","coordinates":[[7.467,46.9167],[140.3864,35.7647]]},"properties":{"n":"スイス(チューリッヒ)〜成田","op":null,"mode":"air","pax":79716,"intl":true}},{"type":"Feature","geometry":{"type":"LineString","coordinates":[[139.7811,35.5533],[100.5166,13.75]]},"properties":{"n":"東京〜タイ(バンコク)","op":null,"mode":"air","pax":605332,"intl":true}},{"type":"Feature","geometry":{"type":"LineString","coordinates":[[100.5166,13.75],[139.7811,35.5533]]},"properties":{"n":"タイ(バンコク)〜東京","op":null,"mode":"air","pax":605332,"intl":true}},{"type":"Feature","geometry":{"type":"LineString","coordinates":[[140.3864,35.7647],[100.5166,13.75]]},"properties":{"n":"成田〜タイ(バンコク)","op":null,"mode":"air","pax":790972,"intl":true}},{"type":"Feature","geometry":{"type":"LineString","coordinates":[[100.5166,13.75],[140.3864,35.7647]]},"properties":{"n":"タイ(バンコク)〜成田","op":null,"mode":"air","pax":790972,"intl":true}},{"type":"Feature","geometry":{"type":"LineString","coordinates":[[139.7811,35.5533],[116.3883,39.9289]]},"properties":{"n":"東京〜中国(北京)","op":null,"mode":"air","pax":369824,"intl":true}},{"type":"Feature","geometry":{"type":"LineString","coordinates":[[116.3883,39.9289],[139.7811,35.5533]]},"properties":{"n":"中国(北京)〜東京","op":null,"mode":"air","pax":369824,"intl":true}},{"type":"Feature","geometry":{"type":"LineString","coordinates":[[140.3864,35.7647],[116.3883,39.9289]]},"properties":{"n":"成田〜中国(北京)","op":null,"mode":"air","pax":521144,"intl":true}},{"type":"Feature","geometry":{"type":"LineString","coordinates":[[116.3883,39.9289],[140.3864,35.7647]]},"properties":{"n":"中国(北京)〜成田","op":null,"mode":"air","pax":521144,"intl":true}},{"type":"Feature","geometry":{"type":"LineString","coordinates":[[140.3864,35.7647],[116.3883,39.9289]]},"properties":{"n":"成田〜中国(北京)","op":null,"mode":"air","pax":63700,"intl":true}},{"type":"Feature","geometry":{"type":"LineString","coordinates":[[116.3883,39.9289],[140.3864,35.7647]]},"properties":{"n":"中国(北京)〜成田","op":null,"mode":"air","pax":63700,"intl":true}},{"type":"Feature","geometry":{"type":"LineString","coordinates":[[140.3864,35.7647],[116.3883,39.9289]]},"properties":{"n":"成田〜中国(北京)","op":null,"mode":"air","pax":26624,"intl":true}},{"type":"Feature","geometry":{"type":"LineString","coordinates":[[140.3864,35.7647],[126.9997,37.5663]]},"properties":{"n":"成田〜韓国(釜山)","op":null,"mode":"air","pax":312676,"intl":true}},{"type":"Feature","geometry":{"type":"LineString","coordinates":[[126.9997,37.5663],[140.3864,35.7647]]},"properties":{"n":"韓国(釜山)〜成田","op":null,"mode":"air","pax":312676,"intl":true}},{"type":"Feature","geometry":{"type":"LineString","coordinates":[[140.3864,35.7647],[120.9822,14.6042]]},"properties":{"n":"成田〜フィリピン(セブ)","op":null,"mode":"air","pax":144872,"intl":true}},{"type":"Feature","geometry":{"type":"LineString","coordinates":[[120.9822,14.6042],[140.3864,35.7647]]},"properties":{"n":"フィリピン(セブ)〜成田","op":null,"mode":"air","pax":144872,"intl":true}},{"type":"Feature","geometry":{"type":"LineString","coordinates":[[140.3864,35.7647],[116.3883,39.9289]]},"properties":{"n":"成田〜中国(成都)","op":null,"mode":"air","pax":57512,"intl":true}},{"type":"Feature","geometry":{"type":"LineString","coordinates":[[116.3883,39.9289],[140.3864,35.7647]]},"properties":{"n":"中国(成都)〜成田","op":null,"mode":"air","pax":57512,"intl":true}},{"type":"Feature","geometry":{"type":"LineString","coordinates":[[140.3864,35.7647],[116.3883,39.9289]]},"properties":{"n":"成田〜中国(成都)","op":null,"mode":"air","pax":77896,"intl":true}},{"type":"Feature","geometry":{"type":"LineString","coordinates":[[116.3883,39.9289],[140.3864,35.7647]]},"properties":{"n":"中国(成都)〜成田","op":null,"mode":"air","pax":77896,"intl":true}},{"type":"Feature","geometry":{"type":"LineString","coordinates":[[140.3864,35.7647],[116.3883,39.9289]]},"properties":{"n":"成田〜中国(長春)","op":null,"mode":"air","pax":9308,"intl":true}},{"type":"Feature","geometry":{"type":"LineString","coordinates":[[116.3883,39.9289],[140.3864,35.7647]]},"properties":{"n":"中国(長春)〜成田","op":null,"mode":"air","pax":9308,"intl":true}},{"type":"Feature","geometry":{"type":"LineString","coordinates":[[140.3864,35.7647],[116.3883,39.9289]]},"properties":{"n":"成田〜中国(重慶)","op":null,"mode":"air","pax":46592,"intl":true}},{"type":"Feature","geometry":{"type":"LineString","coordinates":[[116.3883,39.9289],[140.3864,35.7647]]},"properties":{"n":"中国(重慶)〜成田","op":null,"mode":"air","pax":46592,"intl":true}},{"type":"Feature","geometry":{"type":"LineString","coordinates":[[140.3864,35.7647],[79.8578,6.932]]},"properties":{"n":"成田〜スリランカ(コロンボ)","op":null,"mode":"air","pax":65312,"intl":true}},{"type":"Feature","geometry":{"type":"LineString","coordinates":[[79.8578,6.932],[140.3864,35.7647]]},"properties":{"n":"スリランカ(コロンボ)〜成田","op":null,"mode":"air","pax":65312,"intl":true}},{"type":"Feature","geometry":{"type":"LineString","coordinates":[[140.3864,35.7647],[116.3883,39.9289]]},"properties":{"n":"成田〜中国(大連)","op":null,"mode":"air","pax":220584,"intl":true}},{"type":"Feature","geometry":{"type":"LineString","coordinates":[[116.3883,39.9289],[140.3864,35.7647]]},"properties":{"n":"中国(大連)〜成田","op":null,"mode":"air","pax":220584,"intl":true}},{"type":"Feature","geometry":{"type":"LineString","coordinates":[[140.3864,35.7647],[105.85,21.0333]]},"properties":{"n":"成田〜ベトナム(ダナン)","op":null,"mode":"air","pax":38272,"intl":true}},{"type":"Feature","geometry":{"type":"LineString","coordinates":[[105.85,21.0333],[140.3864,35.7647]]},"properties":{"n":"ベトナム(ダナン)〜成田","op":null,"mode":"air","pax":38272,"intl":true}},{"type":"Feature","geometry":{"type":"LineString","coordinates":[[140.3864,35.7647],[77.2,28.6]]},"properties":{"n":"成田〜インド(デリー)","op":null,"mode":"air","pax":231400,"intl":true}},{"type":"Feature","geometry":{"type":"LineString","coordinates":[[77.2,28.6],[140.3864,35.7647]]},"properties":{"n":"インド(デリー)〜成田","op":null,"mode":"air","pax":231400,"intl":true}},{"type":"Feature","geometry":{"type":"LineString","coordinates":[[139.7811,35.5533],[106.8294,-6.1744]]},"properties":{"n":"東京〜インドネシア(デンパサール)","op":null,"mode":"air","pax":80808,"intl":true}},{"type":"Feature","geometry":{"type":"LineString","coordinates":[[106.8294,-6.1744],[139.7811,35.5533]]},"properties":{"n":"インドネシア(デンパサール)〜東京","op":null,"mode":"air","pax":80808,"intl":true}},{"type":"Feature","geometry":{"type":"LineString","coordinates":[[140.3864,35.7647],[106.8294,-6.1744]]},"properties":{"n":"成田〜インドネシア(デンパサール)","op":null,"mode":"air","pax":114296,"intl":true}},{"type":"Feature","geometry":{"type":"LineString","coordinates":[[106.8294,-6.1744],[140.3864,35.7647]]},"properties":{"n":"インドネシア(デンパサール)〜成田","op":null,"mode":"air","pax":114296,"intl":true}},{"type":"Feature","geometry":{"type":"LineString","coordinates":[[140.3864,35.7647],[116.3883,39.9289]]},"properties":{"n":"成田〜中国(広州)","op":null,"mode":"air","pax":256256,"intl":true}},{"type":"Feature","geometry":{"type":"LineString","coordinates":[[116.3883,39.9289],[140.3864,35.7647]]},"properties":{"n":"中国(広州)〜成田","op":null,"mode":"air","pax":256256,"intl":true}},{"type":"Feature","geometry":{"type":"LineString","coordinates":[[139.7811,35.5533],[105.85,21.0333]]},"properties":{"n":"東京〜ベトナム(ハノイ)","op":null,"mode":"air","pax":154336,"intl":true}},{"type":"Feature","geometry":{"type":"LineString","coordinates":[[105.85,21.0333],[139.7811,35.5533]]},"properties":{"n":"ベトナム(ハノイ)〜東京","op":null,"mode":"air","pax":154336,"intl":true}},{"type":"Feature","geometry":{"type":"LineString","coordinates":[[140.3864,35.7647],[105.85,21.0333]]},"properties":{"n":"成田〜ベトナム(ハノイ)","op":null,"mode":"air","pax":186368,"intl":true}},{"type":"Feature","geometry":{"type":"LineString","coordinates":[[105.85,21.0333],[140.3864,35.7647]]},"properties":{"n":"ベトナム(ハノイ)〜成田","op":null,"mode":"air","pax":186368,"intl":true}},{"type":"Feature","geometry":{"type":"LineString","coordinates":[[140.3864,35.7647],[105.85,21.0333]]},"properties":{"n":"成田〜ベトナム(ホーチミンシティ)","op":null,"mode":"air","pax":331240,"intl":true}},{"type":"Feature","geometry":{"type":"LineString","coordinates":[[105.85,21.0333],[140.3864,35.7647]]},"properties":{"n":"ベトナム(ホーチミンシティ)〜成田","op":null,"mode":"air","pax":331240,"intl":true}},{"type":"Feature","geometry":{"type":"LineString","coordinates":[[139.7811,35.5533],[105.85,21.0333]]},"properties":{"n":"東京〜ベトナム(ホーチミンシティ)","op":null,"mode":"air","pax":84448,"intl":true}},{"type":"Feature","geometry":{"type":"LineString","coordinates":[[105.85,21.0333],[139.7811,35.5533]]},"properties":{"n":"ベトナム(ホーチミンシティ)〜東京","op":null,"mode":"air","pax":84448,"intl":true}},{"type":"Feature","geometry":{"type":"LineString","coordinates":[[139.7811,35.5533],[116.3883,39.9289]]},"properties":{"n":"東京〜中国(香港)","op":null,"mode":"air","pax":534716,"intl":true}},{"type":"Feature","geometry":{"type":"LineString","coordinates":[[116.3883,39.9289],[139.7811,35.5533]]},"properties":{"n":"中国(香港)〜東京","op":null,"mode":"air","pax":534716,"intl":true}},{"type":"Feature","geometry":{"type":"LineString","coordinates":[[140.3864,35.7647],[116.3883,39.9289]]},"properties":{"n":"成田〜中国(香港)","op":null,"mode":"air","pax":892164,"intl":true}},{"type":"Feature","geometry":{"type":"LineString","coordinates":[[116.3883,39.9289],[140.3864,35.7647]]},"properties":{"n":"中国(香港)〜成田","op":null,"mode":"air","pax":892164,"intl":true}},{"type":"Feature","geometry":{"type":"LineString","coordinates":[[140.3864,35.7647],[116.3883,39.9289]]},"properties":{"n":"成田〜中国(香港)","op":null,"mode":"air","pax":144872,"intl":true}},{"type":"Feature","geometry":{"type":"LineString","coordinates":[[116.3883,39.9289],[140.3864,35.7647]]},"properties":{"n":"中国(香港)〜成田","op":null,"mode":"air","pax":144872,"intl":true}},{"type":"Feature","geometry":{"type":"LineString","coordinates":[[140.3864,35.7647],[116.3883,39.9289]]},"properties":{"n":"成田〜中国(杭州)","op":null,"mode":"air","pax":43680,"intl":true}},{"type":"Feature","geometry":{"type":"LineString","coordinates":[[116.3883,39.9289],[140.3864,35.7647]]},"properties":{"n":"中国(杭州)〜成田","op":null,"mode":"air","pax":43680,"intl":true}},{"type":"Feature","geometry":{"type":"LineString","coordinates":[[140.3864,35.7647],[73.1666,33.7]]},"properties":{"n":"成田〜パキスタン(イスラマバード)","op":null,"mode":"air","pax":19136,"intl":true}},{"type":"Feature","geometry":{"type":"LineString","coordinates":[[73.1666,33.7],[140.3864,35.7647]]},"properties":{"n":"パキスタン(イスラマバード)〜成田","op":null,"mode":"air","pax":19136,"intl":true}},{"type":"Feature","geometry":{"type":"LineString","coordinates":[[139.7811,35.5533],[106.8294,-6.1744]]},"properties":{"n":"東京〜インドネシア(ジャカルタ)","op":null,"mode":"air","pax":180908,"intl":true}},{"type":"Feature","geometry":{"type":"LineString","coordinates":[[106.8294,-6.1744],[139.7811,35.5533]]},"properties":{"n":"インドネシア(ジャカルタ)〜東京","op":null,"mode":"air","pax":180908,"intl":true}},{"type":"Feature","geometry":{"type":"LineString","coordinates":[[140.3864,35.7647],[106.8294,-6.1744]]},"properties":{"n":"成田〜インドネシア(ジャカルタ)","op":null,"mode":"air","pax":374920,"intl":true}},{"type":"Feature","geometry":{"type":"LineString","coordinates":[[106.8294,-6.1744],[140.3864,35.7647]]},"properties":{"n":"インドネシア(ジャカルタ)〜成田","op":null,"mode":"air","pax":374920,"intl":true}},{"type":"Feature","geometry":{"type":"LineString","coordinates":[[140.3864,35.7647],[126.9997,37.5663]]},"properties":{"n":"成田〜韓国(済州)","op":null,"mode":"air","pax":68432,"intl":true}},{"type":"Feature","geometry":{"type":"LineString","coordinates":[[126.9997,37.5663],[140.3864,35.7647]]},"properties":{"n":"韓国(済州)〜成田","op":null,"mode":"air","pax":68432,"intl":true}},{"type":"Feature","geometry":{"type":"LineString","coordinates":[[140.3864,35.7647],[121.45,25.0167]]},"properties":{"n":"成田〜台湾(高雄)","op":null,"mode":"air","pax":208936,"intl":true}},{"type":"Feature","geometry":{"type":"LineString","coordinates":[[121.45,25.0167],[140.3864,35.7647]]},"properties":{"n":"台湾(高雄)〜成田","op":null,"mode":"air","pax":208936,"intl":true}},{"type":"Feature","geometry":{"type":"LineString","coordinates":[[140.3864,35.7647],[101.7,3.1667]]},"properties":{"n":"成田〜マレーシア(コタキナバル)","op":null,"mode":"air","pax":24960,"intl":true}},{"type":"Feature","geometry":{"type":"LineString","coordinates":[[101.7,3.1667],[140.3864,35.7647]]},"properties":{"n":"マレーシア(コタキナバル)〜成田","op":null,"mode":"air","pax":24960,"intl":true}},{"type":"Feature","geometry":{"type":"LineString","coordinates":[[139.7811,35.5533],[101.7,3.1667]]},"properties":{"n":"東京〜マレーシア(クアラルンプール)","op":null,"mode":"air","pax":137228,"intl":true}},{"type":"Feature","geometry":{"type":"LineString","coordinates":[[101.7,3.1667],[139.7811,35.5533]]},"properties":{"n":"マレーシア(クアラルンプール)〜東京","op":null,"mode":"air","pax":137228,"intl":true}},{"type":"Feature","geometry":{"type":"LineString","coordinates":[[140.3864,35.7647],[101.7,3.1667]]},"properties":{"n":"成田〜マレーシア(クアラルンプール)","op":null,"mode":"air","pax":231088,"intl":true}},{"type":"Feature","geometry":{"type":"LineString","coordinates":[[101.7,3.1667],[140.3864,35.7647]]},"properties":{"n":"マレーシア(クアラルンプール)〜成田","op":null,"mode":"air","pax":231088,"intl":true}},{"type":"Feature","geometry":{"type":"LineString","coordinates":[[140.3864,35.7647],[73.1666,33.7]]},"properties":{"n":"成田〜パキスタン(ラホール)","op":null,"mode":"air","pax":19136,"intl":true}},{"type":"Feature","geometry":{"type":"LineString","coordinates":[[73.1666,33.7],[140.3864,35.7647]]},"properties":{"n":"パキスタン(ラホール)〜成田","op":null,"mode":"air","pax":9568,"intl":true}},{"type":"Feature","geometry":{"type":"LineString","coordinates":[[140.3864,35.7647],[116.3883,39.9289]]},"properties":{"n":"成田〜中国(マカオ)","op":null,"mode":"air","pax":25376,"intl":true}},{"type":"Feature","geometry":{"type":"LineString","coordinates":[[116.3883,39.9289],[140.3864,35.7647]]},"properties":{"n":"中国(マカオ)〜成田","op":null,"mode":"air","pax":25376,"intl":true}},{"type":"Feature","geometry":{"type":"LineString","coordinates":[[139.7811,35.5533],[120.9822,14.6042]]},"properties":{"n":"東京〜フィリピン(マニラ)","op":null,"mode":"air","pax":159796,"intl":true}},{"type":"Feature","geometry":{"type":"LineString","coordinates":[[120.9822,14.6042],[139.7811,35.5533]]},"properties":{"n":"フィリピン(マニラ)〜東京","op":null,"mode":"air","pax":159796,"intl":true}},{"type":"Feature","geometry":{"type":"LineString","coordinates":[[140.3864,35.7647],[120.9822,14.6042]]},"properties":{"n":"成田〜フィリピン(マニラ)","op":null,"mode":"air","pax":744744,"intl":true}},{"type":"Feature","geometry":{"type":"LineString","coordinates":[[120.9822,14.6042],[140.3864,35.7647]]},"properties":{"n":"フィリピン(マニラ)〜成田","op":null,"mode":"air","pax":744744,"intl":true}},{"type":"Feature","geometry":{"type":"LineString","coordinates":[[140.3864,35.7647],[77.2,28.6]]},"properties":{"n":"成田〜インド(ムンバイ)","op":null,"mode":"air","pax":43680,"intl":true}},{"type":"Feature","geometry":{"type":"LineString","coordinates":[[77.2,28.6],[140.3864,35.7647]]},"properties":{"n":"インド(ムンバイ)〜成田","op":null,"mode":"air","pax":43680,"intl":true}},{"type":"Feature","geometry":{"type":"LineString","coordinates":[[140.3864,35.7647],[116.3883,39.9289]]},"properties":{"n":"成田〜中国(南京)","op":null,"mode":"air","pax":16224,"intl":true}},{"type":"Feature","geometry":{"type":"LineString","coordinates":[[116.3883,39.9289],[140.3864,35.7647]]},"properties":{"n":"中国(南京)〜成田","op":null,"mode":"air","pax":16224,"intl":true}},{"type":"Feature","geometry":{"type":"LineString","coordinates":[[140.3864,35.7647],[116.3883,39.9289]]},"properties":{"n":"成田〜中国(青島)","op":null,"mode":"air","pax":77896,"intl":true}},{"type":"Feature","geometry":{"type":"LineString","coordinates":[[116.3883,39.9289],[140.3864,35.7647]]},"properties":{"n":"中国(青島)〜成田","op":null,"mode":"air","pax":77896,"intl":true}},{"type":"Feature","geometry":{"type":"LineString","coordinates":[[139.7811,35.5533],[126.9997,37.5663]]},"properties":{"n":"東京〜韓国(金浦)","op":null,"mode":"air","pax":1225224,"intl":true}},{"type":"Feature","geometry":{"type":"LineString","coordinates":[[126.9997,37.5663],[139.7811,35.5533]]},"properties":{"n":"韓国(金浦)〜東京","op":null,"mode":"air","pax":1225224,"intl":true}},{"type":"Feature","geometry":{"type":"LineString","coordinates":[[139.7811,35.5533],[126.9997,37.5663]]},"properties":{"n":"東京〜韓国(仁川)","op":null,"mode":"air","pax":126308,"intl":true}},{"type":"Feature","geometry":{"type":"LineString","coordinates":[[126.9997,37.5663],[139.7811,35.5533]]},"properties":{"n":"韓国(仁川)〜東京","op":null,"mode":"air","pax":126308,"intl":true}},{"type":"Feature","geometry":{"type":"LineString","coordinates":[[140.3864,35.7647],[126.9997,37.5663]]},"properties":{"n":"成田〜韓国(仁川)","op":null,"mode":"air","pax":1198288,"intl":true}},{"type":"Feature","geometry":{"type":"LineString","coordinates":[[126.9997,37.5663],[140.3864,35.7647]]},"properties":{"n":"韓国(仁川)〜成田","op":null,"mode":"air","pax":1198288,"intl":true}},{"type":"Feature","geometry":{"type":"LineString","coordinates":[[139.7811,35.5533],[116.3883,39.9289]]},"properties":{"n":"東京〜中国(虹橋)","op":null,"mode":"air","pax":397852,"intl":true}},{"type":"Feature","geometry":{"type":"LineString","coordinates":[[116.3883,39.9289],[139.7811,35.5533]]},"properties":{"n":"中国(虹橋)〜東京","op":null,"mode":"air","pax":397852,"intl":true}},{"type":"Feature","geometry":{"type":"LineString","coordinates":[[140.3864,35.7647],[116.3883,39.9289]]},"properties":{"n":"成田〜中国(浦東)","op":null,"mode":"air","pax":1061788,"intl":true}},{"type":"Feature","geometry":{"type":"LineString","coordinates":[[116.3883,39.9289],[140.3864,35.7647]]},"properties":{"n":"中国(浦東)〜成田","op":null,"mode":"air","pax":1050868,"intl":true}},{"type":"Feature","geometry":{"type":"LineString","coordinates":[[140.3864,35.7647],[116.3883,39.9289]]},"properties":{"n":"成田〜中国(瀋陽)","op":null,"mode":"air","pax":71604,"intl":true}},{"type":"Feature","geometry":{"type":"LineString","coordinates":[[116.3883,39.9289],[140.3864,35.7647]]},"properties":{"n":"中国(瀋陽)〜成田","op":null,"mode":"air","pax":71604,"intl":true}},{"type":"Feature","geometry":{"type":"LineString","coordinates":[[140.3864,35.7647],[116.3883,39.9289]]},"properties":{"n":"成田〜中国(深せん)","op":null,"mode":"air","pax":125216,"intl":true}},{"type":"Feature","geometry":{"type":"LineString","coordinates":[[116.3883,39.9289],[140.3864,35.7647]]},"properties":{"n":"中国(深せん)〜成田","op":null,"mode":"air","pax":64428,"intl":true}},{"type":"Feature","geometry":{"type":"LineString","coordinates":[[139.7811,35.5533],[103.8558,1.293]]},"properties":{"n":"東京〜シンガポール(シンガポール)","op":null,"mode":"air","pax":697424,"intl":true}},{"type":"Feature","geometry":{"type":"LineString","coordinates":[[103.8558,1.293],[139.7811,35.5533]]},"properties":{"n":"シンガポール(シンガポール)〜東京","op":null,"mode":"air","pax":697424,"intl":true}},{"type":"Feature","geometry":{"type":"LineString","coordinates":[[140.3864,35.7647],[103.8558,1.293]]},"properties":{"n":"成田〜シンガポール(シンガポール)","op":null,"mode":"air","pax":677768,"intl":true}},{"type":"Feature","geometry":{"type":"LineString","coordinates":[[103.8558,1.293],[140.3864,35.7647]]},"properties":{"n":"シンガポール(シンガポール)〜成田","op":null,"mode":"air","pax":677768,"intl":true}},{"type":"Feature","geometry":{"type":"LineString","coordinates":[[140.3864,35.7647],[103.8558,1.293]]},"properties":{"n":"成田〜シンガポール(シンガポール)","op":null,"mode":"air","pax":146328,"intl":true}},{"type":"Feature","geometry":{"type":"LineString","coordinates":[[103.8558,1.293],[140.3864,35.7647]]},"properties":{"n":"シンガポール(シンガポール)〜成田","op":null,"mode":"air","pax":146328,"intl":true}},{"type":"Feature","geometry":{"type":"LineString","coordinates":[[139.7811,35.5533],[121.45,25.0167]]},"properties":{"n":"東京〜台湾(松山)","op":null,"mode":"air","pax":782600,"intl":true}},{"type":"Feature","geometry":{"type":"LineString","coordinates":[[121.45,25.0167],[139.7811,35.5533]]},"properties":{"n":"台湾(松山)〜東京","op":null,"mode":"air","pax":782600,"intl":true}},{"type":"Feature","geometry":{"type":"LineString","coordinates":[[140.3864,35.7647],[106.9166,47.9167]]},"properties":{"n":"成田〜モンゴル(ウランバートル)","op":null,"mode":"air","pax":25272,"intl":true}},{"type":"Feature","geometry":{"type":"LineString","coordinates":[[106.9166,47.9167],[140.3864,35.7647]]},"properties":{"n":"モンゴル(ウランバートル)〜成田","op":null,"mode":"air","pax":25272,"intl":true}},{"type":"Feature","geometry":{"type":"LineString","coordinates":[[140.3864,35.7647],[116.3883,39.9289]]},"properties":{"n":"成田〜中国(厦門)","op":null,"mode":"air","pax":77896,"intl":true}},{"type":"Feature","geometry":{"type":"LineString","coordinates":[[116.3883,39.9289],[140.3864,35.7647]]},"properties":{"n":"中国(厦門)〜成田","op":null,"mode":"air","pax":77896,"intl":true}},{"type":"Feature","geometry":{"type":"LineString","coordinates":[[140.3864,35.7647],[121.45,25.0167]]},"properties":{"n":"成田〜台湾(桃園)","op":null,"mode":"air","pax":1431976,"intl":true}},{"type":"Feature","geometry":{"type":"LineString","coordinates":[[121.45,25.0167],[140.3864,35.7647]]},"properties":{"n":"台湾(桃園)〜成田","op":null,"mode":"air","pax":1431976,"intl":true}},{"type":"Feature","geometry":{"type":"LineString","coordinates":[[140.3864,35.7647],[116.3883,39.9289]]},"properties":{"n":"成田〜中国(西安)","op":null,"mode":"air","pax":54600,"intl":true}},{"type":"Feature","geometry":{"type":"LineString","coordinates":[[116.3883,39.9289],[140.3864,35.7647]]},"properties":{"n":"中国(西安)〜成田","op":null,"mode":"air","pax":54600,"intl":true}},{"type":"Feature","geometry":{"type":"LineString","coordinates":[[140.3864,35.7647],[96.1647,16.7853]]},"properties":{"n":"成田〜ミャンマー(ヤンゴン)","op":null,"mode":"air","pax":77896,"intl":true}},{"type":"Feature","geometry":{"type":"LineString","coordinates":[[96.1647,16.7853],[140.3864,35.7647]]},"properties":{"n":"ミャンマー(ヤンゴン)〜成田","op":null,"mode":"air","pax":77896,"intl":true}},{"type":"Feature","geometry":{"type":"LineString","coordinates":[[140.3864,35.7647],[174.7833,-41.3]]},"properties":{"n":"成田〜ニュージーランド(オークランド)","op":null,"mode":"air","pax":83720,"intl":true}},{"type":"Feature","geometry":{"type":"LineString","coordinates":[[174.7833,-41.3],[140.3864,35.7647]]},"properties":{"n":"ニュージーランド(オークランド)〜成田","op":null,"mode":"air","pax":83720,"intl":true}},{"type":"Feature","geometry":{"type":"LineString","coordinates":[[140.3864,35.7647],[149.129,-35.283]]},"properties":{"n":"成田〜オーストラリア(ケアンズ)","op":null,"mode":"air","pax":121940,"intl":true}},{"type":"Feature","geometry":{"type":"LineString","coordinates":[[149.129,-35.283],[140.3864,35.7647]]},"properties":{"n":"オーストラリア(ケアンズ)〜成田","op":null,"mode":"air","pax":121940,"intl":true}},{"type":"Feature","geometry":{"type":"LineString","coordinates":[[140.3864,35.7647],[149.129,-35.283]]},"properties":{"n":"成田〜オーストラリア(ゴールドコースト)","op":null,"mode":"air","pax":121940,"intl":true}},{"type":"Feature","geometry":{"type":"LineString","coordinates":[[149.129,-35.283],[140.3864,35.7647]]},"properties":{"n":"オーストラリア(ゴールドコースト)〜成田","op":null,"mode":"air","pax":121940,"intl":true}},{"type":"Feature","geometry":{"type":"LineString","coordinates":[[140.3864,35.7647],[-77.0094,38.8995]]},"properties":{"n":"成田〜アメリカ(グアム)","op":null,"mode":"air","pax":585312,"intl":true}},{"type":"Feature","geometry":{"type":"LineString","coordinates":[[-77.0094,38.8995],[140.3864,35.7647]]},"properties":{"n":"アメリカ(グアム)〜成田","op":null,"mode":"air","pax":585312,"intl":true}},{"type":"Feature","geometry":{"type":"LineString","coordinates":[[140.3864,35.7647],[2.3333,48.8667]]},"properties":{"n":"成田〜フランス(ヌメア)","op":null,"mode":"air","pax":69160,"intl":true}},{"type":"Feature","geometry":{"type":"LineString","coordinates":[[2.3333,48.8667],[140.3864,35.7647]]},"properties":{"n":"フランス(ヌメア)〜成田","op":null,"mode":"air","pax":69160,"intl":true}},{"type":"Feature","geometry":{"type":"LineString","coordinates":[[140.3864,35.7647],[149.129,-35.283]]},"properties":{"n":"成田〜オーストラリア(メルボルン)","op":null,"mode":"air","pax":63024,"intl":true}},{"type":"Feature","geometry":{"type":"LineString","coordinates":[[149.129,-35.283],[140.3864,35.7647]]},"properties":{"n":"オーストラリア(メルボルン)〜成田","op":null,"mode":"air","pax":63024,"intl":true}},{"type":"Feature","geometry":{"type":"LineString","coordinates":[[140.3864,35.7647],[134.6265,7.4874]]},"properties":{"n":"成田〜パラオ共和国(パラオ)","op":null,"mode":"air","pax":18096,"intl":true}},{"type":"Feature","geometry":{"type":"LineString","coordinates":[[134.6265,7.4874],[140.3864,35.7647]]},"properties":{"n":"パラオ共和国(パラオ)〜成田","op":null,"mode":"air","pax":18096,"intl":true}},{"type":"Feature","geometry":{"type":"LineString","coordinates":[[140.3864,35.7647],[2.3333,48.8667]]},"properties":{"n":"成田〜フランス(パペーテ)","op":null,"mode":"air","pax":30576,"intl":true}},{"type":"Feature","geometry":{"type":"LineString","coordinates":[[2.3333,48.8667],[140.3864,35.7647]]},"properties":{"n":"フランス(パペーテ)〜成田","op":null,"mode":"air","pax":30576,"intl":true}},{"type":"Feature","geometry":{"type":"LineString","coordinates":[[140.3864,35.7647],[147.1925,-9.4647]]},"properties":{"n":"成田〜パプアニューギニア(ポートモレスピー)","op":null,"mode":"air","pax":11128,"intl":true}},{"type":"Feature","geometry":{"type":"LineString","coordinates":[[147.1925,-9.4647],[140.3864,35.7647]]},"properties":{"n":"パプアニューギニア(ポートモレスピー)〜成田","op":null,"mode":"air","pax":11128,"intl":true}},{"type":"Feature","geometry":{"type":"LineString","coordinates":[[140.3864,35.7647],[-77.0094,38.8995]]},"properties":{"n":"成田〜アメリカ(サイパン)","op":null,"mode":"air","pax":108576,"intl":true}},{"type":"Feature","geometry":{"type":"LineString","coordinates":[[-77.0094,38.8995],[140.3864,35.7647]]},"properties":{"n":"アメリカ(サイパン)〜成田","op":null,"mode":"air","pax":108576,"intl":true}},{"type":"Feature","geometry":{"type":"LineString","coordinates":[[140.3864,35.7647],[149.129,-35.283]]},"properties":{"n":"成田〜オーストラリア(シドニー)","op":null,"mode":"air","pax":242060,"intl":true}},{"type":"Feature","geometry":{"type":"LineString","coordinates":[[149.129,-35.283],[140.3864,35.7647]]},"properties":{"n":"オーストラリア(シドニー)〜成田","op":null,"mode":"air","pax":242060,"intl":true}},{"type":"Feature","geometry":{"type":"LineString","coordinates":[[135.2328,34.4342],[-77.0094,38.8995]]},"properties":{"n":"関西〜アメリカ(ホノルル)","op":null,"mode":"air","pax":327236,"intl":true}},{"type":"Feature","geometry":{"type":"LineString","coordinates":[[-77.0094,38.8995],[135.2328,34.4342]]},"properties":{"n":"アメリカ(ホノルル)〜関西","op":null,"mode":"air","pax":327236,"intl":true}},{"type":"Feature","geometry":{"type":"LineString","coordinates":[[135.2328,34.4342],[-77.0094,38.8995]]},"properties":{"n":"関西〜アメリカ(サンフランシスコ)","op":null,"mode":"air","pax":79716,"intl":true}},{"type":"Feature","geometry":{"type":"LineString","coordinates":[[-77.0094,38.8995],[135.2328,34.4342]]},"properties":{"n":"アメリカ(サンフランシスコ)〜関西","op":null,"mode":"air","pax":79716,"intl":true}},{"type":"Feature","geometry":{"type":"LineString","coordinates":[[135.2328,34.4342],[4.9166,52.35]]},"properties":{"n":"関西〜オランダ(アムステルダム)","op":null,"mode":"air","pax":154700,"intl":true}},{"type":"Feature","geometry":{"type":"LineString","coordinates":[[4.9166,52.35],[135.2328,34.4342]]},"properties":{"n":"オランダ(アムステルダム)〜関西","op":null,"mode":"air","pax":154700,"intl":true}},{"type":"Feature","geometry":{"type":"LineString","coordinates":[[135.2328,34.4342],[51.533,25.2866]]},"properties":{"n":"関西〜カタール(ドーハ)","op":null,"mode":"air","pax":99008,"intl":true}},{"type":"Feature","geometry":{"type":"LineString","coordinates":[[51.533,25.2866],[135.2328,34.4342]]},"properties":{"n":"カタール(ドーハ)〜関西","op":null,"mode":"air","pax":99008,"intl":true}},{"type":"Feature","geometry":{"type":"LineString","coordinates":[[135.2328,34.4342],[54.3666,24.4667]]},"properties":{"n":"関西〜アラブ首長国連邦(ドバイ)","op":null,"mode":"air","pax":160888,"intl":true}},{"type":"Feature","geometry":{"type":"LineString","coordinates":[[54.3666,24.4667],[135.2328,34.4342]]},"properties":{"n":"アラブ首長国連邦(ドバイ)〜関西","op":null,"mode":"air","pax":160888,"intl":true}},{"type":"Feature","geometry":{"type":"LineString","coordinates":[[135.2328,34.4342],[13.4015,52.5218]]},"properties":{"n":"関西〜ドイツ(フランクフルト)","op":null,"mode":"air","pax":128128,"intl":true}},{"type":"Feature","geometry":{"type":"LineString","coordinates":[[13.4015,52.5218],[135.2328,34.4342]]},"properties":{"n":"ドイツ(フランクフルト)〜関西","op":null,"mode":"air","pax":128128,"intl":true}},{"type":"Feature","geometry":{"type":"LineString","coordinates":[[135.2328,34.4342],[24.9341,60.1756]]},"properties":{"n":"関西〜フィンランド(ヘルシンキ)","op":null,"mode":"air","pax":108108,"intl":true}},{"type":"Feature","geometry":{"type":"LineString","coordinates":[[24.9341,60.1756],[135.2328,34.4342]]},"properties":{"n":"フィンランド(ヘルシンキ)〜関西","op":null,"mode":"air","pax":108108,"intl":true}},{"type":"Feature","geometry":{"type":"LineString","coordinates":[[135.2328,34.4342],[32.8644,39.9272]]},"properties":{"n":"関西〜トルコ(アタチュルク)","op":null,"mode":"air","pax":105196,"intl":true}},{"type":"Feature","geometry":{"type":"LineString","coordinates":[[32.8644,39.9272],[135.2328,34.4342]]},"properties":{"n":"トルコ(アタチュルク)〜関西","op":null,"mode":"air","pax":105196,"intl":true}},{"type":"Feature","geometry":{"type":"LineString","coordinates":[[135.2328,34.4342],[2.3333,48.8667]]},"properties":{"n":"関西〜フランス(シャルルドゴール)","op":null,"mode":"air","pax":112476,"intl":true}},{"type":"Feature","geometry":{"type":"LineString","coordinates":[[2.3333,48.8667],[135.2328,34.4342]]},"properties":{"n":"フランス(シャルルドゴール)〜関西","op":null,"mode":"air","pax":112476,"intl":true}},{"type":"Feature","geometry":{"type":"LineString","coordinates":[[135.2328,34.4342],[12.4833,41.896]]},"properties":{"n":"関西〜イタリア(ローマ)","op":null,"mode":"air","pax":69901,"intl":true}},{"type":"Feature","geometry":{"type":"LineString","coordinates":[[12.4833,41.896],[135.2328,34.4342]]},"properties":{"n":"イタリア(ローマ)〜関西","op":null,"mode":"air","pax":69901,"intl":true}},{"type":"Feature","geometry":{"type":"LineString","coordinates":[[135.2328,34.4342],[100.5166,13.75]]},"properties":{"n":"関西〜タイ(バンコク)","op":null,"mode":"air","pax":499512,"intl":true}},{"type":"Feature","geometry":{"type":"LineString","coordinates":[[100.5166,13.75],[135.2328,34.4342]]},"properties":{"n":"タイ(バンコク)〜関西","op":null,"mode":"air","pax":499512,"intl":true}},{"type":"Feature","geometry":{"type":"LineString","coordinates":[[135.2328,34.4342],[116.3883,39.9289]]},"properties":{"n":"関西〜中国(北京)","op":null,"mode":"air","pax":154700,"intl":true}},{"type":"Feature","geometry":{"type":"LineString","coordinates":[[116.3883,39.9289],[135.2328,34.4342]]},"properties":{"n":"中国(北京)〜関西","op":null,"mode":"air","pax":154700,"intl":true}},{"type":"Feature","geometry":{"type":"LineString","coordinates":[[135.2328,34.4342],[116.3883,39.9289]]},"properties":{"n":"関西〜中国(北京)","op":null,"mode":"air","pax":24336,"intl":true}},{"type":"Feature","geometry":{"type":"LineString","coordinates":[[116.3883,39.9289],[135.2328,34.4342]]},"properties":{"n":"中国(北京)〜関西","op":null,"mode":"air","pax":24336,"intl":true}},{"type":"Feature","geometry":{"type":"LineString","coordinates":[[135.2328,34.4342],[116.3883,39.9289]]},"properties":{"n":"関西〜中国(北京)","op":null,"mode":"air","pax":32448,"intl":true}},{"type":"Feature","geometry":{"type":"LineString","coordinates":[[116.3883,39.9289],[135.2328,34.4342]]},"properties":{"n":"中国(北京)〜関西","op":null,"mode":"air","pax":32448,"intl":true}},{"type":"Feature","geometry":{"type":"LineString","coordinates":[[135.2328,34.4342],[126.9997,37.5663]]},"properties":{"n":"関西〜韓国(釜山)","op":null,"mode":"air","pax":314496,"intl":true}},{"type":"Feature","geometry":{"type":"LineString","coordinates":[[126.9997,37.5663],[135.2328,34.4342]]},"properties":{"n":"韓国(釜山)〜関西","op":null,"mode":"air","pax":314496,"intl":true}},{"type":"Feature","geometry":{"type":"LineString","coordinates":[[135.2328,34.4342],[149.129,-35.283]]},"properties":{"n":"関西〜オーストラリア(ケアンズ)","op":null,"mode":"air","pax":82745,"intl":true}},{"type":"Feature","geometry":{"type":"LineString","coordinates":[[149.129,-35.283],[135.2328,34.4342]]},"properties":{"n":"オーストラリア(ケアンズ)〜関西","op":null,"mode":"air","pax":82745,"intl":true}},{"type":"Feature","geometry":{"type":"LineString","coordinates":[[135.2328,34.4342],[116.3883,39.9289]]},"properties":{"n":"関西〜中国(重慶)","op":null,"mode":"air","pax":28080,"intl":true}},{"type":"Feature","geometry":{"type":"LineString","coordinates":[[116.3883,39.9289],[135.2328,34.4342]]},"properties":{"n":"中国(重慶)〜関西","op":null,"mode":"air","pax":28080,"intl":true}},{"type":"Feature","geometry":{"type":"LineString","coordinates":[[135.2328,34.4342],[116.3883,39.9289]]},"properties":{"n":"関西〜中国(大連)","op":null,"mode":"air","pax":89024,"intl":true}},{"type":"Feature","geometry":{"type":"LineString","coordinates":[[116.3883,39.9289],[135.2328,34.4342]]},"properties":{"n":"中国(大連)〜関西","op":null,"mode":"air","pax":89024,"intl":true}},{"type":"Feature","geometry":{"type":"LineString","coordinates":[[135.2328,34.4342],[77.2,28.6]]},"properties":{"n":"関西〜インド(デリー)","op":null,"mode":"air","pax":39936,"intl":true}},{"type":"Feature","geometry":{"type":"LineString","coordinates":[[77.2,28.6],[135.2328,34.4342]]},"properties":{"n":"インド(デリー)〜関西","op":null,"mode":"air","pax":39936,"intl":true}},{"type":"Feature","geometry":{"type":"LineString","coordinates":[[135.2328,34.4342],[106.8294,-6.1744]]},"properties":{"n":"関西〜インドネシア(デンパサール)","op":null,"mode":"air","pax":93548,"intl":true}},{"type":"Feature","geometry":{"type":"LineString","coordinates":[[106.8294,-6.1744],[135.2328,34.4342]]},"properties":{"n":"インドネシア(デンパサール)〜関西","op":null,"mode":"air","pax":93548,"intl":true}},{"type":"Feature","geometry":{"type":"LineString","coordinates":[[135.2328,34.4342],[116.3883,39.9289]]},"properties":{"n":"関西〜中国(福州)","op":null,"mode":"air","pax":24648,"intl":true}},{"type":"Feature","geometry":{"type":"LineString","coordinates":[[116.3883,39.9289],[135.2328,34.4342]]},"properties":{"n":"中国(福州)〜関西","op":null,"mode":"air","pax":24648,"intl":true}},{"type":"Feature","geometry":{"type":"LineString","coordinates":[[135.2328,34.4342],[-77.0094,38.8995]]},"properties":{"n":"関西〜アメリカ(グアム)","op":null,"mode":"air","pax":252616,"intl":true}},{"type":"Feature","geometry":{"type":"LineString","coordinates":[[-77.0094,38.8995],[135.2328,34.4342]]},"properties":{"n":"アメリカ(グアム)〜関西","op":null,"mode":"air","pax":252616,"intl":true}},{"type":"Feature","geometry":{"type":"LineString","coordinates":[[135.2328,34.4342],[116.3883,39.9289]]},"properties":{"n":"関西〜中国(広州)","op":null,"mode":"air","pax":65156,"intl":true}},{"type":"Feature","geometry":{"type":"LineString","coordinates":[[116.3883,39.9289],[135.2328,34.4342]]},"properties":{"n":"中国(広州)〜関西","op":null,"mode":"air","pax":65156,"intl":true}},{"type":"Feature","geometry":{"type":"LineString","coordinates":[[135.2328,34.4342],[116.3883,39.9289]]},"properties":{"n":"関西〜中国(杭州)","op":null,"mode":"air","pax":43680,"intl":true}},{"type":"Feature","geometry":{"type":"LineString","coordinates":[[116.3883,39.9289],[135.2328,34.4342]]},"properties":{"n":"中国(杭州)〜関西","op":null,"mode":"air","pax":43680,"intl":true}},{"type":"Feature","geometry":{"type":"LineString","coordinates":[[135.2328,34.4342],[105.85,21.0333]]},"properties":{"n":"関西〜ベトナム(ハノイ)","op":null,"mode":"air","pax":66976,"intl":true}},{"type":"Feature","geometry":{"type":"LineString","coordinates":[[105.85,21.0333],[135.2328,34.4342]]},"properties":{"n":"ベトナム(ハノイ)〜関西","op":null,"mode":"air","pax":66976,"intl":true}},{"type":"Feature","geometry":{"type":"LineString","coordinates":[[135.2328,34.4342],[116.3883,39.9289]]},"properties":{"n":"関西〜中国(ハルビン)","op":null,"mode":"air","pax":17784,"intl":true}},{"type":"Feature","geometry":{"type":"LineString","coordinates":[[116.3883,39.9289],[135.2328,34.4342]]},"properties":{"n":"中国(ハルビン)〜関西","op":null,"mode":"air","pax":17784,"intl":true}},{"type":"Feature","geometry":{"type":"LineString","coordinates":[[135.2328,34.4342],[105.85,21.0333]]},"properties":{"n":"関西〜ベトナム(ホーチミンシティ)","op":null,"mode":"air","pax":101920,"intl":true}},{"type":"Feature","geometry":{"type":"LineString","coordinates":[[105.85,21.0333],[135.2328,34.4342]]},"properties":{"n":"ベトナム(ホーチミンシティ)〜関西","op":null,"mode":"air","pax":101920,"intl":true}},{"type":"Feature","geometry":{"type":"LineString","coordinates":[[135.2328,34.4342],[116.3883,39.9289]]},"properties":{"n":"関西〜中国(香港)","op":null,"mode":"air","pax":891592,"intl":true}},{"type":"Feature","geometry":{"type":"LineString","coordinates":[[116.3883,39.9289],[135.2328,34.4342]]},"properties":{"n":"中国(香港)〜関西","op":null,"mode":"air","pax":891592,"intl":true}},{"type":"Feature","geometry":{"type":"LineString","coordinates":[[135.2328,34.4342],[116.3883,39.9289]]},"properties":{"n":"関西〜中国(香港)","op":null,"mode":"air","pax":144872,"intl":true}},{"type":"Feature","geometry":{"type":"LineString","coordinates":[[116.3883,39.9289],[135.2328,34.4342]]},"properties":{"n":"中国(香港)〜関西","op":null,"mode":"air","pax":144872,"intl":true}},{"type":"Feature","geometry":{"type":"LineString","coordinates":[[135.2328,34.4342],[106.8294,-6.1744]]},"properties":{"n":"関西〜インドネシア(ジャカルタ)","op":null,"mode":"air","pax":46176,"intl":true}},{"type":"Feature","geometry":{"type":"LineString","coordinates":[[106.8294,-6.1744],[135.2328,34.4342]]},"properties":{"n":"インドネシア(ジャカルタ)〜関西","op":null,"mode":"air","pax":46176,"intl":true}},{"type":"Feature","geometry":{"type":"LineString","coordinates":[[135.2328,34.4342],[126.9997,37.5663]]},"properties":{"n":"関西〜韓国(済州)","op":null,"mode":"air","pax":68432,"intl":true}},{"type":"Feature","geometry":{"type":"LineString","coordinates":[[126.9997,37.5663],[135.2328,34.4342]]},"properties":{"n":"韓国(済州)〜関西","op":null,"mode":"air","pax":68432,"intl":true}},{"type":"Feature","geometry":{"type":"LineString","coordinates":[[135.2328,34.4342],[116.3883,39.9289]]},"properties":{"n":"関西〜中国(済南)","op":null,"mode":"air","pax":17472,"intl":true}},{"type":"Feature","geometry":{"type":"LineString","coordinates":[[116.3883,39.9289],[135.2328,34.4342]]},"properties":{"n":"中国(済南)〜関西","op":null,"mode":"air","pax":17472,"intl":true}},{"type":"Feature","geometry":{"type":"LineString","coordinates":[[135.2328,34.4342],[121.45,25.0167]]},"properties":{"n":"関西〜台湾(高雄)","op":null,"mode":"air","pax":123032,"intl":true}},{"type":"Feature","geometry":{"type":"LineString","coordinates":[[121.45,25.0167],[135.2328,34.4342]]},"properties":{"n":"台湾(高雄)〜関西","op":null,"mode":"air","pax":123032,"intl":true}},{"type":"Feature","geometry":{"type":"LineString","coordinates":[[135.2328,34.4342],[101.7,3.1667]]},"properties":{"n":"関西〜マレーシア(クアラルンプール)","op":null,"mode":"air","pax":240240,"intl":true}},{"type":"Feature","geometry":{"type":"LineString","coordinates":[[101.7,3.1667],[135.2328,34.4342]]},"properties":{"n":"マレーシア(クアラルンプール)〜関西","op":null,"mode":"air","pax":240240,"intl":true}},{"type":"Feature","geometry":{"type":"LineString","coordinates":[[135.2328,34.4342],[116.3883,39.9289]]},"properties":{"n":"関西〜中国(昆明)","op":null,"mode":"air","pax":61880,"intl":true}},{"type":"Feature","geometry":{"type":"LineString","coordinates":[[116.3883,39.9289],[135.2328,34.4342]]},"properties":{"n":"中国(昆明)〜関西","op":null,"mode":"air","pax":61880,"intl":true}},{"type":"Feature","geometry":{"type":"LineString","coordinates":[[135.2328,34.4342],[116.3883,39.9289]]},"properties":{"n":"関西〜中国(マカオ)","op":null,"mode":"air","pax":25376,"intl":true}},{"type":"Feature","geometry":{"type":"LineString","coordinates":[[116.3883,39.9289],[135.2328,34.4342]]},"properties":{"n":"中国(マカオ)〜関西","op":null,"mode":"air","pax":25376,"intl":true}},{"type":"Feature","geometry":{"type":"LineString","coordinates":[[135.2328,34.4342],[120.9822,14.6042]]},"properties":{"n":"関西〜フィリピン(マニラ)","op":null,"mode":"air","pax":191256,"intl":true}},{"type":"Feature","geometry":{"type":"LineString","coordinates":[[120.9822,14.6042],[135.2328,34.4342]]},"properties":{"n":"フィリピン(マニラ)〜関西","op":null,"mode":"air","pax":191256,"intl":true}},{"type":"Feature","geometry":{"type":"LineString","coordinates":[[135.2328,34.4342],[77.2,28.6]]},"properties":{"n":"関西〜インド(ムンバイ)","op":null,"mode":"air","pax":39936,"intl":true}},{"type":"Feature","geometry":{"type":"LineString","coordinates":[[77.2,28.6],[135.2328,34.4342]]},"properties":{"n":"インド(ムンバイ)〜関西","op":null,"mode":"air","pax":39936,"intl":true}},{"type":"Feature","geometry":{"type":"LineString","coordinates":[[135.2328,34.4342],[116.3883,39.9289]]},"properties":{"n":"関西〜中国(南京)","op":null,"mode":"air","pax":16224,"intl":true}},{"type":"Feature","geometry":{"type":"LineString","coordinates":[[116.3883,39.9289],[135.2328,34.4342]]},"properties":{"n":"中国(南京)〜関西","op":null,"mode":"air","pax":16224,"intl":true}},{"type":"Feature","geometry":{"type":"LineString","coordinates":[[135.2328,34.4342],[2.3333,48.8667]]},"properties":{"n":"関西〜フランス(ヌメア)","op":null,"mode":"air","pax":41496,"intl":true}},{"type":"Feature","geometry":{"type":"LineString","coordinates":[[2.3333,48.8667],[135.2328,34.4342]]},"properties":{"n":"フランス(ヌメア)〜関西","op":null,"mode":"air","pax":41496,"intl":true}},{"type":"Feature","geometry":{"type":"LineString","coordinates":[[135.2328,34.4342],[116.3883,39.9289]]},"properties":{"n":"関西〜中国(青島)","op":null,"mode":"air","pax":110344,"intl":true}},{"type":"Feature","geometry":{"type":"LineString","coordinates":[[116.3883,39.9289],[135.2328,34.4342]]},"properties":{"n":"中国(青島)〜関西","op":null,"mode":"air","pax":110344,"intl":true}},{"type":"Feature","geometry":{"type":"LineString","coordinates":[[135.2328,34.4342],[126.9997,37.5663]]},"properties":{"n":"関西〜韓国(金浦)","op":null,"mode":"air","pax":447356,"intl":true}},{"type":"Feature","geometry":{"type":"LineString","coordinates":[[126.9997,37.5663],[135.2328,34.4342]]},"properties":{"n":"韓国(金浦)〜関西","op":null,"mode":"air","pax":447356,"intl":true}},{"type":"Feature","geometry":{"type":"LineString","coordinates":[[135.2328,34.4342],[126.9997,37.5663]]},"properties":{"n":"関西〜韓国(仁川)","op":null,"mode":"air","pax":903812,"intl":true}},{"type":"Feature","geometry":{"type":"LineString","coordinates":[[126.9997,37.5663],[135.2328,34.4342]]},"properties":{"n":"韓国(仁川)〜関西","op":null,"mode":"air","pax":903812,"intl":true}},{"type":"Feature","geometry":{"type":"LineString","coordinates":[[135.2328,34.4342],[116.3883,39.9289]]},"properties":{"n":"関西〜中国(浦東)","op":null,"mode":"air","pax":879112,"intl":true}},{"type":"Feature","geometry":{"type":"LineString","coordinates":[[116.3883,39.9289],[135.2328,34.4342]]},"properties":{"n":"中国(浦東)〜関西","op":null,"mode":"air","pax":882388,"intl":true}},{"type":"Feature","geometry":{"type":"LineString","coordinates":[[135.2328,34.4342],[116.3883,39.9289]]},"properties":{"n":"関西〜中国(瀋陽)","op":null,"mode":"air","pax":31720,"intl":true}},{"type":"Feature","geometry":{"type":"LineString","coordinates":[[116.3883,39.9289],[135.2328,34.4342]]},"properties":{"n":"中国(瀋陽)〜関西","op":null,"mode":"air","pax":31720,"intl":true}},{"type":"Feature","geometry":{"type":"LineString","coordinates":[[135.2328,34.4342],[116.3883,39.9289]]},"properties":{"n":"関西〜中国(深せん)","op":null,"mode":"air","pax":24648,"intl":true}},{"type":"Feature","geometry":{"type":"LineString","coordinates":[[116.3883,39.9289],[135.2328,34.4342]]},"properties":{"n":"中国(深せん)〜関西","op":null,"mode":"air","pax":24648,"intl":true}},{"type":"Feature","geometry":{"type":"LineString","coordinates":[[135.2328,34.4342],[103.8558,1.293]]},"properties":{"n":"関西〜シンガポール(シンガポール)","op":null,"mode":"air","pax":207480,"intl":true}},{"type":"Feature","geometry":{"type":"LineString","coordinates":[[103.8558,1.293],[135.2328,34.4342]]},"properties":{"n":"シンガポール(シンガポール)〜関西","op":null,"mode":"air","pax":207480,"intl":true}},{"type":"Feature","geometry":{"type":"LineString","coordinates":[[135.2328,34.4342],[103.8558,1.293]]},"properties":{"n":"関西〜シンガポール(シンガポール)","op":null,"mode":"air","pax":37440,"intl":true}},{"type":"Feature","geometry":{"type":"LineString","coordinates":[[103.8558,1.293],[135.2328,34.4342]]},"properties":{"n":"シンガポール(シンガポール)〜関西","op":null,"mode":"air","pax":37440,"intl":true}},{"type":"Feature","geometry":{"type":"LineString","coordinates":[[135.2328,34.4342],[103.8558,1.293]]},"properties":{"n":"関西〜シンガポール(シンガポール)","op":null,"mode":"air","pax":102960,"intl":true}},{"type":"Feature","geometry":{"type":"LineString","coordinates":[[103.8558,1.293],[135.2328,34.4342]]},"properties":{"n":"シンガポール(シンガポール)〜関西","op":null,"mode":"air","pax":102960,"intl":true}},{"type":"Feature","geometry":{"type":"LineString","coordinates":[[135.2328,34.4342],[149.129,-35.283]]},"properties":{"n":"関西〜オーストラリア(メルボルン)","op":null,"mode":"air","pax":34840,"intl":true}},{"type":"Feature","geometry":{"type":"LineString","coordinates":[[149.129,-35.283],[135.2328,34.4342]]},"properties":{"n":"オーストラリア(メルボルン)〜関西","op":null,"mode":"air","pax":34840,"intl":true}},{"type":"Feature","geometry":{"type":"LineString","coordinates":[[135.2328,34.4342],[149.129,-35.283]]},"properties":{"n":"関西〜オーストラリア(ゴールドコースト)","op":null,"mode":"air","pax":13065,"intl":true}},{"type":"Feature","geometry":{"type":"LineString","coordinates":[[149.129,-35.283],[135.2328,34.4342]]},"properties":{"n":"オーストラリア(ゴールドコースト)〜関西","op":null,"mode":"air","pax":13065,"intl":true}},{"type":"Feature","geometry":{"type":"LineString","coordinates":[[135.2328,34.4342],[121.45,25.0167]]},"properties":{"n":"関西〜台湾(桃園)","op":null,"mode":"air","pax":1372956,"intl":true}},{"type":"Feature","geometry":{"type":"LineString","coordinates":[[121.45,25.0167],[135.2328,34.4342]]},"properties":{"n":"台湾(桃園)〜関西","op":null,"mode":"air","pax":1372956,"intl":true}},{"type":"Feature","geometry":{"type":"LineString","coordinates":[[135.2328,34.4342],[116.3883,39.9289]]},"properties":{"n":"関西〜中国(天津)","op":null,"mode":"air","pax":37440,"intl":true}},{"type":"Feature","geometry":{"type":"LineString","coordinates":[[116.3883,39.9289],[135.2328,34.4342]]},"properties":{"n":"中国(天津)〜関西","op":null,"mode":"air","pax":37440,"intl":true}},{"type":"Feature","geometry":{"type":"LineString","coordinates":[[135.2328,34.4342],[116.3883,39.9289]]},"properties":{"n":"関西〜中国(天津)","op":null,"mode":"air","pax":19968,"intl":true}},{"type":"Feature","geometry":{"type":"LineString","coordinates":[[116.3883,39.9289],[135.2328,34.4342]]},"properties":{"n":"中国(天津)〜関西","op":null,"mode":"air","pax":19968,"intl":true}},{"type":"Feature","geometry":{"type":"LineString","coordinates":[[135.2328,34.4342],[116.3883,39.9289]]},"properties":{"n":"関西〜中国(武漢)","op":null,"mode":"air","pax":37440,"intl":true}},{"type":"Feature","geometry":{"type":"LineString","coordinates":[[116.3883,39.9289],[135.2328,34.4342]]},"properties":{"n":"中国(武漢)〜関西","op":null,"mode":"air","pax":37440,"intl":true}},{"type":"Feature","geometry":{"type":"LineString","coordinates":[[135.2328,34.4342],[116.3883,39.9289]]},"properties":{"n":"関西〜中国(無錫)","op":null,"mode":"air","pax":16952,"intl":true}},{"type":"Feature","geometry":{"type":"LineString","coordinates":[[116.3883,39.9289],[135.2328,34.4342]]},"properties":{"n":"中国(無錫)〜関西","op":null,"mode":"air","pax":16952,"intl":true}},{"type":"Feature","geometry":{"type":"LineString","coordinates":[[135.2328,34.4342],[116.3883,39.9289]]},"properties":{"n":"関西〜中国(煙台)","op":null,"mode":"air","pax":24336,"intl":true}},{"type":"Feature","geometry":{"type":"LineString","coordinates":[[116.3883,39.9289],[135.2328,34.4342]]},"properties":{"n":"中国(煙台)〜関西","op":null,"mode":"air","pax":24336,"intl":true}},{"type":"Feature","geometry":{"type":"LineString","coordinates":[[135.2328,34.4342],[116.3883,39.9289]]},"properties":{"n":"関西〜中国(鄭州)","op":null,"mode":"air","pax":61880,"intl":true}},{"type":"Feature","geometry":{"type":"LineString","coordinates":[[116.3883,39.9289],[135.2328,34.4342]]},"properties":{"n":"中国(鄭州)〜関西","op":null,"mode":"air","pax":61880,"intl":true}},{"type":"Feature","geometry":{"type":"LineString","coordinates":[[136.8053,34.8583],[54.3666,24.4667]]},"properties":{"n":"中部〜アラブ首長国連邦(アブダビ)","op":null,"mode":"air","pax":95368,"intl":true}},{"type":"Feature","geometry":{"type":"LineString","coordinates":[[54.3666,24.4667],[136.8053,34.8583]]},"properties":{"n":"アラブ首長国連邦(アブダビ)〜中部","op":null,"mode":"air","pax":95368,"intl":true}},{"type":"Feature","geometry":{"type":"LineString","coordinates":[[136.8053,34.8583],[100.5166,13.75]]},"properties":{"n":"中部〜タイ(バンコク)","op":null,"mode":"air","pax":180076,"intl":true}},{"type":"Feature","geometry":{"type":"LineString","coordinates":[[100.5166,13.75],[136.8053,34.8583]]},"properties":{"n":"タイ(バンコク)〜中部","op":null,"mode":"air","pax":180076,"intl":true}},{"type":"Feature","geometry":{"type":"LineString","coordinates":[[136.8053,34.8583],[116.3883,39.9289]]},"properties":{"n":"中部〜中国(北京)","op":null,"mode":"air","pax":141960,"intl":true}},{"type":"Feature","geometry":{"type":"LineString","coordinates":[[116.3883,39.9289],[136.8053,34.8583]]},"properties":{"n":"中国(北京)〜中部","op":null,"mode":"air","pax":141960,"intl":true}},{"type":"Feature","geometry":{"type":"LineString","coordinates":[[136.8053,34.8583],[116.3883,39.9289]]},"properties":{"n":"中部〜中国(北京)","op":null,"mode":"air","pax":63700,"intl":true}},{"type":"Feature","geometry":{"type":"LineString","coordinates":[[116.3883,39.9289],[136.8053,34.8583]]},"properties":{"n":"中国(北京)〜中部","op":null,"mode":"air","pax":63700,"intl":true}},{"type":"Feature","geometry":{"type":"LineString","coordinates":[[136.8053,34.8583],[126.9997,37.5663]]},"properties":{"n":"中部〜韓国(釜山)","op":null,"mode":"air","pax":68432,"intl":true}},{"type":"Feature","geometry":{"type":"LineString","coordinates":[[126.9997,37.5663],[136.8053,34.8583]]},"properties":{"n":"韓国(釜山)〜中部","op":null,"mode":"air","pax":68432,"intl":true}},{"type":"Feature","geometry":{"type":"LineString","coordinates":[[136.8053,34.8583],[116.3883,39.9289]]},"properties":{"n":"中部〜中国(成都)","op":null,"mode":"air","pax":46592,"intl":true}},{"type":"Feature","geometry":{"type":"LineString","coordinates":[[116.3883,39.9289],[136.8053,34.8583]]},"properties":{"n":"中国(成都)〜中部","op":null,"mode":"air","pax":46592,"intl":true}},{"type":"Feature","geometry":{"type":"LineString","coordinates":[[136.8053,34.8583],[116.3883,39.9289]]},"properties":{"n":"中部〜中国(大連)","op":null,"mode":"air","pax":28548,"intl":true}},{"type":"Feature","geometry":{"type":"LineString","coordinates":[[116.3883,39.9289],[136.8053,34.8583]]},"properties":{"n":"中国(大連)〜中部","op":null,"mode":"air","pax":28548,"intl":true}},{"type":"Feature","geometry":{"type":"LineString","coordinates":[[136.8053,34.8583],[-77.0094,38.8995]]},"properties":{"n":"中部〜アメリカ(デトロイト)","op":null,"mode":"air","pax":122200,"intl":true}},{"type":"Feature","geometry":{"type":"LineString","coordinates":[[-77.0094,38.8995],[136.8053,34.8583]]},"properties":{"n":"アメリカ(デトロイト)〜中部","op":null,"mode":"air","pax":122200,"intl":true}},{"type":"Feature","geometry":{"type":"LineString","coordinates":[[136.8053,34.8583],[13.4015,52.5218]]},"properties":{"n":"中部〜ドイツ(フランクフルト)","op":null,"mode":"air","pax":111384,"intl":true}},{"type":"Feature","geometry":{"type":"LineString","coordinates":[[13.4015,52.5218],[136.8053,34.8583]]},"properties":{"n":"ドイツ(フランクフルト)〜中部","op":null,"mode":"air","pax":111384,"intl":true}},{"type":"Feature","geometry":{"type":"LineString","coordinates":[[136.8053,34.8583],[-77.0094,38.8995]]},"properties":{"n":"中部〜アメリカ(グアム)","op":null,"mode":"air","pax":184184,"intl":true}},{"type":"Feature","geometry":{"type":"LineString","coordinates":[[-77.0094,38.8995],[136.8053,34.8583]]},"properties":{"n":"アメリカ(グアム)〜中部","op":null,"mode":"air","pax":184184,"intl":true}},{"type":"Feature","geometry":{"type":"LineString","coordinates":[[136.8053,34.8583],[116.3883,39.9289]]},"properties":{"n":"中部〜中国(広州)","op":null,"mode":"air","pax":55328,"intl":true}},{"type":"Feature","geometry":{"type":"LineString","coordinates":[[116.3883,39.9289],[136.8053,34.8583]]},"properties":{"n":"中国(広州)〜中部","op":null,"mode":"air","pax":55328,"intl":true}},{"type":"Feature","geometry":{"type":"LineString","coordinates":[[136.8053,34.8583],[105.85,21.0333]]},"properties":{"n":"中部〜ベトナム(ハノイ)","op":null,"mode":"air","pax":66976,"intl":true}},{"type":"Feature","geometry":{"type":"LineString","coordinates":[[105.85,21.0333],[136.8053,34.8583]]},"properties":{"n":"ベトナム(ハノイ)〜中部","op":null,"mode":"air","pax":66976,"intl":true}},{"type":"Feature","geometry":{"type":"LineString","coordinates":[[136.8053,34.8583],[24.9341,60.1756]]},"properties":{"n":"中部〜フィンランド(ヘルシンキ)","op":null,"mode":"air","pax":98280,"intl":true}},{"type":"Feature","geometry":{"type":"LineString","coordinates":[[24.9341,60.1756],[136.8053,34.8583]]},"properties":{"n":"フィンランド(ヘルシンキ)〜中部","op":null,"mode":"air","pax":98280,"intl":true}},{"type":"Feature","geometry":{"type":"LineString","coordinates":[[136.8053,34.8583],[105.85,21.0333]]},"properties":{"n":"中部〜ベトナム(ホーチミンシティ)","op":null,"mode":"air","pax":28704,"intl":true}},{"type":"Feature","geometry":{"type":"LineString","coordinates":[[105.85,21.0333],[136.8053,34.8583]]},"properties":{"n":"ベトナム(ホーチミンシティ)〜中部","op":null,"mode":"air","pax":28704,"intl":true}},{"type":"Feature","geometry":{"type":"LineString","coordinates":[[136.8053,34.8583],[116.3883,39.9289]]},"properties":{"n":"中部〜中国(香港)","op":null,"mode":"air","pax":317512,"intl":true}},{"type":"Feature","geometry":{"type":"LineString","coordinates":[[116.3883,39.9289],[136.8053,34.8583]]},"properties":{"n":"中国(香港)〜中部","op":null,"mode":"air","pax":317512,"intl":true}},{"type":"Feature","geometry":{"type":"LineString","coordinates":[[136.8053,34.8583],[116.3883,39.9289]]},"properties":{"n":"中部〜中国(香港)","op":null,"mode":"air","pax":113204,"intl":true}},{"type":"Feature","geometry":{"type":"LineString","coordinates":[[116.3883,39.9289],[136.8053,34.8583]]},"properties":{"n":"中国(香港)〜中部","op":null,"mode":"air","pax":113204,"intl":true}},{"type":"Feature","geometry":{"type":"LineString","coordinates":[[136.8053,34.8583],[-77.0094,38.8995]]},"properties":{"n":"中部〜アメリカ(ホノルル)","op":null,"mode":"air","pax":208572,"intl":true}},{"type":"Feature","geometry":{"type":"LineString","coordinates":[[-77.0094,38.8995],[136.8053,34.8583]]},"properties":{"n":"アメリカ(ホノルル)〜中部","op":null,"mode":"air","pax":208572,"intl":true}},{"type":"Feature","geometry":{"type":"LineString","coordinates":[[136.8053,34.8583],[126.9997,37.5663]]},"properties":{"n":"中部〜韓国(済州)","op":null,"mode":"air","pax":22932,"intl":true}},{"type":"Feature","geometry":{"type":"LineString","coordinates":[[126.9997,37.5663],[136.8053,34.8583]]},"properties":{"n":"韓国(済州)〜中部","op":null,"mode":"air","pax":22932,"intl":true}},{"type":"Feature","geometry":{"type":"LineString","coordinates":[[136.8053,34.8583],[101.7,3.1667]]},"properties":{"n":"中部〜マレーシア(クアラルンプール)","op":null,"mode":"air","pax":78416,"intl":true}},{"type":"Feature","geometry":{"type":"LineString","coordinates":[[101.7,3.1667],[136.8053,34.8583]]},"properties":{"n":"マレーシア(クアラルンプール)〜中部","op":null,"mode":"air","pax":78416,"intl":true}},{"type":"Feature","geometry":{"type":"LineString","coordinates":[[136.8053,34.8583],[120.9822,14.6042]]},"properties":{"n":"中部〜フィリピン(マニラ)","op":null,"mode":"air","pax":266656,"intl":true}},{"type":"Feature","geometry":{"type":"LineString","coordinates":[[120.9822,14.6042],[136.8053,34.8583]]},"properties":{"n":"フィリピン(マニラ)〜中部","op":null,"mode":"air","pax":266656,"intl":true}},{"type":"Feature","geometry":{"type":"LineString","coordinates":[[136.8053,34.8583],[116.3883,39.9289]]},"properties":{"n":"中部〜中国(青島)","op":null,"mode":"air","pax":63700,"intl":true}},{"type":"Feature","geometry":{"type":"LineString","coordinates":[[116.3883,39.9289],[136.8053,34.8583]]},"properties":{"n":"中国(青島)〜中部","op":null,"mode":"air","pax":63700,"intl":true}},{"type":"Feature","geometry":{"type":"LineString","coordinates":[[136.8053,34.8583],[126.9997,37.5663]]},"properties":{"n":"中部〜韓国(金浦)","op":null,"mode":"air","pax":68796,"intl":true}},{"type":"Feature","geometry":{"type":"LineString","coordinates":[[126.9997,37.5663],[136.8053,34.8583]]},"properties":{"n":"韓国(金浦)〜中部","op":null,"mode":"air","pax":68796,"intl":true}},{"type":"Feature","geometry":{"type":"LineString","coordinates":[[136.8053,34.8583],[126.9997,37.5663]]},"properties":{"n":"中部〜韓国(仁川)","op":null,"mode":"air","pax":334516,"intl":true}},{"type":"Feature","geometry":{"type":"LineString","coordinates":[[126.9997,37.5663],[136.8053,34.8583]]},"properties":{"n":"韓国(仁川)〜中部","op":null,"mode":"air","pax":334516,"intl":true}},{"type":"Feature","geometry":{"type":"LineString","coordinates":[[136.8053,34.8583],[116.3883,39.9289]]},"properties":{"n":"中部〜中国(浦東)","op":null,"mode":"air","pax":400400,"intl":true}},{"type":"Feature","geometry":{"type":"LineString","coordinates":[[116.3883,39.9289],[136.8053,34.8583]]},"properties":{"n":"中国(浦東)〜中部","op":null,"mode":"air","pax":400400,"intl":true}},{"type":"Feature","geometry":{"type":"LineString","coordinates":[[136.8053,34.8583],[116.3883,39.9289]]},"properties":{"n":"中部〜中国(瀋陽)","op":null,"mode":"air","pax":12688,"intl":true}},{"type":"Feature","geometry":{"type":"LineString","coordinates":[[116.3883,39.9289],[136.8053,34.8583]]},"properties":{"n":"中国(瀋陽)〜中部","op":null,"mode":"air","pax":12688,"intl":true}},{"type":"Feature","geometry":{"type":"LineString","coordinates":[[136.8053,34.8583],[103.8558,1.293]]},"properties":{"n":"中部〜シンガポール(シンガポール)","op":null,"mode":"air","pax":103740,"intl":true}},{"type":"Feature","geometry":{"type":"LineString","coordinates":[[103.8558,1.293],[136.8053,34.8583]]},"properties":{"n":"シンガポール(シンガポール)〜中部","op":null,"mode":"air","pax":103740,"intl":true}},{"type":"Feature","geometry":{"type":"LineString","coordinates":[[136.8053,34.8583],[121.45,25.0167]]},"properties":{"n":"中部〜台湾(桃園)","op":null,"mode":"air","pax":326664,"intl":true}},{"type":"Feature","geometry":{"type":"LineString","coordinates":[[121.45,25.0167],[136.8053,34.8583]]},"properties":{"n":"台湾(桃園)〜中部","op":null,"mode":"air","pax":326664,"intl":true}},{"type":"Feature","geometry":{"type":"LineString","coordinates":[[136.8053,34.8583],[116.3883,39.9289]]},"properties":{"n":"中部〜中国(天津)","op":null,"mode":"air","pax":52416,"intl":true}},{"type":"Feature","geometry":{"type":"LineString","coordinates":[[116.3883,39.9289],[136.8053,34.8583]]},"properties":{"n":"中国(天津)〜中部","op":null,"mode":"air","pax":52416,"intl":true}},{"type":"Feature","geometry":{"type":"LineString","coordinates":[[136.8053,34.8583],[116.3883,39.9289]]},"properties":{"n":"中部〜中国(西安)","op":null,"mode":"air","pax":56784,"intl":true}},{"type":"Feature","geometry":{"type":"LineString","coordinates":[[116.3883,39.9289],[136.8053,34.8583]]},"properties":{"n":"中国(西安)〜中部","op":null,"mode":"air","pax":56784,"intl":true}},{"type":"Feature","geometry":{"type":"LineString","coordinates":[[130.4517,33.5844],[4.9166,52.35]]},"properties":{"n":"福岡〜オランダ(アムステルダム)","op":null,"mode":"air","pax":66144,"intl":true}},{"type":"Feature","geometry":{"type":"LineString","coordinates":[[4.9166,52.35],[130.4517,33.5844]]},"properties":{"n":"オランダ(アムステルダム)〜福岡","op":null,"mode":"air","pax":66144,"intl":true}},{"type":"Feature","geometry":{"type":"LineString","coordinates":[[130.4517,33.5844],[100.5166,13.75]]},"properties":{"n":"福岡〜タイ(バンコク)","op":null,"mode":"air","pax":176540,"intl":true}},{"type":"Feature","geometry":{"type":"LineString","coordinates":[[100.5166,13.75],[130.4517,33.5844]]},"properties":{"n":"タイ(バンコク)〜福岡","op":null,"mode":"air","pax":176540,"intl":true}},{"type":"Feature","geometry":{"type":"LineString","coordinates":[[130.4517,33.5844],[116.3883,39.9289]]},"properties":{"n":"福岡〜中国(北京)","op":null,"mode":"air","pax":32760,"intl":true}},{"type":"Feature","geometry":{"type":"LineString","coordinates":[[116.3883,39.9289],[130.4517,33.5844]]},"properties":{"n":"中国(北京)〜福岡","op":null,"mode":"air","pax":32760,"intl":true}},{"type":"Feature","geometry":{"type":"LineString","coordinates":[[130.4517,33.5844],[116.3883,39.9289]]},"properties":{"n":"福岡〜中国(北京)","op":null,"mode":"air","pax":46592,"intl":true}},{"type":"Feature","geometry":{"type":"LineString","coordinates":[[116.3883,39.9289],[130.4517,33.5844]]},"properties":{"n":"中国(北京)〜福岡","op":null,"mode":"air","pax":46592,"intl":true}},{"type":"Feature","geometry":{"type":"LineString","coordinates":[[130.4517,33.5844],[126.9997,37.5663]]},"properties":{"n":"福岡〜韓国(釜山)","op":null,"mode":"air","pax":254800,"intl":true}},{"type":"Feature","geometry":{"type":"LineString","coordinates":[[126.9997,37.5663],[130.4517,33.5844]]},"properties":{"n":"韓国(釜山)〜福岡","op":null,"mode":"air","pax":254800,"intl":true}},{"type":"Feature","geometry":{"type":"LineString","coordinates":[[130.4517,33.5844],[116.3883,39.9289]]},"properties":{"n":"福岡〜中国(大連)","op":null,"mode":"air","pax":46592,"intl":true}},{"type":"Feature","geometry":{"type":"LineString","coordinates":[[116.3883,39.9289],[130.4517,33.5844]]},"properties":{"n":"中国(大連)〜福岡","op":null,"mode":"air","pax":46592,"intl":true}},{"type":"Feature","geometry":{"type":"LineString","coordinates":[[130.4517,33.5844],[-77.0094,38.8995]]},"properties":{"n":"福岡〜アメリカ(グアム)","op":null,"mode":"air","pax":60424,"intl":true}},{"type":"Feature","geometry":{"type":"LineString","coordinates":[[-77.0094,38.8995],[130.4517,33.5844]]},"properties":{"n":"アメリカ(グアム)〜福岡","op":null,"mode":"air","pax":60424,"intl":true}},{"type":"Feature","geometry":{"type":"LineString","coordinates":[[130.4517,33.5844],[116.3883,39.9289]]},"properties":{"n":"福岡〜中国(広州)","op":null,"mode":"air","pax":12688,"intl":true}},{"type":"Feature","geometry":{"type":"LineString","coordinates":[[116.3883,39.9289],[130.4517,33.5844]]},"properties":{"n":"中国(広州)〜福岡","op":null,"mode":"air","pax":12688,"intl":true}},{"type":"Feature","geometry":{"type":"LineString","coordinates":[[130.4517,33.5844],[105.85,21.0333]]},"properties":{"n":"福岡〜ベトナム(ハノイ)","op":null,"mode":"air","pax":19136,"intl":true}},{"type":"Feature","geometry":{"type":"LineString","coordinates":[[105.85,21.0333],[130.4517,33.5844]]},"properties":{"n":"ベトナム(ハノイ)〜福岡","op":null,"mode":"air","pax":19136,"intl":true}},{"type":"Feature","geometry":{"type":"LineString","coordinates":[[130.4517,33.5844],[105.85,21.0333]]},"properties":{"n":"福岡〜ベトナム(ホーチミンシティ)","op":null,"mode":"air","pax":19136,"intl":true}},{"type":"Feature","geometry":{"type":"LineString","coordinates":[[105.85,21.0333],[130.4517,33.5844]]},"properties":{"n":"ベトナム(ホーチミンシティ)〜福岡","op":null,"mode":"air","pax":19136,"intl":true}},{"type":"Feature","geometry":{"type":"LineString","coordinates":[[130.4517,33.5844],[116.3883,39.9289]]},"properties":{"n":"福岡〜中国(香港)","op":null,"mode":"air","pax":122304,"intl":true}},{"type":"Feature","geometry":{"type":"LineString","coordinates":[[116.3883,39.9289],[130.4517,33.5844]]},"properties":{"n":"中国(香港)〜福岡","op":null,"mode":"air","pax":122304,"intl":true}},{"type":"Feature","geometry":{"type":"LineString","coordinates":[[130.4517,33.5844],[116.3883,39.9289]]},"properties":{"n":"福岡〜中国(香港)","op":null,"mode":"air","pax":158704,"intl":true}},{"type":"Feature","geometry":{"type":"LineString","coordinates":[[116.3883,39.9289],[130.4517,33.5844]]},"properties":{"n":"中国(香港)〜福岡","op":null,"mode":"air","pax":158704,"intl":true}},{"type":"Feature","geometry":{"type":"LineString","coordinates":[[130.4517,33.5844],[-77.0094,38.8995]]},"properties":{"n":"福岡〜アメリカ(ホノルル)","op":null,"mode":"air","pax":95004,"intl":true}},{"type":"Feature","geometry":{"type":"LineString","coordinates":[[-77.0094,38.8995],[130.4517,33.5844]]},"properties":{"n":"アメリカ(ホノルル)〜福岡","op":null,"mode":"air","pax":95004,"intl":true}},{"type":"Feature","geometry":{"type":"LineString","coordinates":[[130.4517,33.5844],[120.9822,14.6042]]},"properties":{"n":"福岡〜フィリピン(マニラ)","op":null,"mode":"air","pax":56784,"intl":true}},{"type":"Feature","geometry":{"type":"LineString","coordinates":[[120.9822,14.6042],[130.4517,33.5844]]},"properties":{"n":"フィリピン(マニラ)〜福岡","op":null,"mode":"air","pax":56784,"intl":true}},{"type":"Feature","geometry":{"type":"LineString","coordinates":[[130.4517,33.5844],[116.3883,39.9289]]},"properties":{"n":"福岡〜中国(青島)","op":null,"mode":"air","pax":32760,"intl":true}},{"type":"Feature","geometry":{"type":"LineString","coordinates":[[116.3883,39.9289],[130.4517,33.5844]]},"properties":{"n":"中国(青島)〜福岡","op":null,"mode":"air","pax":32760,"intl":true}},{"type":"Feature","geometry":{"type":"LineString","coordinates":[[130.4517,33.5844],[126.9997,37.5663]]},"properties":{"n":"福岡〜韓国(仁川)","op":null,"mode":"air","pax":658112,"intl":true}},{"type":"Feature","geometry":{"type":"LineString","coordinates":[[126.9997,37.5663],[130.4517,33.5844]]},"properties":{"n":"韓国(仁川)〜福岡","op":null,"mode":"air","pax":658112,"intl":true}},{"type":"Feature","geometry":{"type":"LineString","coordinates":[[130.4517,33.5844],[116.3883,39.9289]]},"properties":{"n":"福岡〜中国(浦東)","op":null,"mode":"air","pax":238082,"intl":true}},{"type":"Feature","geometry":{"type":"LineString","coordinates":[[116.3883,39.9289],[130.4517,33.5844]]},"properties":{"n":"中国(浦東)〜福岡","op":null,"mode":"air","pax":238082,"intl":true}},{"type":"Feature","geometry":{"type":"LineString","coordinates":[[130.4517,33.5844],[103.8558,1.293]]},"properties":{"n":"福岡〜シンガポール(シンガポール)","op":null,"mode":"air","pax":103740,"intl":true}},{"type":"Feature","geometry":{"type":"LineString","coordinates":[[103.8558,1.293],[130.4517,33.5844]]},"properties":{"n":"シンガポール(シンガポール)〜福岡","op":null,"mode":"air","pax":103740,"intl":true}},{"type":"Feature","geometry":{"type":"LineString","coordinates":[[130.4517,33.5844],[103.8558,1.293]]},"properties":{"n":"福岡〜シンガポール(シンガポール)","op":null,"mode":"air","pax":65520,"intl":true}},{"type":"Feature","geometry":{"type":"LineString","coordinates":[[103.8558,1.293],[130.4517,33.5844]]},"properties":{"n":"シンガポール(シンガポール)〜福岡","op":null,"mode":"air","pax":65520,"intl":true}},{"type":"Feature","geometry":{"type":"LineString","coordinates":[[130.4517,33.5844],[121.45,25.0167]]},"properties":{"n":"福岡〜台湾(桃園)","op":null,"mode":"air","pax":404040,"intl":true}},{"type":"Feature","geometry":{"type":"LineString","coordinates":[[121.45,25.0167],[130.4517,33.5844]]},"properties":{"n":"台湾(桃園)〜福岡","op":null,"mode":"air","pax":404040,"intl":true}},{"type":"Feature","geometry":{"type":"LineString","coordinates":[[130.4517,33.5844],[116.3883,39.9289]]},"properties":{"n":"福岡〜中国(武漢)","op":null,"mode":"air","pax":57460,"intl":true}},{"type":"Feature","geometry":{"type":"LineString","coordinates":[[116.3883,39.9289],[130.4517,33.5844]]},"properties":{"n":"中国(武漢)〜福岡","op":null,"mode":"air","pax":57460,"intl":true}},{"type":"Feature","geometry":{"type":"LineString","coordinates":[[141.6925,42.7753],[100.5166,13.75]]},"properties":{"n":"新千歳〜タイ(バンコク)","op":null,"mode":"air","pax":132496,"intl":true}},{"type":"Feature","geometry":{"type":"LineString","coordinates":[[100.5166,13.75],[141.6925,42.7753]]},"properties":{"n":"タイ(バンコク)〜新千歳","op":null,"mode":"air","pax":132496,"intl":true}},{"type":"Feature","geometry":{"type":"LineString","coordinates":[[141.6925,42.7753],[116.3883,39.9289]]},"properties":{"n":"新千歳〜中国(北京)","op":null,"mode":"air","pax":21632,"intl":true}},{"type":"Feature","geometry":{"type":"LineString","coordinates":[[116.3883,39.9289],[141.6925,42.7753]]},"properties":{"n":"中国(北京)〜新千歳","op":null,"mode":"air","pax":21632,"intl":true}},{"type":"Feature","geometry":{"type":"LineString","coordinates":[[141.6925,42.7753],[126.9997,37.5663]]},"properties":{"n":"新千歳〜韓国(釜山)","op":null,"mode":"air","pax":22932,"intl":true}},{"type":"Feature","geometry":{"type":"LineString","coordinates":[[126.9997,37.5663],[141.6925,42.7753]]},"properties":{"n":"韓国(釜山)〜新千歳","op":null,"mode":"air","pax":22932,"intl":true}},{"type":"Feature","geometry":{"type":"LineString","coordinates":[[141.6925,42.7753],[-77.0094,38.8995]]},"properties":{"n":"新千歳〜アメリカ(グアム)","op":null,"mode":"air","pax":17264,"intl":true}},{"type":"Feature","geometry":{"type":"LineString","coordinates":[[-77.0094,38.8995],[141.6925,42.7753]]},"properties":{"n":"アメリカ(グアム)〜新千歳","op":null,"mode":"air","pax":17264,"intl":true}},{"type":"Feature","geometry":{"type":"LineString","coordinates":[[141.6925,42.7753],[116.3883,39.9289]]},"properties":{"n":"新千歳〜中国(香港)","op":null,"mode":"air","pax":74672,"intl":true}},{"type":"Feature","geometry":{"type":"LineString","coordinates":[[116.3883,39.9289],[141.6925,42.7753]]},"properties":{"n":"中国(香港)〜新千歳","op":null,"mode":"air","pax":74672,"intl":true}},{"type":"Feature","geometry":{"type":"LineString","coordinates":[[141.6925,42.7753],[-77.0094,38.8995]]},"properties":{"n":"新千歳〜アメリカ(ホノルル)","op":null,"mode":"air","pax":41184,"intl":true}},{"type":"Feature","geometry":{"type":"LineString","coordinates":[[-77.0094,38.8995],[141.6925,42.7753]]},"properties":{"n":"アメリカ(ホノルル)〜新千歳","op":null,"mode":"air","pax":41184,"intl":true}},{"type":"Feature","geometry":{"type":"LineString","coordinates":[[141.6925,42.7753],[126.9997,37.5663]]},"properties":{"n":"新千歳〜韓国(仁川)","op":null,"mode":"air","pax":263627,"intl":true}},{"type":"Feature","geometry":{"type":"LineString","coordinates":[[126.9997,37.5663],[141.6925,42.7753]]},"properties":{"n":"韓国(仁川)〜新千歳","op":null,"mode":"air","pax":265538,"intl":true}},{"type":"Feature","geometry":{"type":"LineString","coordinates":[[141.6925,42.7753],[116.3883,39.9289]]},"properties":{"n":"新千歳〜中国(浦東)","op":null,"mode":"air","pax":44616,"intl":true}},{"type":"Feature","geometry":{"type":"LineString","coordinates":[[116.3883,39.9289],[141.6925,42.7753]]},"properties":{"n":"中国(浦東)〜新千歳","op":null,"mode":"air","pax":44616,"intl":true}},{"type":"Feature","geometry":{"type":"LineString","coordinates":[[141.6925,42.7753],[121.45,25.0167]]},"properties":{"n":"新千歳〜台湾(桃園)","op":null,"mode":"air","pax":264524,"intl":true}},{"type":"Feature","geometry":{"type":"LineString","coordinates":[[121.45,25.0167],[141.6925,42.7753]]},"properties":{"n":"台湾(桃園)〜新千歳","op":null,"mode":"air","pax":264524,"intl":true}},{"type":"Feature","geometry":{"type":"LineString","coordinates":[[141.6925,42.7753],[37.6155,55.7522]]},"properties":{"n":"新千歳〜ロシア(ユジノサハリンスク)","op":null,"mode":"air","pax":11232,"intl":true}},{"type":"Feature","geometry":{"type":"LineString","coordinates":[[37.6155,55.7522],[141.6925,42.7753]]},"properties":{"n":"ロシア(ユジノサハリンスク)〜新千歳","op":null,"mode":"air","pax":11232,"intl":true}},{"type":"Feature","geometry":{"type":"LineString","coordinates":[[142.4475,43.6708],[116.3883,39.9289]]},"properties":{"n":"旭川〜中国(北京)","op":null,"mode":"air","pax":26364,"intl":true}},{"type":"Feature","geometry":{"type":"LineString","coordinates":[[116.3883,39.9289],[142.4475,43.6708]]},"properties":{"n":"中国(北京)〜旭川","op":null,"mode":"air","pax":26364,"intl":true}},{"type":"Feature","geometry":{"type":"LineString","coordinates":[[142.4475,43.6708],[116.3883,39.9289]]},"properties":{"n":"旭川〜中国(浦東)","op":null,"mode":"air","pax":16224,"intl":true}},{"type":"Feature","geometry":{"type":"LineString","coordinates":[[116.3883,39.9289],[142.4475,43.6708]]},"properties":{"n":"中国(浦東)〜旭川","op":null,"mode":"air","pax":16224,"intl":true}},{"type":"Feature","geometry":{"type":"LineString","coordinates":[[142.4475,43.6708],[121.45,25.0167]]},"properties":{"n":"旭川〜台湾(桃園)","op":null,"mode":"air","pax":70512,"intl":true}},{"type":"Feature","geometry":{"type":"LineString","coordinates":[[121.45,25.0167],[142.4475,43.6708]]},"properties":{"n":"台湾(桃園)〜旭川","op":null,"mode":"air","pax":70512,"intl":true}},{"type":"Feature","geometry":{"type":"LineString","coordinates":[[140.8219,41.77],[121.45,25.0167]]},"properties":{"n":"函館〜台湾(桃園)","op":null,"mode":"air","pax":99216,"intl":true}},{"type":"Feature","geometry":{"type":"LineString","coordinates":[[121.45,25.0167],[140.8219,41.77]]},"properties":{"n":"台湾(桃園)〜函館","op":null,"mode":"air","pax":99216,"intl":true}},{"type":"Feature","geometry":{"type":"LineString","coordinates":[[144.1931,43.0408],[121.45,25.0167]]},"properties":{"n":"釧路〜台湾(桃園)","op":null,"mode":"air","pax":31200,"intl":true}},{"type":"Feature","geometry":{"type":"LineString","coordinates":[[121.45,25.0167],[144.1931,43.0408]]},"properties":{"n":"台湾(桃園)〜釧路","op":null,"mode":"air","pax":31200,"intl":true}},{"type":"Feature","geometry":{"type":"LineString","coordinates":[[140.6886,40.7333],[126.9997,37.5663]]},"properties":{"n":"青森〜韓国(仁川)","op":null,"mode":"air","pax":22932,"intl":true}},{"type":"Feature","geometry":{"type":"LineString","coordinates":[[126.9997,37.5663],[140.6886,40.7333]]},"properties":{"n":"韓国(仁川)〜青森","op":null,"mode":"air","pax":22932,"intl":true}},{"type":"Feature","geometry":{"type":"LineString","coordinates":[[140.9169,38.1397],[116.3883,39.9289]]},"properties":{"n":"仙台〜中国(北京)","op":null,"mode":"air","pax":13312,"intl":true}},{"type":"Feature","geometry":{"type":"LineString","coordinates":[[116.3883,39.9289],[140.9169,38.1397]]},"properties":{"n":"中国(北京)〜仙台","op":null,"mode":"air","pax":13312,"intl":true}},{"type":"Feature","geometry":{"type":"LineString","coordinates":[[140.9169,38.1397],[-77.0094,38.8995]]},"properties":{"n":"仙台〜アメリカ(グアム)","op":null,"mode":"air","pax":17264,"intl":true}},{"type":"Feature","geometry":{"type":"LineString","coordinates":[[-77.0094,38.8995],[140.9169,38.1397]]},"properties":{"n":"アメリカ(グアム)〜仙台","op":null,"mode":"air","pax":17264,"intl":true}},{"type":"Feature","geometry":{"type":"LineString","coordinates":[[140.9169,38.1397],[-77.0094,38.8995]]},"properties":{"n":"仙台〜アメリカ(ホノルル)","op":null,"mode":"air","pax":41184,"intl":true}},{"type":"Feature","geometry":{"type":"LineString","coordinates":[[-77.0094,38.8995],[140.9169,38.1397]]},"properties":{"n":"アメリカ(ホノルル)〜仙台","op":null,"mode":"air","pax":41184,"intl":true}},{"type":"Feature","geometry":{"type":"LineString","coordinates":[[140.9169,38.1397],[126.9997,37.5663]]},"properties":{"n":"仙台〜韓国(仁川)","op":null,"mode":"air","pax":41600,"intl":true}},{"type":"Feature","geometry":{"type":"LineString","coordinates":[[126.9997,37.5663],[140.9169,38.1397]]},"properties":{"n":"韓国(仁川)〜仙台","op":null,"mode":"air","pax":41600,"intl":true}},{"type":"Feature","geometry":{"type":"LineString","coordinates":[[140.9169,38.1397],[116.3883,39.9289]]},"properties":{"n":"仙台〜中国(浦東)","op":null,"mode":"air","pax":13312,"intl":true}},{"type":"Feature","geometry":{"type":"LineString","coordinates":[[116.3883,39.9289],[140.9169,38.1397]]},"properties":{"n":"中国(浦東)〜仙台","op":null,"mode":"air","pax":13312,"intl":true}},{"type":"Feature","geometry":{"type":"LineString","coordinates":[[140.9169,38.1397],[121.45,25.0167]]},"properties":{"n":"仙台〜台湾(桃園)","op":null,"mode":"air","pax":19136,"intl":true}},{"type":"Feature","geometry":{"type":"LineString","coordinates":[[121.45,25.0167],[140.9169,38.1397]]},"properties":{"n":"台湾(桃園)〜仙台","op":null,"mode":"air","pax":19136,"intl":true}},{"type":"Feature","geometry":{"type":"LineString","coordinates":[[140.4156,36.1811],[116.3883,39.9289]]},"properties":{"n":"茨城〜中国(浦東)","op":null,"mode":"air","pax":56160,"intl":true}},{"type":"Feature","geometry":{"type":"LineString","coordinates":[[116.3883,39.9289],[140.4156,36.1811]]},"properties":{"n":"中国(浦東)〜茨城","op":null,"mode":"air","pax":56160,"intl":true}},{"type":"Feature","geometry":{"type":"LineString","coordinates":[[138.1894,34.7961],[126.9997,37.5663]]},"properties":{"n":"静岡〜韓国(仁川)","op":null,"mode":"air","pax":46020,"intl":true}},{"type":"Feature","geometry":{"type":"LineString","coordinates":[[126.9997,37.5663],[138.1894,34.7961]]},"properties":{"n":"韓国(仁川)〜静岡","op":null,"mode":"air","pax":46020,"intl":true}},{"type":"Feature","geometry":{"type":"LineString","coordinates":[[138.1894,34.7961],[116.3883,39.9289]]},"properties":{"n":"静岡〜中国(浦東)","op":null,"mode":"air","pax":43160,"intl":true}},{"type":"Feature","geometry":{"type":"LineString","coordinates":[[116.3883,39.9289],[138.1894,34.7961]]},"properties":{"n":"中国(浦東)〜静岡","op":null,"mode":"air","pax":43160,"intl":true}},{"type":"Feature","geometry":{"type":"LineString","coordinates":[[138.1894,34.7961],[121.45,25.0167]]},"properties":{"n":"静岡〜台湾(桃園)","op":null,"mode":"air","pax":38896,"intl":true}},{"type":"Feature","geometry":{"type":"LineString","coordinates":[[121.45,25.0167],[138.1894,34.7961]]},"properties":{"n":"台湾(桃園)〜静岡","op":null,"mode":"air","pax":38896,"intl":true}},{"type":"Feature","geometry":{"type":"LineString","coordinates":[[138.1894,34.7961],[116.3883,39.9289]]},"properties":{"n":"静岡〜中国(武漢)","op":null,"mode":"air","pax":36686,"intl":true}},{"type":"Feature","geometry":{"type":"LineString","coordinates":[[116.3883,39.9289],[138.1894,34.7961]]},"properties":{"n":"中国(武漢)〜静岡","op":null,"mode":"air","pax":36686,"intl":true}},{"type":"Feature","geometry":{"type":"LineString","coordinates":[[139.1117,37.9558],[-77.0094,38.8995]]},"properties":{"n":"新潟〜アメリカ(グアム)","op":null,"mode":"air","pax":11284,"intl":true}},{"type":"Feature","geometry":{"type":"LineString","coordinates":[[-77.0094,38.8995],[139.1117,37.9558]]},"properties":{"n":"アメリカ(グアム)〜新潟","op":null,"mode":"air","pax":11284,"intl":true}},{"type":"Feature","geometry":{"type":"LineString","coordinates":[[139.1117,37.9558],[116.3883,39.9289]]},"properties":{"n":"新潟〜中国(ハルビン)","op":null,"mode":"air","pax":31408,"intl":true}},{"type":"Feature","geometry":{"type":"LineString","coordinates":[[116.3883,39.9289],[139.1117,37.9558]]},"properties":{"n":"中国(ハルビン)〜新潟","op":null,"mode":"air","pax":31408,"intl":true}},{"type":"Feature","geometry":{"type":"LineString","coordinates":[[139.1117,37.9558],[126.9997,37.5663]]},"properties":{"n":"新潟〜韓国(仁川)","op":null,"mode":"air","pax":57876,"intl":true}},{"type":"Feature","geometry":{"type":"LineString","coordinates":[[126.9997,37.5663],[139.1117,37.9558]]},"properties":{"n":"韓国(仁川)〜新潟","op":null,"mode":"air","pax":57876,"intl":true}},{"type":"Feature","geometry":{"type":"LineString","coordinates":[[139.1117,37.9558],[116.3883,39.9289]]},"properties":{"n":"新潟〜中国(浦東)","op":null,"mode":"air","pax":16120,"intl":true}},{"type":"Feature","geometry":{"type":"LineString","coordinates":[[116.3883,39.9289],[139.1117,37.9558]]},"properties":{"n":"中国(浦東)〜新潟","op":null,"mode":"air","pax":16120,"intl":true}},{"type":"Feature","geometry":{"type":"LineString","coordinates":[[136.4075,36.3939],[126.9997,37.5663]]},"properties":{"n":"小松〜韓国(仁川)","op":null,"mode":"air","pax":33072,"intl":true}},{"type":"Feature","geometry":{"type":"LineString","coordinates":[[126.9997,37.5663],[136.4075,36.3939]]},"properties":{"n":"韓国(仁川)〜小松","op":null,"mode":"air","pax":33072,"intl":true}},{"type":"Feature","geometry":{"type":"LineString","coordinates":[[136.4075,36.3939],[116.3883,39.9289]]},"properties":{"n":"小松〜中国(浦東)","op":null,"mode":"air","pax":32240,"intl":true}},{"type":"Feature","geometry":{"type":"LineString","coordinates":[[116.3883,39.9289],[136.4075,36.3939]]},"properties":{"n":"中国(浦東)〜小松","op":null,"mode":"air","pax":32240,"intl":true}},{"type":"Feature","geometry":{"type":"LineString","coordinates":[[136.4075,36.3939],[121.45,25.0167]]},"properties":{"n":"小松〜台湾(桃園)","op":null,"mode":"air","pax":66976,"intl":true}},{"type":"Feature","geometry":{"type":"LineString","coordinates":[[121.45,25.0167],[136.4075,36.3939]]},"properties":{"n":"台湾(桃園)〜小松","op":null,"mode":"air","pax":66976,"intl":true}},{"type":"Feature","geometry":{"type":"LineString","coordinates":[[137.1875,36.6483],[116.3883,39.9289]]},"properties":{"n":"富山〜中国(大連)","op":null,"mode":"air","pax":12584,"intl":true}},{"type":"Feature","geometry":{"type":"LineString","coordinates":[[116.3883,39.9289],[137.1875,36.6483]]},"properties":{"n":"中国(大連)〜富山","op":null,"mode":"air","pax":12584,"intl":true}},{"type":"Feature","geometry":{"type":"LineString","coordinates":[[137.1875,36.6483],[126.9997,37.5663]]},"properties":{"n":"富山〜韓国(仁川)","op":null,"mode":"air","pax":27456,"intl":true}},{"type":"Feature","geometry":{"type":"LineString","coordinates":[[126.9997,37.5663],[137.1875,36.6483]]},"properties":{"n":"韓国(仁川)〜富山","op":null,"mode":"air","pax":27456,"intl":true}},{"type":"Feature","geometry":{"type":"LineString","coordinates":[[137.1875,36.6483],[116.3883,39.9289]]},"properties":{"n":"富山〜中国(浦東)","op":null,"mode":"air","pax":16744,"intl":true}},{"type":"Feature","geometry":{"type":"LineString","coordinates":[[116.3883,39.9289],[137.1875,36.6483]]},"properties":{"n":"中国(浦東)〜富山","op":null,"mode":"air","pax":16744,"intl":true}},{"type":"Feature","geometry":{"type":"LineString","coordinates":[[137.1875,36.6483],[121.45,25.0167]]},"properties":{"n":"富山〜台湾(桃園)","op":null,"mode":"air","pax":32864,"intl":true}},{"type":"Feature","geometry":{"type":"LineString","coordinates":[[121.45,25.0167],[137.1875,36.6483]]},"properties":{"n":"台湾(桃園)〜富山","op":null,"mode":"air","pax":32864,"intl":true}},{"type":"Feature","geometry":{"type":"LineString","coordinates":[[133.8553,34.7569],[-77.0094,38.8995]]},"properties":{"n":"岡山〜アメリカ(グアム)","op":null,"mode":"air","pax":12896,"intl":true}},{"type":"Feature","geometry":{"type":"LineString","coordinates":[[-77.0094,38.8995],[133.8553,34.7569]]},"properties":{"n":"アメリカ(グアム)〜岡山","op":null,"mode":"air","pax":12896,"intl":true}},{"type":"Feature","geometry":{"type":"LineString","coordinates":[[133.8553,34.7569],[126.9997,37.5663]]},"properties":{"n":"岡山〜韓国(仁川)","op":null,"mode":"air","pax":68068,"intl":true}},{"type":"Feature","geometry":{"type":"LineString","coordinates":[[126.9997,37.5663],[133.8553,34.7569]]},"properties":{"n":"韓国(仁川)〜岡山","op":null,"mode":"air","pax":68068,"intl":true}},{"type":"Feature","geometry":{"type":"LineString","coordinates":[[133.8553,34.7569],[116.3883,39.9289]]},"properties":{"n":"岡山〜中国(浦東)","op":null,"mode":"air","pax":51792,"intl":true}},{"type":"Feature","geometry":{"type":"LineString","coordinates":[[116.3883,39.9289],[133.8553,34.7569]]},"properties":{"n":"中国(浦東)〜岡山","op":null,"mode":"air","pax":51792,"intl":true}},{"type":"Feature","geometry":{"type":"LineString","coordinates":[[133.8553,34.7569],[121.45,25.0167]]},"properties":{"n":"岡山〜台湾(桃園)","op":null,"mode":"air","pax":15808,"intl":true}},{"type":"Feature","geometry":{"type":"LineString","coordinates":[[121.45,25.0167],[133.8553,34.7569]]},"properties":{"n":"台湾(桃園)〜岡山","op":null,"mode":"air","pax":15808,"intl":true}},{"type":"Feature","geometry":{"type":"LineString","coordinates":[[132.9194,34.4361],[116.3883,39.9289]]},"properties":{"n":"広島〜中国(北京)","op":null,"mode":"air","pax":33280,"intl":true}},{"type":"Feature","geometry":{"type":"LineString","coordinates":[[116.3883,39.9289],[132.9194,34.4361]]},"properties":{"n":"中国(北京)〜広島","op":null,"mode":"air","pax":33280,"intl":true}},{"type":"Feature","geometry":{"type":"LineString","coordinates":[[132.9194,34.4361],[116.3883,39.9289]]},"properties":{"n":"広島〜中国(成都)","op":null,"mode":"air","pax":56784,"intl":true}},{"type":"Feature","geometry":{"type":"LineString","coordinates":[[116.3883,39.9289],[132.9194,34.4361]]},"properties":{"n":"中国(成都)〜広島","op":null,"mode":"air","pax":56784,"intl":true}},{"type":"Feature","geometry":{"type":"LineString","coordinates":[[132.9194,34.4361],[116.3883,39.9289]]},"properties":{"n":"広島〜中国(大連)","op":null,"mode":"air","pax":46592,"intl":true}},{"type":"Feature","geometry":{"type":"LineString","coordinates":[[132.9194,34.4361],[-77.0094,38.8995]]},"properties":{"n":"広島〜アメリカ(グアム)","op":null,"mode":"air","pax":12896,"intl":true}},{"type":"Feature","geometry":{"type":"LineString","coordinates":[[-77.0094,38.8995],[132.9194,34.4361]]},"properties":{"n":"アメリカ(グアム)〜広島","op":null,"mode":"air","pax":12896,"intl":true}},{"type":"Feature","geometry":{"type":"LineString","coordinates":[[132.9194,34.4361],[126.9997,37.5663]]},"properties":{"n":"広島〜韓国(仁川)","op":null,"mode":"air","pax":72800,"intl":true}},{"type":"Feature","geometry":{"type":"LineString","coordinates":[[126.9997,37.5663],[132.9194,34.4361]]},"properties":{"n":"韓国(仁川)〜広島","op":null,"mode":"air","pax":72800,"intl":true}},{"type":"Feature","geometry":{"type":"LineString","coordinates":[[132.9194,34.4361],[116.3883,39.9289]]},"properties":{"n":"広島〜中国(浦東)","op":null,"mode":"air","pax":56784,"intl":true}},{"type":"Feature","geometry":{"type":"LineString","coordinates":[[116.3883,39.9289],[132.9194,34.4361]]},"properties":{"n":"中国(浦東)〜広島","op":null,"mode":"air","pax":56784,"intl":true}},{"type":"Feature","geometry":{"type":"LineString","coordinates":[[132.9194,34.4361],[121.45,25.0167]]},"properties":{"n":"広島〜台湾(桃園)","op":null,"mode":"air","pax":57512,"intl":true}},{"type":"Feature","geometry":{"type":"LineString","coordinates":[[121.45,25.0167],[132.9194,34.4361]]},"properties":{"n":"台湾(桃園)〜広島","op":null,"mode":"air","pax":57512,"intl":true}},{"type":"Feature","geometry":{"type":"LineString","coordinates":[[133.2364,35.4922],[126.9997,37.5663]]},"properties":{"n":"米子〜韓国(仁川)","op":null,"mode":"air","pax":25272,"intl":true}},{"type":"Feature","geometry":{"type":"LineString","coordinates":[[126.9997,37.5663],[133.2364,35.4922]]},"properties":{"n":"韓国(仁川)〜米子","op":null,"mode":"air","pax":25272,"intl":true}},{"type":"Feature","geometry":{"type":"LineString","coordinates":[[132.6997,33.8272],[126.9997,37.5663]]},"properties":{"n":"松山〜韓国(仁川)","op":null,"mode":"air","pax":31200,"intl":true}},{"type":"Feature","geometry":{"type":"LineString","coordinates":[[126.9997,37.5663],[132.6997,33.8272]]},"properties":{"n":"韓国(仁川)〜松山","op":null,"mode":"air","pax":31200,"intl":true}},{"type":"Feature","geometry":{"type":"LineString","coordinates":[[132.6997,33.8272],[116.3883,39.9289]]},"properties":{"n":"松山〜中国(浦東)","op":null,"mode":"air","pax":12480,"intl":true}},{"type":"Feature","geometry":{"type":"LineString","coordinates":[[116.3883,39.9289],[132.6997,33.8272]]},"properties":{"n":"中国(浦東)〜松山","op":null,"mode":"air","pax":12480,"intl":true}},{"type":"Feature","geometry":{"type":"LineString","coordinates":[[134.0156,34.2142],[126.9997,37.5663]]},"properties":{"n":"高松〜韓国(仁川)","op":null,"mode":"air","pax":26520,"intl":true}},{"type":"Feature","geometry":{"type":"LineString","coordinates":[[126.9997,37.5663],[134.0156,34.2142]]},"properties":{"n":"韓国(仁川)〜高松","op":null,"mode":"air","pax":26520,"intl":true}},{"type":"Feature","geometry":{"type":"LineString","coordinates":[[134.0156,34.2142],[116.3883,39.9289]]},"properties":{"n":"高松〜中国(浦東)","op":null,"mode":"air","pax":37440,"intl":true}},{"type":"Feature","geometry":{"type":"LineString","coordinates":[[116.3883,39.9289],[134.0156,34.2142]]},"properties":{"n":"中国(浦東)〜高松","op":null,"mode":"air","pax":37440,"intl":true}},{"type":"Feature","geometry":{"type":"LineString","coordinates":[[134.0156,34.2142],[121.45,25.0167]]},"properties":{"n":"高松〜台湾(桃園)","op":null,"mode":"air","pax":32864,"intl":true}},{"type":"Feature","geometry":{"type":"LineString","coordinates":[[121.45,25.0167],[134.0156,34.2142]]},"properties":{"n":"台湾(桃園)〜高松","op":null,"mode":"air","pax":32864,"intl":true}},{"type":"Feature","geometry":{"type":"LineString","coordinates":[[131.7372,33.4794],[126.9997,37.5663]]},"properties":{"n":"大分〜韓国(仁川)","op":null,"mode":"air","pax":19656,"intl":true}},{"type":"Feature","geometry":{"type":"LineString","coordinates":[[126.9997,37.5663],[131.7372,33.4794]]},"properties":{"n":"韓国(仁川)〜大分","op":null,"mode":"air","pax":19656,"intl":true}},{"type":"Feature","geometry":{"type":"LineString","coordinates":[[130.3022,33.1497],[126.9997,37.5663]]},"properties":{"n":"佐賀〜韓国(仁川)","op":null,"mode":"air","pax":29484,"intl":true}},{"type":"Feature","geometry":{"type":"LineString","coordinates":[[126.9997,37.5663],[130.3022,33.1497]]},"properties":{"n":"韓国(仁川)〜佐賀","op":null,"mode":"air","pax":29484,"intl":true}},{"type":"Feature","geometry":{"type":"LineString","coordinates":[[130.3022,33.1497],[116.3883,39.9289]]},"properties":{"n":"佐賀〜中国(浦東)","op":null,"mode":"air","pax":28080,"intl":true}},{"type":"Feature","geometry":{"type":"LineString","coordinates":[[116.3883,39.9289],[130.3022,33.1497]]},"properties":{"n":"中国(浦東)〜佐賀","op":null,"mode":"air","pax":28080,"intl":true}},{"type":"Feature","geometry":{"type":"LineString","coordinates":[[129.9136,32.9169],[126.9997,37.5663]]},"properties":{"n":"長崎〜韓国(仁川)","op":null,"mode":"air","pax":29484,"intl":true}},{"type":"Feature","geometry":{"type":"LineString","coordinates":[[126.9997,37.5663],[129.9136,32.9169]]},"properties":{"n":"韓国(仁川)〜長崎","op":null,"mode":"air","pax":29484,"intl":true}},{"type":"Feature","geometry":{"type":"LineString","coordinates":[[129.9136,32.9169],[116.3883,39.9289]]},"properties":{"n":"長崎〜中国(浦東)","op":null,"mode":"air","pax":12480,"intl":true}},{"type":"Feature","geometry":{"type":"LineString","coordinates":[[116.3883,39.9289],[129.9136,32.9169]]},"properties":{"n":"中国(浦東)〜長崎","op":null,"mode":"air","pax":12480,"intl":true}},{"type":"Feature","geometry":{"type":"LineString","coordinates":[[130.8553,32.8372],[126.9997,37.5663]]},"properties":{"n":"熊本〜韓国(仁川)","op":null,"mode":"air","pax":27248,"intl":true}},{"type":"Feature","geometry":{"type":"LineString","coordinates":[[126.9997,37.5663],[130.8553,32.8372]]},"properties":{"n":"韓国(仁川)〜熊本","op":null,"mode":"air","pax":27248,"intl":true}},{"type":"Feature","geometry":{"type":"LineString","coordinates":[[130.7194,31.8033],[126.9997,37.5663]]},"properties":{"n":"鹿児島〜韓国(仁川)","op":null,"mode":"air","pax":29328,"intl":true}},{"type":"Feature","geometry":{"type":"LineString","coordinates":[[126.9997,37.5663],[130.7194,31.8033]]},"properties":{"n":"韓国(仁川)〜鹿児島","op":null,"mode":"air","pax":29328,"intl":true}},{"type":"Feature","geometry":{"type":"LineString","coordinates":[[130.7194,31.8033],[116.3883,39.9289]]},"properties":{"n":"鹿児島〜中国(浦東)","op":null,"mode":"air","pax":14508,"intl":true}},{"type":"Feature","geometry":{"type":"LineString","coordinates":[[116.3883,39.9289],[130.7194,31.8033]]},"properties":{"n":"中国(浦東)〜鹿児島","op":null,"mode":"air","pax":14508,"intl":true}},{"type":"Feature","geometry":{"type":"LineString","coordinates":[[130.7194,31.8033],[116.3883,39.9289]]},"properties":{"n":"鹿児島〜中国(香港)","op":null,"mode":"air","pax":15808,"intl":true}},{"type":"Feature","geometry":{"type":"LineString","coordinates":[[116.3883,39.9289],[130.7194,31.8033]]},"properties":{"n":"中国(香港)〜鹿児島","op":null,"mode":"air","pax":15808,"intl":true}},{"type":"Feature","geometry":{"type":"LineString","coordinates":[[130.7194,31.8033],[121.45,25.0167]]},"properties":{"n":"鹿児島〜台湾(桃園)","op":null,"mode":"air","pax":32864,"intl":true}},{"type":"Feature","geometry":{"type":"LineString","coordinates":[[121.45,25.0167],[130.7194,31.8033]]},"properties":{"n":"台湾(桃園)〜鹿児島","op":null,"mode":"air","pax":32864,"intl":true}},{"type":"Feature","geometry":{"type":"LineString","coordinates":[[131.4486,31.8772],[126.9997,37.5663]]},"properties":{"n":"宮崎〜韓国(仁川)","op":null,"mode":"air","pax":31200,"intl":true}},{"type":"Feature","geometry":{"type":"LineString","coordinates":[[126.9997,37.5663],[131.4486,31.8772]]},"properties":{"n":"韓国(仁川)〜宮崎","op":null,"mode":"air","pax":31200,"intl":true}},{"type":"Feature","geometry":{"type":"LineString","coordinates":[[131.4486,31.8772],[121.45,25.0167]]},"properties":{"n":"宮崎〜台湾(桃園)","op":null,"mode":"air","pax":24648,"intl":true}},{"type":"Feature","geometry":{"type":"LineString","coordinates":[[121.45,25.0167],[131.4486,31.8772]]},"properties":{"n":"台湾(桃園)〜宮崎","op":null,"mode":"air","pax":24648,"intl":true}},{"type":"Feature","geometry":{"type":"LineString","coordinates":[[127.6458,26.1958],[116.3883,39.9289]]},"properties":{"n":"那覇〜中国(北京)","op":null,"mode":"air","pax":13312,"intl":true}},{"type":"Feature","geometry":{"type":"LineString","coordinates":[[116.3883,39.9289],[127.6458,26.1958]]},"properties":{"n":"中国(北京)〜那覇","op":null,"mode":"air","pax":13312,"intl":true}},{"type":"Feature","geometry":{"type":"LineString","coordinates":[[127.6458,26.1958],[126.9997,37.5663]]},"properties":{"n":"那覇〜韓国(釜山)","op":null,"mode":"air","pax":25272,"intl":true}},{"type":"Feature","geometry":{"type":"LineString","coordinates":[[126.9997,37.5663],[127.6458,26.1958]]},"properties":{"n":"韓国(釜山)〜那覇","op":null,"mode":"air","pax":25272,"intl":true}},{"type":"Feature","geometry":{"type":"LineString","coordinates":[[127.6458,26.1958],[116.3883,39.9289]]},"properties":{"n":"那覇〜中国(香港)","op":null,"mode":"air","pax":268372,"intl":true}},{"type":"Feature","geometry":{"type":"LineString","coordinates":[[116.3883,39.9289],[127.6458,26.1958]]},"properties":{"n":"中国(香港)〜那覇","op":null,"mode":"air","pax":268372,"intl":true}},{"type":"Feature","geometry":{"type":"LineString","coordinates":[[127.6458,26.1958],[126.9997,37.5663]]},"properties":{"n":"那覇〜韓国(仁川)","op":null,"mode":"air","pax":141596,"intl":true}},{"type":"Feature","geometry":{"type":"LineString","coordinates":[[126.9997,37.5663],[127.6458,26.1958]]},"properties":{"n":"韓国(仁川)〜那覇","op":null,"mode":"air","pax":141596,"intl":true}},{"type":"Feature","geometry":{"type":"LineString","coordinates":[[127.6458,26.1958],[116.3883,39.9289]]},"properties":{"n":"那覇〜中国(浦東)","op":null,"mode":"air","pax":101816,"intl":true}},{"type":"Feature","geometry":{"type":"LineString","coordinates":[[116.3883,39.9289],[127.6458,26.1958]]},"properties":{"n":"中国(浦東)〜那覇","op":null,"mode":"air","pax":101816,"intl":true}},{"type":"Feature","geometry":{"type":"LineString","coordinates":[[127.6458,26.1958],[121.45,25.0167]]},"properties":{"n":"那覇〜台湾(台中)","op":null,"mode":"air","pax":10816,"intl":true}},{"type":"Feature","geometry":{"type":"LineString","coordinates":[[121.45,25.0167],[127.6458,26.1958]]},"properties":{"n":"台湾(台中)〜那覇","op":null,"mode":"air","pax":10816,"intl":true}},{"type":"Feature","geometry":{"type":"LineString","coordinates":[[127.6458,26.1958],[121.45,25.0167]]},"properties":{"n":"那覇〜台湾(桃園)","op":null,"mode":"air","pax":308776,"intl":true}},{"type":"Feature","geometry":{"type":"LineString","coordinates":[[121.45,25.0167],[127.6458,26.1958]]},"properties":{"n":"台湾(桃園)〜那覇","op":null,"mode":"air","pax":308776,"intl":true}},{"type":"Feature","geometry":{"type":"LineString","coordinates":[[124.245,24.3964],[121.45,25.0167]]},"properties":{"n":"石垣〜台湾(桃園)","op":null,"mode":"air","pax":16432,"intl":true}},{"type":"Feature","geometry":{"type":"LineString","coordinates":[[121.45,25.0167],[124.245,24.3964]]},"properties":{"n":"台湾(桃園)〜石垣","op":null,"mode":"air","pax":16432,"intl":true}}]}