{"type":"FeatureCollection","features":[{"type":"Feature","geometry":{"type":"LineString","coordinates":[[139.7644,35.6553],[139.5664,34.0803]]},"properties":{"n":"東京～八丈島","op":"東海汽船","mode":"ferry"}},{"type":"Feature","geometry":{"type":"LineString","coordinates":[[139.5664,34.0803],[139.5879,33.8968]]},"properties":{"n":"東京～八丈島","op":"東海汽船","mode":"ferry"}},{"type":"Feature","geometry":{"type":"LineString","coordinates":[[139.5879,33.8968],[139.8189,33.1226]]},"properties":{"n":"東京～八丈島","op":"東海汽船","mode":"ferry"}},{"type":"Feature","geometry":{"type":"LineString","coordinates":[[139.7644,35.6553],[139.6477,35.4522]]},"properties":{"n":"東京～大島～神津島","op":"東海汽船","mode":"ferry"}},{"type":"Feature","geometry":{"type":"LineString","coordinates":[[139.7644,35.6553],[139.391,34.7902]]},"properties":{"n":"東京～大島～神津島","op":"東海汽船","mode":"ferry"}},{"type":"Feature","geometry":{"type":"LineString","coordinates":[[139.6477,35.4522],[139.391,34.7902]]},"properties":{"n":"東京～大島～神津島","op":"東海汽船","mode":"ferry"}},{"type":"Feature","geometry":{"type":"LineString","coordinates":[[139.391,34.7902],[139.2807,34.5342]]},"properties":{"n":"東京～大島～神津島","op":"東海汽船","mode":"ferry"}},{"type":"Feature","geometry":{"type":"LineString","coordinates":[[139.2807,34.5342],[139.2438,34.3688]]},"properties":{"n":"東京～大島～神津島","op":"東海汽船","mode":"ferry"}},{"type":"Feature","geometry":{"type":"LineString","coordinates":[[139.2438,34.3688],[139.216,34.3344]]},"properties":{"n":"東京～大島～神津島","op":"東海汽船","mode":"ferry"}},{"type":"Feature","geometry":{"type":"LineString","coordinates":[[139.216,34.3344],[139.1561,34.2013]]},"properties":{"n":"東京～大島～神津島","op":"東海汽船","mode":"ferry"}},{"type":"Feature","geometry":{"type":"LineString","coordinates":[[139.076,35.0904],[139.391,34.7902]]},"properties":{"n":"熱海～大島","op":"東海汽船","mode":"ferry"}},{"type":"Feature","geometry":{"type":"LineString","coordinates":[[138.9491,34.6702],[139.391,34.7902]]},"properties":{"n":"大島～下田","op":"東海汽船","mode":"ferry"}},{"type":"Feature","geometry":{"type":"LineString","coordinates":[[139.076,35.0904],[139.216,34.3344]]},"properties":{"n":"神津島～熱海","op":"東海汽船","mode":"ferry"}},{"type":"Feature","geometry":{"type":"LineString","coordinates":[[139.076,35.0904],[139.2438,34.3688]]},"properties":{"n":"神津島～熱海","op":"東海汽船","mode":"ferry"}},{"type":"Feature","geometry":{"type":"LineString","coordinates":[[139.2438,34.3688],[139.1561,34.2013]]},"properties":{"n":"神津島～熱海","op":"東海汽船","mode":"ferry"}},{"type":"Feature","geometry":{"type":"LineString","coordinates":[[136.8461,35.0593],[141.0049,38.2735]]},"properties":{"n":"名古屋～仙台～苫小牧","op":"太平洋フェリー株式会社","mode":"ferry"}},{"type":"Feature","geometry":{"type":"LineString","coordinates":[[141.0049,38.2735],[141.6365,42.6377]]},"properties":{"n":"名古屋～仙台～苫小牧","op":"太平洋フェリー株式会社","mode":"ferry"}},{"type":"Feature","geometry":{"type":"LineString","coordinates":[[135.144,34.2175],[134.5834,34.0565]]},"properties":{"n":"和歌山～徳島","op":"南海フェリ","mode":"ferry"}},{"type":"Feature","geometry":{"type":"LineString","coordinates":[[136.0724,35.6782],[139.0685,37.9381]]},"properties":{"n":"舞鶴～敦賀～新潟～秋田～小樽～苫小牧","op":"新日本海フェリー","mode":"ferry"}},{"type":"Feature","geometry":{"type":"LineString","coordinates":[[139.0685,37.9381],[140.058,39.7551]]},"properties":{"n":"舞鶴～敦賀～新潟～秋田～小樽～苫小牧","op":"新日本海フェリー","mode":"ferry"}},{"type":"Feature","geometry":{"type":"LineString","coordinates":[[140.058,39.7551],[141.8191,42.6101]]},"properties":{"n":"舞鶴～敦賀～新潟～秋田～小樽～苫小牧","op":"新日本海フェリー","mode":"ferry"}},{"type":"Feature","geometry":{"type":"LineString","coordinates":[[136.0724,35.6782],[141.8191,42.6101]]},"properties":{"n":"舞鶴～敦賀～新潟～秋田～小樽～苫小牧","op":"新日本海フェリー","mode":"ferry"}},{"type":"Feature","geometry":{"type":"LineString","coordinates":[[139.0685,37.9381],[141.015,43.19]]},"properties":{"n":"舞鶴～敦賀～新潟～秋田～小樽～苫小牧","op":"新日本海フェリー","mode":"ferry"}},{"type":"Feature","geometry":{"type":"LineString","coordinates":[[135.3922,35.4818],[141.015,43.19]]},"properties":{"n":"舞鶴～敦賀～新潟～秋田～小樽～苫小牧","op":"新日本海フェリー","mode":"ferry"}},{"type":"Feature","geometry":{"type":"LineString","coordinates":[[130.9861,33.8717],[135.4308,34.62]]},"properties":{"n":"大阪～門司","op":"新日本海フェリー","mode":"ferry"}},{"type":"Feature","geometry":{"type":"LineString","coordinates":[[131.8003,34.0493],[131.5653,33.6786]]},"properties":{"n":"徳山～竹田津","op":"周防灘フェリー","mode":"ferry"}},{"type":"Feature","geometry":{"type":"LineString","coordinates":[[134.0527,34.352],[133.9507,34.4932]]},"properties":{"n":"高松～宇野","op":"四国フェリー","mode":"ferry"}},{"type":"Feature","geometry":{"type":"LineString","coordinates":[[133.9862,34.6045],[134.173,34.4889]]},"properties":{"n":"岡山～土庄","op":"四国フェリー","mode":"ferry"}},{"type":"Feature","geometry":{"type":"LineString","coordinates":[[133.3327,33.9868],[133.1182,33.9315]]},"properties":{"n":"東予～新居浜～神戸～大阪","op":"四国開発フェリー","mode":"ferry"}},{"type":"Feature","geometry":{"type":"LineString","coordinates":[[133.3327,33.9868],[135.2882,34.6963]]},"properties":{"n":"東予～新居浜～神戸～大阪","op":"四国開発フェリー","mode":"ferry"}},{"type":"Feature","geometry":{"type":"LineString","coordinates":[[133.3327,33.9868],[135.4311,34.6186]]},"properties":{"n":"東予～新居浜～神戸～大阪","op":"四国開発フェリー","mode":"ferry"}},{"type":"Feature","geometry":{"type":"LineString","coordinates":[[133.1182,33.9315],[135.4311,34.6186]]},"properties":{"n":"東予～新居浜～神戸～大阪","op":"四国開発フェリー","mode":"ferry"}},{"type":"Feature","geometry":{"type":"LineString","coordinates":[[132.4165,33.4573],[131.8115,33.1255]]},"properties":{"n":"八幡浜～臼杵","op":"宇和島運輸","mode":"ferry"}},{"type":"Feature","geometry":{"type":"LineString","coordinates":[[132.4165,33.4573],[131.5049,33.3002]]},"properties":{"n":"八幡浜～別府","op":"宇和島運輸","mode":"ferry"}},{"type":"Feature","geometry":{"type":"LineString","coordinates":[[130.9905,33.8848],[135.2871,34.6967]]},"properties":{"n":"新門司～神戸","op":"阪九フェリ","mode":"ferry"}},{"type":"Feature","geometry":{"type":"LineString","coordinates":[[130.99,33.8829],[135.3961,34.5181]]},"properties":{"n":"新門司～泉大津","op":"阪九フェリ","mode":"ferry"}},{"type":"Feature","geometry":{"type":"LineString","coordinates":[[135.4126,34.6368],[131.5043,33.3036]]},"properties":{"n":"大阪～別府","op":"フェリーさんふらわあ","mode":"ferry"}},{"type":"Feature","geometry":{"type":"LineString","coordinates":[[135.2843,34.697],[131.5891,33.2458]]},"properties":{"n":"大分～神戸","op":"フェリーさんふらわあ","mode":"ferry"}},{"type":"Feature","geometry":{"type":"LineString","coordinates":[[130.8897,33.8934],[132.7065,33.8926]]},"properties":{"n":"小倉～松山","op":"フェリーさんふらわあ","mode":"ferry"}},{"type":"Feature","geometry":{"type":"LineString","coordinates":[[135.4159,34.6196],[131.0988,31.4611]]},"properties":{"n":"大阪～志布志","op":"フェリーさんふらわあ","mode":"ferry"}},{"type":"Feature","geometry":{"type":"LineString","coordinates":[[135.2858,34.697],[135.425,34.6184]]},"properties":{"n":"神戸～那覇","op":"マルエーフェリー","mode":"ferry"}},{"type":"Feature","geometry":{"type":"LineString","coordinates":[[135.425,34.6184],[129.4954,28.3879]]},"properties":{"n":"神戸～那覇","op":"マルエーフェリー","mode":"ferry"}},{"type":"Feature","geometry":{"type":"LineString","coordinates":[[135.425,34.6184],[127.6751,26.2368]]},"properties":{"n":"神戸～那覇","op":"マルエーフェリー","mode":"ferry"}},{"type":"Feature","geometry":{"type":"LineString","coordinates":[[129.4954,28.3879],[129.0235,27.7374]]},"properties":{"n":"神戸～那覇","op":"マルエーフェリー","mode":"ferry"}},{"type":"Feature","geometry":{"type":"LineString","coordinates":[[129.4954,28.3879],[127.6751,26.2368]]},"properties":{"n":"神戸～那覇","op":"マルエーフェリー","mode":"ferry"}},{"type":"Feature","geometry":{"type":"LineString","coordinates":[[129.0235,27.7374],[128.6661,27.3973]]},"properties":{"n":"神戸～那覇","op":"マルエーフェリー","mode":"ferry"}},{"type":"Feature","geometry":{"type":"LineString","coordinates":[[128.6661,27.3973],[128.401,27.0359]]},"properties":{"n":"神戸～那覇","op":"マルエーフェリー","mode":"ferry"}},{"type":"Feature","geometry":{"type":"LineString","coordinates":[[128.401,27.0359],[127.6751,26.2368]]},"properties":{"n":"神戸～那覇","op":"マルエーフェリー","mode":"ferry"}},{"type":"Feature","geometry":{"type":"LineString","coordinates":[[130.5675,31.5799],[129.4954,28.3879]]},"properties":{"n":"鹿児島～那覇","op":"マルエーフェリー","mode":"ferry"}},{"type":"Feature","geometry":{"type":"LineString","coordinates":[[129.4954,28.3879],[129.0235,27.7374]]},"properties":{"n":"鹿児島～那覇","op":"マルエーフェリー","mode":"ferry"}},{"type":"Feature","geometry":{"type":"LineString","coordinates":[[129.0235,27.7374],[128.6661,27.3973]]},"properties":{"n":"鹿児島～那覇","op":"マルエーフェリー","mode":"ferry"}},{"type":"Feature","geometry":{"type":"LineString","coordinates":[[128.6661,27.3973],[128.401,27.0359]]},"properties":{"n":"鹿児島～那覇","op":"マルエーフェリー","mode":"ferry"}},{"type":"Feature","geometry":{"type":"LineString","coordinates":[[128.401,27.0359],[127.8795,26.6392]]},"properties":{"n":"鹿児島～那覇","op":"マルエーフェリー","mode":"ferry"}},{"type":"Feature","geometry":{"type":"LineString","coordinates":[[127.8795,26.6392],[127.6697,26.2104]]},"properties":{"n":"鹿児島～那覇","op":"マルエーフェリー","mode":"ferry"}},{"type":"Feature","geometry":{"type":"LineString","coordinates":[[139.7858,35.6246],[131.1065,31.4718]]},"properties":{"n":"東京～志布志～名瀬～与論～那覇","op":"マルエーフェリー","mode":"ferry"}},{"type":"Feature","geometry":{"type":"LineString","coordinates":[[131.1065,31.4718],[129.4954,28.3879]]},"properties":{"n":"東京～志布志～名瀬～与論～那覇","op":"マルエーフェリー","mode":"ferry"}},{"type":"Feature","geometry":{"type":"LineString","coordinates":[[131.1065,31.4718],[127.6751,26.2368]]},"properties":{"n":"東京～志布志～名瀬～与論～那覇","op":"マルエーフェリー","mode":"ferry"}},{"type":"Feature","geometry":{"type":"LineString","coordinates":[[129.4954,28.3879],[127.6751,26.2368]]},"properties":{"n":"東京～志布志～名瀬～与論～那覇","op":"マルエーフェリー","mode":"ferry"}},{"type":"Feature","geometry":{"type":"LineString","coordinates":[[130.5675,31.5799],[129.4954,28.3879]]},"properties":{"n":"鹿児島～那覇","op":"マリックスライン","mode":"ferry"}},{"type":"Feature","geometry":{"type":"LineString","coordinates":[[129.4954,28.3879],[129.0235,27.7374]]},"properties":{"n":"鹿児島～那覇","op":"マリックスライン","mode":"ferry"}},{"type":"Feature","geometry":{"type":"LineString","coordinates":[[129.0235,27.7374],[128.6661,27.3973]]},"properties":{"n":"鹿児島～那覇","op":"マリックスライン","mode":"ferry"}},{"type":"Feature","geometry":{"type":"LineString","coordinates":[[128.6661,27.3973],[128.401,27.0359]]},"properties":{"n":"鹿児島～那覇","op":"マリックスライン","mode":"ferry"}},{"type":"Feature","geometry":{"type":"LineString","coordinates":[[128.401,27.0359],[127.8795,26.6392]]},"properties":{"n":"鹿児島～那覇","op":"マリックスライン","mode":"ferry"}},{"type":"Feature","geometry":{"type":"LineString","coordinates":[[127.8795,26.6392],[127.6697,26.2104]]},"properties":{"n":"鹿児島～那覇","op":"マリックスライン","mode":"ferry"}},{"type":"Feature","geometry":{"type":"LineString","coordinates":[[139.796,35.6155],[134.591,34.0505]]},"properties":{"n":"北九州～徳島～東京","op":"オシャントランス","mode":"ferry"}},{"type":"Feature","geometry":{"type":"LineString","coordinates":[[134.591,34.0505],[130.9895,33.8812]]},"properties":{"n":"北九州～徳島～東京","op":"オシャントランス","mode":"ferry"}},{"type":"Feature","geometry":{"type":"LineString","coordinates":[[140.123,41.8685],[139.5174,42.175]]},"properties":{"n":"江差～奥尻島","op":"ハートランドフェリー","mode":"ferry"}},{"type":"Feature","geometry":{"type":"LineString","coordinates":[[139.8459,42.453],[139.5174,42.175]]},"properties":{"n":"瀬棚～奥尻島","op":"ハートランドフェリー","mode":"ferry"}},{"type":"Feature","geometry":{"type":"LineString","coordinates":[[141.6853,45.4154],[141.2286,45.2419]]},"properties":{"n":"稚内～利礼","op":"ハートランドフェリー","mode":"ferry"}},{"type":"Feature","geometry":{"type":"LineString","coordinates":[[141.6853,45.4154],[141.0462,45.2981]]},"properties":{"n":"稚内～利礼","op":"ハートランドフェリー","mode":"ferry"}},{"type":"Feature","geometry":{"type":"LineString","coordinates":[[141.2286,45.2419],[141.0462,45.2981]]},"properties":{"n":"稚内～利礼","op":"ハートランドフェリー","mode":"ferry"}},{"type":"Feature","geometry":{"type":"LineString","coordinates":[[141.6985,44.3697],[141.4284,44.4426]]},"properties":{"n":"羽幌～天売","op":"羽幌沿海フェリー","mode":"ferry"}},{"type":"Feature","geometry":{"type":"LineString","coordinates":[[141.4284,44.4426],[141.3275,44.4391]]},"properties":{"n":"羽幌～天売","op":"羽幌沿海フェリー","mode":"ferry"}},{"type":"Feature","geometry":{"type":"LineString","coordinates":[[140.71,41.8076],[140.8992,41.5261]]},"properties":{"n":"函館～大間","op":"津軽海峡フェリー","mode":"ferry"}},{"type":"Feature","geometry":{"type":"LineString","coordinates":[[140.7115,41.8074],[140.7171,40.8464]]},"properties":{"n":"函館～青森","op":"津軽海峡フェリー","mode":"ferry"}},{"type":"Feature","geometry":{"type":"LineString","coordinates":[[140.7198,41.7973],[140.7173,40.8443]]},"properties":{"n":"函館～青森","op":"北日本海運","mode":"ferry"}},{"type":"Feature","geometry":{"type":"LineString","coordinates":[[140.7198,41.7973],[140.7173,40.8443]]},"properties":{"n":"函館～青森","op":"共栄運輸","mode":"ferry"}},{"type":"Feature","geometry":{"type":"LineString","coordinates":[[141.612,38.8642],[141.575,38.906]]},"properties":{"n":"浦ノ浜～気仙沼","op":"大島汽船","mode":"ferry"}},{"type":"Feature","geometry":{"type":"LineString","coordinates":[[141.0299,38.3198],[141.091,38.3364]]},"properties":{"n":"塩竃～朴島","op":"塩竈市","mode":"ferry"}},{"type":"Feature","geometry":{"type":"LineString","coordinates":[[141.0299,38.3198],[141.1053,38.3383]]},"properties":{"n":"塩竃～朴島","op":"塩竈市","mode":"ferry"}},{"type":"Feature","geometry":{"type":"LineString","coordinates":[[141.0299,38.3198],[141.125,38.349]]},"properties":{"n":"塩竃～朴島","op":"塩竈市","mode":"ferry"}},{"type":"Feature","geometry":{"type":"LineString","coordinates":[[141.091,38.3364],[141.1053,38.3383]]},"properties":{"n":"塩竃～朴島","op":"塩竈市","mode":"ferry"}},{"type":"Feature","geometry":{"type":"LineString","coordinates":[[141.1053,38.3383],[141.1029,38.333]]},"properties":{"n":"塩竃～朴島","op":"塩竈市","mode":"ferry"}},{"type":"Feature","geometry":{"type":"LineString","coordinates":[[141.1053,38.3383],[141.125,38.349]]},"properties":{"n":"塩竃～朴島","op":"塩竈市","mode":"ferry"}},{"type":"Feature","geometry":{"type":"LineString","coordinates":[[141.1029,38.333],[141.1173,38.3373]]},"properties":{"n":"塩竃～朴島","op":"塩竈市","mode":"ferry"}},{"type":"Feature","geometry":{"type":"LineString","coordinates":[[141.1173,38.3373],[141.125,38.349]]},"properties":{"n":"塩竃～朴島","op":"塩竈市","mode":"ferry"}},{"type":"Feature","geometry":{"type":"LineString","coordinates":[[141.4474,38.4432],[141.5189,38.4572]]},"properties":{"n":"女川～江島","op":"シーパル女川汽船","mode":"ferry"}},{"type":"Feature","geometry":{"type":"LineString","coordinates":[[141.4474,38.4432],[141.5257,38.4408]]},"properties":{"n":"女川～江島","op":"シーパル女川汽船","mode":"ferry"}},{"type":"Feature","geometry":{"type":"LineString","coordinates":[[141.4474,38.4432],[141.5934,38.4005]]},"properties":{"n":"女川～江島","op":"シーパル女川汽船","mode":"ferry"}},{"type":"Feature","geometry":{"type":"LineString","coordinates":[[141.5189,38.4572],[141.5257,38.4408]]},"properties":{"n":"女川～江島","op":"シーパル女川汽船","mode":"ferry"}},{"type":"Feature","geometry":{"type":"LineString","coordinates":[[141.5257,38.4408],[141.5934,38.4005]]},"properties":{"n":"女川～江島","op":"シーパル女川汽船","mode":"ferry"}},{"type":"Feature","geometry":{"type":"LineString","coordinates":[[140.6464,41.0489],[140.8269,41.1449]]},"properties":{"n":"蟹田～脇野沢","op":"むつ湾フェリー","mode":"ferry"}},{"type":"Feature","geometry":{"type":"LineString","coordinates":[[139.8298,38.914],[139.7718,39.049]]},"properties":{"n":"酒田～勝浦","op":"酒田市","mode":"ferry"}},{"type":"Feature","geometry":{"type":"LineString","coordinates":[[141.3108,38.4192],[141.4195,38.3058]]},"properties":{"n":"石巻～長渡","op":"網地島ライン","mode":"ferry"}},{"type":"Feature","geometry":{"type":"LineString","coordinates":[[141.4195,38.3058],[141.4254,38.2938]]},"properties":{"n":"石巻～長渡","op":"網地島ライン","mode":"ferry"}},{"type":"Feature","geometry":{"type":"LineString","coordinates":[[141.4195,38.3058],[141.4604,38.2742]]},"properties":{"n":"石巻～長渡","op":"網地島ライン","mode":"ferry"}},{"type":"Feature","geometry":{"type":"LineString","coordinates":[[141.4254,38.2938],[141.4604,38.2742]]},"properties":{"n":"石巻～長渡","op":"網地島ライン","mode":"ferry"}},{"type":"Feature","geometry":{"type":"LineString","coordinates":[[141.4254,38.2938],[141.4947,38.2553]]},"properties":{"n":"石巻～長渡","op":"網地島ライン","mode":"ferry"}},{"type":"Feature","geometry":{"type":"LineString","coordinates":[[141.4604,38.2742],[141.4947,38.2553]]},"properties":{"n":"石巻～長渡","op":"網地島ライン","mode":"ferry"}},{"type":"Feature","geometry":{"type":"LineString","coordinates":[[139.4318,38.1885],[139.2547,38.4667]]},"properties":{"n":"粟島～岩船","op":"粟島汽船","mode":"ferry"}},{"type":"Feature","geometry":{"type":"LineString","coordinates":[[139.061,37.9293],[138.4397,38.0817]]},"properties":{"n":"新潟～両津","op":"佐渡汽船","mode":"ferry"}},{"type":"Feature","geometry":{"type":"LineString","coordinates":[[138.2516,37.1836],[138.2849,37.816]]},"properties":{"n":"小木～直江津","op":"佐渡汽船","mode":"ferry"}},{"type":"Feature","geometry":{"type":"LineString","coordinates":[[138.7637,37.6415],[138.4127,37.8668]]},"properties":{"n":"寺泊～赤泊","op":"佐渡汽船","mode":"ferry"}},{"type":"Feature","geometry":{"type":"LineString","coordinates":[[139.7152,35.2203],[139.8182,35.1695]]},"properties":{"n":"金谷～久里浜","op":"東京湾フェリー","mode":"ferry"}},{"type":"Feature","geometry":{"type":"LineString","coordinates":[[139.7754,33.0996],[139.7597,32.4464]]},"properties":{"n":"八丈島～青ヶ島","op":"伊豆諸島開発","mode":"ferry"}},{"type":"Feature","geometry":{"type":"LineString","coordinates":[[142.1969,27.0952],[142.1598,26.6386]]},"properties":{"n":"父島～母島","op":"伊豆諸島開発","mode":"ferry"}},{"type":"Feature","geometry":{"type":"LineString","coordinates":[[139.7644,35.6553],[142.1969,27.0952]]},"properties":{"n":"東京～父島","op":"小笠原海運","mode":"ferry"}},{"type":"Feature","geometry":{"type":"LineString","coordinates":[[138.9491,34.6702],[139.1566,34.2008]]},"properties":{"n":"神津島～下田","op":"神新汽船","mode":"ferry"}},{"type":"Feature","geometry":{"type":"LineString","coordinates":[[138.9491,34.6702],[139.2807,34.5342]]},"properties":{"n":"神津島～下田","op":"神新汽船","mode":"ferry"}},{"type":"Feature","geometry":{"type":"LineString","coordinates":[[139.216,34.3349],[139.1566,34.2008]]},"properties":{"n":"神津島～下田","op":"神新汽船","mode":"ferry"}},{"type":"Feature","geometry":{"type":"LineString","coordinates":[[139.2428,34.3696],[139.216,34.3349]]},"properties":{"n":"神津島～下田","op":"神新汽船","mode":"ferry"}},{"type":"Feature","geometry":{"type":"LineString","coordinates":[[139.2807,34.5342],[139.2428,34.3696]]},"properties":{"n":"神津島～下田","op":"神新汽船","mode":"ferry"}},{"type":"Feature","geometry":{"type":"LineString","coordinates":[[139.2147,34.3339],[139.2465,34.3702]]},"properties":{"n":"式根島～新島","op":"東京都新島村","mode":"ferry"}},{"type":"Feature","geometry":{"type":"LineString","coordinates":[[141.5058,40.5483],[141.6365,42.6377]]},"properties":{"n":"八戸～苫小牧","op":"川崎近海汽船","mode":"ferry"}},{"type":"Feature","geometry":{"type":"LineString","coordinates":[[136.9159,34.7767],[136.9975,34.7031]]},"properties":{"n":"伊良湖～河和","op":"名鉄海上観光船","mode":"ferry"}},{"type":"Feature","geometry":{"type":"LineString","coordinates":[[136.9159,34.7767],[137.0104,34.7036]]},"properties":{"n":"伊良湖～河和","op":"名鉄海上観光船","mode":"ferry"}},{"type":"Feature","geometry":{"type":"LineString","coordinates":[[136.9975,34.7031],[137.0104,34.7036]]},"properties":{"n":"伊良湖～河和","op":"名鉄海上観光船","mode":"ferry"}},{"type":"Feature","geometry":{"type":"LineString","coordinates":[[136.9975,34.7031],[137.0066,34.6825]]},"properties":{"n":"伊良湖～河和","op":"名鉄海上観光船","mode":"ferry"}},{"type":"Feature","geometry":{"type":"LineString","coordinates":[[137.0104,34.7036],[137.0066,34.6825]]},"properties":{"n":"伊良湖～河和","op":"名鉄海上観光船","mode":"ferry"}},{"type":"Feature","geometry":{"type":"LineString","coordinates":[[137.0066,34.6825],[137.02,34.5844]]},"properties":{"n":"伊良湖～河和","op":"名鉄海上観光船","mode":"ferry"}},{"type":"Feature","geometry":{"type":"LineString","coordinates":[[136.9719,34.698],[137.0066,34.6825]]},"properties":{"n":"師崎～師崎","op":"名鉄海上観光船","mode":"ferry"}},{"type":"Feature","geometry":{"type":"LineString","coordinates":[[136.9719,34.698],[136.9975,34.7031]]},"properties":{"n":"師崎～師崎","op":"名鉄海上観光船","mode":"ferry"}},{"type":"Feature","geometry":{"type":"LineString","coordinates":[[136.9719,34.698],[137.002,34.7076]]},"properties":{"n":"師崎～師崎","op":"名鉄海上観光船","mode":"ferry"}},{"type":"Feature","geometry":{"type":"LineString","coordinates":[[137.0066,34.6825],[136.9975,34.7031]]},"properties":{"n":"師崎～師崎","op":"名鉄海上観光船","mode":"ferry"}},{"type":"Feature","geometry":{"type":"LineString","coordinates":[[137.0104,34.7036],[136.9975,34.7031]]},"properties":{"n":"師崎～師崎","op":"名鉄海上観光船","mode":"ferry"}},{"type":"Feature","geometry":{"type":"LineString","coordinates":[[136.9719,34.698],[137.02,34.5844]]},"properties":{"n":"師崎～伊良湖","op":"名鉄海上観光船","mode":"ferry"}},{"type":"Feature","geometry":{"type":"LineString","coordinates":[[137.0159,34.7943],[137.0479,34.7202]]},"properties":{"n":"一色～佐久島","op":"西尾市","mode":"ferry"}},{"type":"Feature","geometry":{"type":"LineString","coordinates":[[137.0159,34.7943],[137.0319,34.7263]]},"properties":{"n":"一色～佐久島","op":"西尾市","mode":"ferry"}},{"type":"Feature","geometry":{"type":"LineString","coordinates":[[137.0479,34.7202],[137.0319,34.7263]]},"properties":{"n":"一色～佐久島","op":"西尾市","mode":"ferry"}},{"type":"Feature","geometry":{"type":"LineString","coordinates":[[136.9805,34.5504],[136.9,34.5217]]},"properties":{"n":"鳥羽（中之郷）～神島","op":"鳥羽市","mode":"ferry"}},{"type":"Feature","geometry":{"type":"LineString","coordinates":[[136.9805,34.5504],[136.899,34.4992]]},"properties":{"n":"鳥羽（中之郷）～神島","op":"鳥羽市","mode":"ferry"}},{"type":"Feature","geometry":{"type":"LineString","coordinates":[[136.9805,34.5504],[136.8437,34.4894]]},"properties":{"n":"鳥羽（中之郷）～神島","op":"鳥羽市","mode":"ferry"}},{"type":"Feature","geometry":{"type":"LineString","coordinates":[[136.9,34.5217],[136.8437,34.4894]]},"properties":{"n":"鳥羽（中之郷）～神島","op":"鳥羽市","mode":"ferry"}},{"type":"Feature","geometry":{"type":"LineString","coordinates":[[136.899,34.4992],[136.8437,34.4894]]},"properties":{"n":"鳥羽（中之郷）～神島","op":"鳥羽市","mode":"ferry"}},{"type":"Feature","geometry":{"type":"LineString","coordinates":[[136.8437,34.4894],[136.8465,34.4772]]},"properties":{"n":"鳥羽（中之郷）～神島","op":"鳥羽市","mode":"ferry"}},{"type":"Feature","geometry":{"type":"LineString","coordinates":[[136.8437,34.4894],[136.858,34.4835]]},"properties":{"n":"鳥羽（中之郷）～神島","op":"鳥羽市","mode":"ferry"}},{"type":"Feature","geometry":{"type":"LineString","coordinates":[[136.8465,34.4772],[136.858,34.4835]]},"properties":{"n":"鳥羽（中之郷）～神島","op":"鳥羽市","mode":"ferry"}},{"type":"Feature","geometry":{"type":"LineString","coordinates":[[138.4952,35.0097],[138.5036,35.0068]]},"properties":{"n":"江尻～塚間","op":"エスパルスドリームフェリー","mode":"ferry"}},{"type":"Feature","geometry":{"type":"LineString","coordinates":[[138.4952,35.0097],[138.491,35.0192]]},"properties":{"n":"江尻～塚間","op":"エスパルスドリームフェリー","mode":"ferry"}},{"type":"Feature","geometry":{"type":"LineString","coordinates":[[138.5036,35.0068],[138.5066,35.0038]]},"properties":{"n":"江尻～塚間","op":"エスパルスドリームフェリー","mode":"ferry"}},{"type":"Feature","geometry":{"type":"LineString","coordinates":[[138.5066,35.0038],[138.491,35.0192]]},"properties":{"n":"江尻～塚間","op":"エスパルスドリームフェリー","mode":"ferry"}},{"type":"Feature","geometry":{"type":"LineString","coordinates":[[138.4976,35.0095],[138.7864,34.9061]]},"properties":{"n":"清水～土肥","op":"エスパルスドリームフェリー","mode":"ferry"}},{"type":"Feature","geometry":{"type":"LineString","coordinates":[[138.8969,35.021],[138.7883,35.0239]]},"properties":{"n":"三津～大瀬","op":"千鳥観光汽船","mode":"ferry"}},{"type":"Feature","geometry":{"type":"LineString","coordinates":[[138.8566,35.0838],[138.7883,35.0239]]},"properties":{"n":"沼津～大瀬","op":"千鳥観光汽船","mode":"ferry"}},{"type":"Feature","geometry":{"type":"LineString","coordinates":[[138.7873,34.9065],[138.7771,34.9729]]},"properties":{"n":"土肥～沼津","op":"戸田運送船（株）","mode":"ferry"}},{"type":"Feature","geometry":{"type":"LineString","coordinates":[[138.7771,34.9729],[138.8566,35.0838]]},"properties":{"n":"土肥～沼津","op":"戸田運送船（株）","mode":"ferry"}},{"type":"Feature","geometry":{"type":"LineString","coordinates":[[136.9014,37.3997],[136.9202,37.8493]]},"properties":{"n":"輪島～舳倉島","op":"へぐら航路","mode":"ferry"}},{"type":"Feature","geometry":{"type":"LineString","coordinates":[[136.8472,34.4806],[137.02,34.5844]]},"properties":{"n":"鳥羽～伊良湖","op":"伊勢湾フェリー","mode":"ferry"}},{"type":"Feature","geometry":{"type":"LineString","coordinates":[[137.2296,34.8158],[137.236,34.7896]]},"properties":{"n":"蒲郡～大島","op":"蒲郡観光汽船","mode":"ferry"}},{"type":"Feature","geometry":{"type":"LineString","coordinates":[[137.2296,34.8158],[137.2324,34.7891]]},"properties":{"n":"蒲郡～大島","op":"蒲郡観光汽船","mode":"ferry"}},{"type":"Feature","geometry":{"type":"LineString","coordinates":[[137.236,34.7896],[137.2324,34.7891]]},"properties":{"n":"蒲郡～大島","op":"蒲郡観光汽船","mode":"ferry"}},{"type":"Feature","geometry":{"type":"LineString","coordinates":[[139.076,35.0904],[139.1696,35.0428]]},"properties":{"n":"熱海～初島～伊東","op":"富士急マリンリゾート","mode":"ferry"}},{"type":"Feature","geometry":{"type":"LineString","coordinates":[[139.1696,35.0428],[139.1033,34.9719]]},"properties":{"n":"熱海～初島～伊東","op":"富士急マリンリゾート","mode":"ferry"}},{"type":"Feature","geometry":{"type":"LineString","coordinates":[[136.8756,34.3605],[136.8607,34.3683]]},"properties":{"n":"渡鹿野～的矢新港","op":"大東丸観光","mode":"ferry"}},{"type":"Feature","geometry":{"type":"LineString","coordinates":[[136.8756,34.3605],[136.8793,34.3559]]},"properties":{"n":"渡鹿野～和部","op":"大東丸観光","mode":"ferry"}},{"type":"Feature","geometry":{"type":"LineString","coordinates":[[136.8647,34.3637],[136.8668,34.3657]]},"properties":{"n":"的矢～三ヶ所","op":"志摩市","mode":"ferry"}},{"type":"Feature","geometry":{"type":"LineString","coordinates":[[136.8647,34.3637],[136.8733,34.3585]]},"properties":{"n":"的矢～三ヶ所","op":"志摩市","mode":"ferry"}},{"type":"Feature","geometry":{"type":"LineString","coordinates":[[136.8647,34.3637],[136.8662,34.3679]]},"properties":{"n":"的矢～三ヶ所","op":"志摩市","mode":"ferry"}},{"type":"Feature","geometry":{"type":"LineString","coordinates":[[136.8668,34.3657],[136.8662,34.3679]]},"properties":{"n":"的矢～三ヶ所","op":"志摩市","mode":"ferry"}},{"type":"Feature","geometry":{"type":"LineString","coordinates":[[137.112,36.7744],[137.1186,36.7732]]},"properties":{"n":"越の潟～堀岡","op":"富山県","mode":"ferry"}},{"type":"Feature","geometry":{"type":"LineString","coordinates":[[135.4578,34.6326],[135.4616,34.6245]]},"properties":{"n":"木津川渡","op":"大阪市","mode":"ferry"}},{"type":"Feature","geometry":{"type":"LineString","coordinates":[[135.4752,34.6332],[135.4773,34.6324]]},"properties":{"n":"千本松渡し","op":"大阪市","mode":"ferry"}},{"type":"Feature","geometry":{"type":"LineString","coordinates":[[135.4784,34.6432],[135.4797,34.6432]]},"properties":{"n":"落合下渡し","op":"大阪市","mode":"ferry"}},{"type":"Feature","geometry":{"type":"LineString","coordinates":[[135.4782,34.6498],[135.4794,34.6497]]},"properties":{"n":"落合上渡し","op":"大阪市","mode":"ferry"}},{"type":"Feature","geometry":{"type":"LineString","coordinates":[[135.4627,34.6561],[135.4622,34.6569]]},"properties":{"n":"甚兵衛渡し","op":"大阪市","mode":"ferry"}},{"type":"Feature","geometry":{"type":"LineString","coordinates":[[135.4333,34.6582],[135.429,34.6594]]},"properties":{"n":"天保山渡し","op":"大阪市","mode":"ferry"}},{"type":"Feature","geometry":{"type":"LineString","coordinates":[[135.4593,34.6477],[135.458,34.6447]]},"properties":{"n":"千歳渡し","op":"大阪市","mode":"ferry"}},{"type":"Feature","geometry":{"type":"LineString","coordinates":[[135.4579,34.6332],[135.4578,34.6326]]},"properties":{"n":"船町渡し","op":"大阪市","mode":"ferry"}},{"type":"Feature","geometry":{"type":"LineString","coordinates":[[134.8186,34.1711],[134.8996,34.3463]]},"properties":{"n":"沼島～洲本","op":"沼島汽船","mode":"ferry"}},{"type":"Feature","geometry":{"type":"LineString","coordinates":[[134.5107,34.6527],[134.57,34.6733]]},"properties":{"n":"西島（母と子の島）～姫路","op":"坊勢汽船","mode":"ferry"}},{"type":"Feature","geometry":{"type":"LineString","coordinates":[[134.5107,34.6527],[134.6634,34.7845]]},"properties":{"n":"西島（母と子の島）～姫路","op":"坊勢汽船","mode":"ferry"}},{"type":"Feature","geometry":{"type":"LineString","coordinates":[[134.57,34.6733],[134.6634,34.7845]]},"properties":{"n":"西島（母と子の島）～姫路","op":"坊勢汽船","mode":"ferry"}},{"type":"Feature","geometry":{"type":"LineString","coordinates":[[134.5107,34.6527],[134.526,34.6665]]},"properties":{"n":"西島（母と子の島）～網手","op":"坊勢渡船","mode":"ferry"}},{"type":"Feature","geometry":{"type":"LineString","coordinates":[[132.4841,34.3416],[132.4652,34.3428]]},"properties":{"n":"金輪島～宇品","op":"金輪島会","mode":"ferry"}},{"type":"Feature","geometry":{"type":"LineString","coordinates":[[132.4841,34.3416],[132.4637,34.3523]]},"properties":{"n":"金輪島～宇品","op":"金輪島会","mode":"ferry"}},{"type":"Feature","geometry":{"type":"LineString","coordinates":[[132.4652,34.3428],[132.4637,34.3523]]},"properties":{"n":"金輪島～宇品","op":"金輪島会","mode":"ferry"}},{"type":"Feature","geometry":{"type":"LineString","coordinates":[[132.537,34.1964],[132.5389,34.1966]]},"properties":{"n":"音戸～警固屋","op":"花本  智博","mode":"ferry"}},{"type":"Feature","geometry":{"type":"LineString","coordinates":[[133.3841,34.3827],[133.3899,34.385]]},"properties":{"n":"鞆～仙酔島","op":"福山市","mode":"ferry"}},{"type":"Feature","geometry":{"type":"LineString","coordinates":[[133.2397,34.3985],[133.2434,34.3986]]},"properties":{"n":"歌～戸崎","op":"歌戸運航","mode":"ferry"}},{"type":"Feature","geometry":{"type":"LineString","coordinates":[[133.5172,34.4105],[133.5095,34.4993]]},"properties":{"n":"白石～笠岡","op":"白石フェリー","mode":"ferry"}},{"type":"Feature","geometry":{"type":"LineString","coordinates":[[134.1006,34.587],[134.1048,34.5667]]},"properties":{"n":"宝伝～犬島","op":"豊田  一男","mode":"ferry"}},{"type":"Feature","geometry":{"type":"LineString","coordinates":[[132.8184,34.191],[132.8317,34.1879]]},"properties":{"n":"三角～久比","op":"呉市","mode":"ferry"}},{"type":"Feature","geometry":{"type":"LineString","coordinates":[[131.9882,33.7876],[132.0559,33.7922]]},"properties":{"n":"祝島～柳井","op":"上関航運","mode":"ferry"}},{"type":"Feature","geometry":{"type":"LineString","coordinates":[[131.9882,33.7876],[132.1169,33.8357]]},"properties":{"n":"祝島～柳井","op":"上関航運","mode":"ferry"}},{"type":"Feature","geometry":{"type":"LineString","coordinates":[[132.0559,33.7922],[132.0759,33.813]]},"properties":{"n":"祝島～柳井","op":"上関航運","mode":"ferry"}},{"type":"Feature","geometry":{"type":"LineString","coordinates":[[132.0759,33.813],[132.1117,33.8317]]},"properties":{"n":"祝島～柳井","op":"上関航運","mode":"ferry"}},{"type":"Feature","geometry":{"type":"LineString","coordinates":[[132.1117,33.8317],[132.1169,33.8357]]},"properties":{"n":"祝島～柳井","op":"上関航運","mode":"ferry"}},{"type":"Feature","geometry":{"type":"LineString","coordinates":[[132.1169,33.8357],[132.1333,33.9568]]},"properties":{"n":"祝島～柳井","op":"上関航運","mode":"ferry"}},{"type":"Feature","geometry":{"type":"LineString","coordinates":[[131.7997,34.0493],[131.7138,34.0289]]},"properties":{"n":"大津島～徳山","op":"大津島巡航","mode":"ferry"}},{"type":"Feature","geometry":{"type":"LineString","coordinates":[[131.7997,34.0493],[131.7109,34.0165]]},"properties":{"n":"大津島～徳山","op":"大津島巡航","mode":"ferry"}},{"type":"Feature","geometry":{"type":"LineString","coordinates":[[131.7997,34.0493],[131.7209,33.9904]]},"properties":{"n":"大津島～徳山","op":"大津島巡航","mode":"ferry"}},{"type":"Feature","geometry":{"type":"LineString","coordinates":[[131.7138,34.0289],[131.7109,34.0165]]},"properties":{"n":"大津島～徳山","op":"大津島巡航","mode":"ferry"}},{"type":"Feature","geometry":{"type":"LineString","coordinates":[[131.7109,34.0165],[131.7209,33.9904]]},"properties":{"n":"大津島～徳山","op":"大津島巡航","mode":"ferry"}},{"type":"Feature","geometry":{"type":"LineString","coordinates":[[131.7209,33.9904],[131.7036,34.0075]]},"properties":{"n":"大津島～徳山","op":"大津島巡航","mode":"ferry"}},{"type":"Feature","geometry":{"type":"LineString","coordinates":[[132.1117,33.8317],[132.1169,33.8357]]},"properties":{"n":"八島～上関","op":"上関町","mode":"ferry"}},{"type":"Feature","geometry":{"type":"LineString","coordinates":[[132.1169,33.8357],[132.1427,33.7292]]},"properties":{"n":"八島～上関","op":"上関町","mode":"ferry"}},{"type":"Feature","geometry":{"type":"LineString","coordinates":[[132.3137,34.1947],[132.2243,34.2365]]},"properties":{"n":"阿多田～小方","op":"阿多田島汽船","mode":"ferry"}},{"type":"Feature","geometry":{"type":"LineString","coordinates":[[132.322,34.3027],[132.3056,34.3116]]},"properties":{"n":"宮島町～宮島口","op":"宮島松大汽船","mode":"ferry"}},{"type":"Feature","geometry":{"type":"LineString","coordinates":[[133.084,34.3053],[133.0901,34.3134]]},"properties":{"n":"瀬戸田～三原","op":"マルト汽船","mode":"ferry"}},{"type":"Feature","geometry":{"type":"LineString","coordinates":[[133.084,34.3053],[133.0995,34.3295]]},"properties":{"n":"瀬戸田～三原","op":"マルト汽船","mode":"ferry"}},{"type":"Feature","geometry":{"type":"LineString","coordinates":[[133.084,34.3053],[133.1068,34.3626]]},"properties":{"n":"瀬戸田～三原","op":"マルト汽船","mode":"ferry"}},{"type":"Feature","geometry":{"type":"LineString","coordinates":[[133.0901,34.3134],[133.0995,34.3295]]},"properties":{"n":"瀬戸田～三原","op":"マルト汽船","mode":"ferry"}},{"type":"Feature","geometry":{"type":"LineString","coordinates":[[133.0901,34.3134],[133.1068,34.3626]]},"properties":{"n":"瀬戸田～三原","op":"マルト汽船","mode":"ferry"}},{"type":"Feature","geometry":{"type":"LineString","coordinates":[[133.0901,34.3134],[133.0819,34.3979]]},"properties":{"n":"瀬戸田～三原","op":"マルト汽船","mode":"ferry"}},{"type":"Feature","geometry":{"type":"LineString","coordinates":[[133.0995,34.3295],[133.1068,34.3626]]},"properties":{"n":"瀬戸田～三原","op":"マルト汽船","mode":"ferry"}},{"type":"Feature","geometry":{"type":"LineString","coordinates":[[133.0995,34.3295],[133.0819,34.3979]]},"properties":{"n":"瀬戸田～三原","op":"マルト汽船","mode":"ferry"}},{"type":"Feature","geometry":{"type":"LineString","coordinates":[[133.1068,34.3626],[133.0819,34.3979]]},"properties":{"n":"瀬戸田～三原","op":"マルト汽船","mode":"ferry"}},{"type":"Feature","geometry":{"type":"LineString","coordinates":[[133.0819,34.3976],[133.0901,34.3134]]},"properties":{"n":"瀬戸田～三原","op":"ほうらい汽船","mode":"ferry"}},{"type":"Feature","geometry":{"type":"LineString","coordinates":[[133.0819,34.3976],[133.084,34.3053]]},"properties":{"n":"瀬戸田～三原","op":"ほうらい汽船","mode":"ferry"}},{"type":"Feature","geometry":{"type":"LineString","coordinates":[[133.0901,34.3134],[133.084,34.3053]]},"properties":{"n":"瀬戸田～三原","op":"ほうらい汽船","mode":"ferry"}},{"type":"Feature","geometry":{"type":"LineString","coordinates":[[133.4336,34.3487],[133.382,34.3814]]},"properties":{"n":"走島～鞆","op":"走島汽船","mode":"ferry"}},{"type":"Feature","geometry":{"type":"LineString","coordinates":[[133.0995,34.3295],[133.0814,34.3981]]},"properties":{"n":"向田～三原","op":"三原海陸運輸","mode":"ferry"}},{"type":"Feature","geometry":{"type":"LineString","coordinates":[[133.1937,34.4034],[133.1973,34.3999]]},"properties":{"n":"富浜～尾道駅前","op":"向島運航","mode":"ferry"}},{"type":"Feature","geometry":{"type":"LineString","coordinates":[[132.1333,33.9568],[132.4393,33.9444]]},"properties":{"n":"柳井～伊保田～松山","op":"周防大島松山フェリー","mode":"ferry"}},{"type":"Feature","geometry":{"type":"LineString","coordinates":[[132.4393,33.9444],[132.7097,33.8657]]},"properties":{"n":"柳井～伊保田～松山","op":"周防大島松山フェリー","mode":"ferry"}},{"type":"Feature","geometry":{"type":"LineString","coordinates":[[133.084,34.3053],[133.0901,34.3134]]},"properties":{"n":"瀬戸田～尾道","op":"藤井  一彦","mode":"ferry"}},{"type":"Feature","geometry":{"type":"LineString","coordinates":[[133.084,34.3053],[133.126,34.337]]},"properties":{"n":"瀬戸田～尾道","op":"藤井  一彦","mode":"ferry"}},{"type":"Feature","geometry":{"type":"LineString","coordinates":[[133.0901,34.3134],[133.126,34.337]]},"properties":{"n":"瀬戸田～尾道","op":"藤井  一彦","mode":"ferry"}},{"type":"Feature","geometry":{"type":"LineString","coordinates":[[133.126,34.337],[133.1394,34.3409]]},"properties":{"n":"瀬戸田～尾道","op":"藤井  一彦","mode":"ferry"}},{"type":"Feature","geometry":{"type":"LineString","coordinates":[[133.1394,34.3409],[133.1769,34.399]]},"properties":{"n":"瀬戸田～尾道","op":"藤井  一彦","mode":"ferry"}},{"type":"Feature","geometry":{"type":"LineString","coordinates":[[133.1769,34.399],[133.1931,34.403]]},"properties":{"n":"瀬戸田～尾道","op":"藤井  一彦","mode":"ferry"}},{"type":"Feature","geometry":{"type":"LineString","coordinates":[[133.5027,34.5039],[133.5369,34.3957]]},"properties":{"n":"金風呂～笠岡","op":"藤井  一彦","mode":"ferry"}},{"type":"Feature","geometry":{"type":"LineString","coordinates":[[133.5027,34.5039],[133.5277,34.3889]]},"properties":{"n":"金風呂～笠岡","op":"藤井  一彦","mode":"ferry"}},{"type":"Feature","geometry":{"type":"LineString","coordinates":[[133.5369,34.3957],[133.5277,34.3889]]},"properties":{"n":"金風呂～笠岡","op":"藤井  一彦","mode":"ferry"}},{"type":"Feature","geometry":{"type":"LineString","coordinates":[[133.1931,34.403],[133.2043,34.4083]]},"properties":{"n":"尾道～鞆","op":"藤井  一彦","mode":"ferry"}},{"type":"Feature","geometry":{"type":"LineString","coordinates":[[133.2043,34.4083],[133.382,34.3814]]},"properties":{"n":"尾道～鞆","op":"藤井  一彦","mode":"ferry"}},{"type":"Feature","geometry":{"type":"LineString","coordinates":[[133.5035,34.5029],[133.5369,34.3957]]},"properties":{"n":"金風呂～笠岡","op":"笠岡フェリー","mode":"ferry"}},{"type":"Feature","geometry":{"type":"LineString","coordinates":[[133.5035,34.5029],[133.5277,34.3889]]},"properties":{"n":"金風呂～笠岡","op":"笠岡フェリー","mode":"ferry"}},{"type":"Feature","geometry":{"type":"LineString","coordinates":[[133.5369,34.3957],[133.5277,34.3889]]},"properties":{"n":"金風呂～笠岡","op":"笠岡フェリー","mode":"ferry"}},{"type":"Feature","geometry":{"type":"LineString","coordinates":[[134.2996,34.6841],[134.2839,34.6988]]},"properties":{"n":"大多府～日生","op":"大生汽船","mode":"ferry"}},{"type":"Feature","geometry":{"type":"LineString","coordinates":[[134.2996,34.6841],[134.2693,34.7314]]},"properties":{"n":"大多府～日生","op":"大生汽船","mode":"ferry"}},{"type":"Feature","geometry":{"type":"LineString","coordinates":[[134.2839,34.6988],[134.2846,34.7063]]},"properties":{"n":"大多府～日生","op":"大生汽船","mode":"ferry"}},{"type":"Feature","geometry":{"type":"LineString","coordinates":[[134.2839,34.6988],[134.2644,34.703]]},"properties":{"n":"大多府～日生","op":"大生汽船","mode":"ferry"}},{"type":"Feature","geometry":{"type":"LineString","coordinates":[[134.2839,34.6988],[134.2693,34.7314]]},"properties":{"n":"大多府～日生","op":"大生汽船","mode":"ferry"}},{"type":"Feature","geometry":{"type":"LineString","coordinates":[[134.2846,34.7063],[134.2693,34.7314]]},"properties":{"n":"大多府～日生","op":"大生汽船","mode":"ferry"}},{"type":"Feature","geometry":{"type":"LineString","coordinates":[[134.2644,34.703],[134.2766,34.7344]]},"properties":{"n":"大多府～日生","op":"大生汽船","mode":"ferry"}},{"type":"Feature","geometry":{"type":"LineString","coordinates":[[134.2644,34.703],[134.2693,34.7314]]},"properties":{"n":"大多府～日生","op":"大生汽船","mode":"ferry"}},{"type":"Feature","geometry":{"type":"LineString","coordinates":[[134.2766,34.7344],[134.2693,34.7314]]},"properties":{"n":"大多府～日生","op":"大生汽船","mode":"ferry"}},{"type":"Feature","geometry":{"type":"LineString","coordinates":[[132.8317,34.1879],[132.8057,34.1751]]},"properties":{"n":"斎島～久比","op":"斎島汽船","mode":"ferry"}},{"type":"Feature","geometry":{"type":"LineString","coordinates":[[132.8057,34.1751],[132.7983,34.1792]]},"properties":{"n":"斎島～久比","op":"斎島汽船","mode":"ferry"}},{"type":"Feature","geometry":{"type":"LineString","coordinates":[[132.7983,34.1792],[132.8063,34.1639]]},"properties":{"n":"斎島～久比","op":"斎島汽船","mode":"ferry"}},{"type":"Feature","geometry":{"type":"LineString","coordinates":[[132.7983,34.1792],[132.7941,34.1194]]},"properties":{"n":"斎島～久比","op":"斎島汽船","mode":"ferry"}},{"type":"Feature","geometry":{"type":"LineString","coordinates":[[132.8063,34.1639],[132.7941,34.1194]]},"properties":{"n":"斎島～久比","op":"斎島汽船","mode":"ferry"}},{"type":"Feature","geometry":{"type":"LineString","coordinates":[[132.0071,33.8594],[131.9738,33.9276]]},"properties":{"n":"牛島～室積","op":"牛島海運","mode":"ferry"}},{"type":"Feature","geometry":{"type":"LineString","coordinates":[[132.9134,34.2697],[132.9132,34.2845]]},"properties":{"n":"白水～契島","op":"大崎上島町","mode":"ferry"}},{"type":"Feature","geometry":{"type":"LineString","coordinates":[[132.9132,34.2845],[132.9034,34.298]]},"properties":{"n":"白水～契島","op":"大崎上島町","mode":"ferry"}},{"type":"Feature","geometry":{"type":"LineString","coordinates":[[132.4575,34.351],[132.5557,34.2402]]},"properties":{"n":"宇品～松山","op":"瀬戸内海汽船株式会社","mode":"ferry"}},{"type":"Feature","geometry":{"type":"LineString","coordinates":[[132.4575,34.351],[132.7045,33.8889]]},"properties":{"n":"宇品～松山","op":"瀬戸内海汽船株式会社","mode":"ferry"}},{"type":"Feature","geometry":{"type":"LineString","coordinates":[[132.5557,34.2402],[132.7045,33.8889]]},"properties":{"n":"宇品～松山","op":"瀬戸内海汽船株式会社","mode":"ferry"}},{"type":"Feature","geometry":{"type":"LineString","coordinates":[[132.408,34.2594],[132.453,34.3522]]},"properties":{"n":"三高～宇品","op":"江田島汽船株式会社","mode":"ferry"}},{"type":"Feature","geometry":{"type":"LineString","coordinates":[[133.2007,34.4066],[133.2027,34.4053]]},"properties":{"n":"向島～尾道","op":"尾道渡船","mode":"ferry"}},{"type":"Feature","geometry":{"type":"LineString","coordinates":[[132.4442,34.224],[132.45,34.227]]},"properties":{"n":"中町～宇品","op":"江田島市","mode":"ferry"}},{"type":"Feature","geometry":{"type":"LineString","coordinates":[[132.4442,34.224],[132.4352,34.2373]]},"properties":{"n":"中町～宇品","op":"江田島市","mode":"ferry"}},{"type":"Feature","geometry":{"type":"LineString","coordinates":[[132.45,34.227],[132.4352,34.2373]]},"properties":{"n":"中町～宇品","op":"江田島市","mode":"ferry"}},{"type":"Feature","geometry":{"type":"LineString","coordinates":[[132.4352,34.2373],[132.4547,34.351]]},"properties":{"n":"中町～宇品","op":"江田島市","mode":"ferry"}},{"type":"Feature","geometry":{"type":"LineString","coordinates":[[132.4326,34.3131],[132.4462,34.314]]},"properties":{"n":"似島～宇品","op":"似島汽船","mode":"ferry"}},{"type":"Feature","geometry":{"type":"LineString","coordinates":[[132.4326,34.3131],[132.4542,34.3519]]},"properties":{"n":"似島～宇品","op":"似島汽船","mode":"ferry"}},{"type":"Feature","geometry":{"type":"LineString","coordinates":[[132.4462,34.314],[132.4542,34.3519]]},"properties":{"n":"似島～宇品","op":"似島汽船","mode":"ferry"}},{"type":"Feature","geometry":{"type":"LineString","coordinates":[[132.4753,34.2846],[132.4539,34.352]]},"properties":{"n":"切串～宇品","op":"上村汽船　","mode":"ferry"}},{"type":"Feature","geometry":{"type":"LineString","coordinates":[[132.9174,34.3318],[132.9239,34.2801]]},"properties":{"n":"竹原～白水","op":"山陽商船","mode":"ferry"}},{"type":"Feature","geometry":{"type":"LineString","coordinates":[[132.9174,34.3318],[132.9134,34.2697]]},"properties":{"n":"竹原～白水","op":"山陽商船","mode":"ferry"}},{"type":"Feature","geometry":{"type":"LineString","coordinates":[[132.9174,34.3318],[132.9239,34.2801]]},"properties":{"n":"白水～竹原","op":"大崎汽船","mode":"ferry"}},{"type":"Feature","geometry":{"type":"LineString","coordinates":[[132.9174,34.3318],[132.9134,34.2697]]},"properties":{"n":"白水～竹原","op":"大崎汽船","mode":"ferry"}},{"type":"Feature","geometry":{"type":"LineString","coordinates":[[133.2965,34.3839],[133.2728,34.3802]]},"properties":{"n":"常石～尾道","op":"備後商船","mode":"ferry"}},{"type":"Feature","geometry":{"type":"LineString","coordinates":[[133.2728,34.3802],[133.2612,34.3939]]},"properties":{"n":"常石～尾道","op":"備後商船","mode":"ferry"}},{"type":"Feature","geometry":{"type":"LineString","coordinates":[[133.2728,34.3802],[133.2434,34.3986]]},"properties":{"n":"常石～尾道","op":"備後商船","mode":"ferry"}},{"type":"Feature","geometry":{"type":"LineString","coordinates":[[133.2728,34.3802],[133.1931,34.403]]},"properties":{"n":"常石～尾道","op":"備後商船","mode":"ferry"}},{"type":"Feature","geometry":{"type":"LineString","coordinates":[[133.2612,34.3939],[133.2397,34.3985]]},"properties":{"n":"常石～尾道","op":"備後商船","mode":"ferry"}},{"type":"Feature","geometry":{"type":"LineString","coordinates":[[133.2612,34.3939],[133.2434,34.3986]]},"properties":{"n":"常石～尾道","op":"備後商船","mode":"ferry"}},{"type":"Feature","geometry":{"type":"LineString","coordinates":[[133.2397,34.3985],[133.2434,34.3986]]},"properties":{"n":"常石～尾道","op":"備後商船","mode":"ferry"}},{"type":"Feature","geometry":{"type":"LineString","coordinates":[[133.2397,34.3985],[133.1931,34.403]]},"properties":{"n":"常石～尾道","op":"備後商船","mode":"ferry"}},{"type":"Feature","geometry":{"type":"LineString","coordinates":[[133.2434,34.3986],[133.1931,34.403]]},"properties":{"n":"常石～尾道","op":"備後商船","mode":"ferry"}},{"type":"Feature","geometry":{"type":"LineString","coordinates":[[132.8182,34.3165],[132.8772,34.2492]]},"properties":{"n":"安芸津～大西","op":"安芸津フェリー","mode":"ferry"}},{"type":"Feature","geometry":{"type":"LineString","coordinates":[[133.1969,34.4054],[133.1962,34.4025]]},"properties":{"n":"向島～尾道","op":"福本フェリー株式会社","mode":"ferry"}},{"type":"Feature","geometry":{"type":"LineString","coordinates":[[133.1394,34.3409],[133.1184,34.3575]]},"properties":{"n":"土生～三原","op":"土生商船","mode":"ferry"}},{"type":"Feature","geometry":{"type":"LineString","coordinates":[[133.1394,34.3409],[133.0818,34.3977]]},"properties":{"n":"土生～三原","op":"土生商船","mode":"ferry"}},{"type":"Feature","geometry":{"type":"LineString","coordinates":[[133.1394,34.3409],[133.178,34.2834]]},"properties":{"n":"土生～三原","op":"土生商船","mode":"ferry"}},{"type":"Feature","geometry":{"type":"LineString","coordinates":[[133.1394,34.3409],[133.1861,34.2662]]},"properties":{"n":"土生～三原","op":"土生商船","mode":"ferry"}},{"type":"Feature","geometry":{"type":"LineString","coordinates":[[133.1184,34.3575],[133.0818,34.3977]]},"properties":{"n":"土生～三原","op":"土生商船","mode":"ferry"}},{"type":"Feature","geometry":{"type":"LineString","coordinates":[[133.178,34.2834],[133.1861,34.2662]]},"properties":{"n":"土生～三原","op":"土生商船","mode":"ferry"}},{"type":"Feature","geometry":{"type":"LineString","coordinates":[[133.1449,34.2793],[133.1441,34.285]]},"properties":{"n":"洲江～小漕","op":"三光汽船","mode":"ferry"}},{"type":"Feature","geometry":{"type":"LineString","coordinates":[[133.1498,34.2988],[133.1555,34.2992]]},"properties":{"n":"金山～赤崎","op":"三光汽船","mode":"ferry"}},{"type":"Feature","geometry":{"type":"LineString","coordinates":[[133.1375,34.3605],[133.1489,34.3526]]},"properties":{"n":"細島～西浜","op":"尾道市","mode":"ferry"}},{"type":"Feature","geometry":{"type":"LineString","coordinates":[[132.9139,34.3363],[132.9174,34.3318]]},"properties":{"n":"契島～竹原","op":"契島運輸","mode":"ferry"}},{"type":"Feature","geometry":{"type":"LineString","coordinates":[[132.9139,34.3363],[132.9034,34.298]]},"properties":{"n":"契島～竹原","op":"契島運輸","mode":"ferry"}},{"type":"Feature","geometry":{"type":"LineString","coordinates":[[132.9174,34.3318],[132.9034,34.298]]},"properties":{"n":"契島～竹原","op":"契島運輸","mode":"ferry"}},{"type":"Feature","geometry":{"type":"LineString","coordinates":[[133.2297,35.5717],[133.3352,36.2032]]},"properties":{"n":"隠岐島～七類・境","op":"隠岐汽船","mode":"ferry"}},{"type":"Feature","geometry":{"type":"LineString","coordinates":[[133.2297,35.5717],[133.0414,36.1078]]},"properties":{"n":"隠岐島～七類・境","op":"隠岐汽船","mode":"ferry"}},{"type":"Feature","geometry":{"type":"LineString","coordinates":[[133.2297,35.5717],[133.0397,36.0249]]},"properties":{"n":"隠岐島～七類・境","op":"隠岐汽船","mode":"ferry"}},{"type":"Feature","geometry":{"type":"LineString","coordinates":[[133.3352,36.2032],[133.0772,36.1051]]},"properties":{"n":"隠岐島～七類・境","op":"隠岐汽船","mode":"ferry"}},{"type":"Feature","geometry":{"type":"LineString","coordinates":[[133.3352,36.2032],[133.0414,36.1078]]},"properties":{"n":"隠岐島～七類・境","op":"隠岐汽船","mode":"ferry"}},{"type":"Feature","geometry":{"type":"LineString","coordinates":[[133.3352,36.2032],[133.222,35.5459]]},"properties":{"n":"隠岐島～七類・境","op":"隠岐汽船","mode":"ferry"}},{"type":"Feature","geometry":{"type":"LineString","coordinates":[[133.0772,36.1051],[133.0414,36.1078]]},"properties":{"n":"隠岐島～七類・境","op":"隠岐汽船","mode":"ferry"}},{"type":"Feature","geometry":{"type":"LineString","coordinates":[[133.0414,36.1078],[133.0397,36.0249]]},"properties":{"n":"隠岐島～七類・境","op":"隠岐汽船","mode":"ferry"}},{"type":"Feature","geometry":{"type":"LineString","coordinates":[[133.0414,36.1078],[133.222,35.5459]]},"properties":{"n":"隠岐島～七類・境","op":"隠岐汽船","mode":"ferry"}},{"type":"Feature","geometry":{"type":"LineString","coordinates":[[133.0397,36.0249],[133.222,35.5459]]},"properties":{"n":"隠岐島～七類・境","op":"隠岐汽船","mode":"ferry"}},{"type":"Feature","geometry":{"type":"LineString","coordinates":[[131.1463,34.7841],[131.1525,34.7629]]},"properties":{"n":"見島～萩","op":"萩海運","mode":"ferry"}},{"type":"Feature","geometry":{"type":"LineString","coordinates":[[131.1463,34.7841],[131.3989,34.4234]]},"properties":{"n":"見島～萩","op":"萩海運","mode":"ferry"}},{"type":"Feature","geometry":{"type":"LineString","coordinates":[[131.1525,34.7629],[131.3989,34.4234]]},"properties":{"n":"見島～萩","op":"萩海運","mode":"ferry"}},{"type":"Feature","geometry":{"type":"LineString","coordinates":[[131.6943,33.9433],[131.5842,34.037]]},"properties":{"n":"野島～三田尻","op":"野島海運","mode":"ferry"}},{"type":"Feature","geometry":{"type":"LineString","coordinates":[[134.167,34.6073],[134.1645,34.6147]]},"properties":{"n":"前島～牛窓","op":"牛窓町緑の村公社","mode":"ferry"}},{"type":"Feature","geometry":{"type":"LineString","coordinates":[[132.9986,34.3083],[132.9934,34.337]]},"properties":{"n":"忠海～大久野島","op":"休暇村協会","mode":"ferry"}},{"type":"Feature","geometry":{"type":"LineString","coordinates":[[133.6229,34.3503],[133.6294,34.3356]]},"properties":{"n":"多度津～佐柳","op":"三洋汽船","mode":"ferry"}},{"type":"Feature","geometry":{"type":"LineString","coordinates":[[133.6229,34.3503],[133.6814,34.3084]]},"properties":{"n":"多度津～佐柳","op":"三洋汽船","mode":"ferry"}},{"type":"Feature","geometry":{"type":"LineString","coordinates":[[133.6294,34.3356],[133.6814,34.3084]]},"properties":{"n":"多度津～佐柳","op":"三洋汽船","mode":"ferry"}},{"type":"Feature","geometry":{"type":"LineString","coordinates":[[133.6814,34.3084],[133.7451,34.2733]]},"properties":{"n":"多度津～佐柳","op":"三洋汽船","mode":"ferry"}},{"type":"Feature","geometry":{"type":"LineString","coordinates":[[133.5035,34.5029],[133.5097,34.4515]]},"properties":{"n":"笠岡～飛島～六島","op":"三洋汽船","mode":"ferry"}},{"type":"Feature","geometry":{"type":"LineString","coordinates":[[133.5035,34.5029],[133.5196,34.3456]]},"properties":{"n":"笠岡～飛島～六島","op":"三洋汽船","mode":"ferry"}},{"type":"Feature","geometry":{"type":"LineString","coordinates":[[133.5035,34.5029],[133.5087,34.3429]]},"properties":{"n":"笠岡～飛島～六島","op":"三洋汽船","mode":"ferry"}},{"type":"Feature","geometry":{"type":"LineString","coordinates":[[133.5097,34.4515],[133.5035,34.4315]]},"properties":{"n":"笠岡～飛島～六島","op":"三洋汽船","mode":"ferry"}},{"type":"Feature","geometry":{"type":"LineString","coordinates":[[133.5035,34.4315],[133.5196,34.3456]]},"properties":{"n":"笠岡～飛島～六島","op":"三洋汽船","mode":"ferry"}},{"type":"Feature","geometry":{"type":"LineString","coordinates":[[133.5196,34.3456],[133.5007,34.3471]]},"properties":{"n":"笠岡～飛島～六島","op":"三洋汽船","mode":"ferry"}},{"type":"Feature","geometry":{"type":"LineString","coordinates":[[133.5007,34.3471],[133.5087,34.3429]]},"properties":{"n":"笠岡～飛島～六島","op":"三洋汽船","mode":"ferry"}},{"type":"Feature","geometry":{"type":"LineString","coordinates":[[133.5087,34.3429],[133.5374,34.3078]]},"properties":{"n":"笠岡～飛島～六島","op":"三洋汽船","mode":"ferry"}},{"type":"Feature","geometry":{"type":"LineString","coordinates":[[133.5374,34.3078],[133.5366,34.3029]]},"properties":{"n":"笠岡～飛島～六島","op":"三洋汽船","mode":"ferry"}},{"type":"Feature","geometry":{"type":"LineString","coordinates":[[133.5366,34.3029],[133.5784,34.3554]]},"properties":{"n":"笠岡～飛島～六島","op":"三洋汽船","mode":"ferry"}},{"type":"Feature","geometry":{"type":"LineString","coordinates":[[133.5035,34.5029],[133.5097,34.4515]]},"properties":{"n":"笠岡～佐柳本浦","op":"三洋汽船","mode":"ferry"}},{"type":"Feature","geometry":{"type":"LineString","coordinates":[[133.5035,34.5029],[133.5172,34.4096]]},"properties":{"n":"笠岡～佐柳本浦","op":"三洋汽船","mode":"ferry"}},{"type":"Feature","geometry":{"type":"LineString","coordinates":[[133.5097,34.4515],[133.5035,34.4315]]},"properties":{"n":"笠岡～佐柳本浦","op":"三洋汽船","mode":"ferry"}},{"type":"Feature","geometry":{"type":"LineString","coordinates":[[133.5035,34.4315],[133.5172,34.4096]]},"properties":{"n":"笠岡～佐柳本浦","op":"三洋汽船","mode":"ferry"}},{"type":"Feature","geometry":{"type":"LineString","coordinates":[[133.5172,34.4096],[133.5519,34.3913]]},"properties":{"n":"笠岡～佐柳本浦","op":"三洋汽船","mode":"ferry"}},{"type":"Feature","geometry":{"type":"LineString","coordinates":[[133.5172,34.4096],[133.5465,34.3772]]},"properties":{"n":"笠岡～佐柳本浦","op":"三洋汽船","mode":"ferry"}},{"type":"Feature","geometry":{"type":"LineString","coordinates":[[133.5465,34.3772],[133.5784,34.3554]]},"properties":{"n":"笠岡～佐柳本浦","op":"三洋汽船","mode":"ferry"}},{"type":"Feature","geometry":{"type":"LineString","coordinates":[[133.5465,34.3772],[133.5826,34.3621]]},"properties":{"n":"笠岡～佐柳本浦","op":"三洋汽船","mode":"ferry"}},{"type":"Feature","geometry":{"type":"LineString","coordinates":[[133.5784,34.3554],[133.5826,34.3621]]},"properties":{"n":"笠岡～佐柳本浦","op":"三洋汽船","mode":"ferry"}},{"type":"Feature","geometry":{"type":"LineString","coordinates":[[133.5826,34.3621],[133.6294,34.3356]]},"properties":{"n":"笠岡～佐柳本浦","op":"三洋汽船","mode":"ferry"}},{"type":"Feature","geometry":{"type":"LineString","coordinates":[[133.1987,34.2792],[133.2098,34.2772]]},"properties":{"n":"家老渡～上弓削","op":"家老渡フェリー汽船","mode":"ferry"}},{"type":"Feature","geometry":{"type":"LineString","coordinates":[[133.0401,36.0243],[133.0767,36.1055]]},"properties":{"n":"来居～別府","op":"島前町村組合","mode":"ferry"}},{"type":"Feature","geometry":{"type":"LineString","coordinates":[[133.0401,36.0243],[133.0414,36.1072]]},"properties":{"n":"来居～別府","op":"島前町村組合","mode":"ferry"}},{"type":"Feature","geometry":{"type":"LineString","coordinates":[[133.0767,36.1055],[133.0414,36.1072]]},"properties":{"n":"来居～別府","op":"島前町村組合","mode":"ferry"}},{"type":"Feature","geometry":{"type":"LineString","coordinates":[[132.2631,33.7791],[132.1996,33.8018]]},"properties":{"n":"平郡～柳井","op":"平郡航路","mode":"ferry"}},{"type":"Feature","geometry":{"type":"LineString","coordinates":[[132.1996,33.8018],[132.1333,33.9568]]},"properties":{"n":"平郡～柳井","op":"平郡航路","mode":"ferry"}},{"type":"Feature","geometry":{"type":"LineString","coordinates":[[132.4222,34.0211],[132.3874,34.0371]]},"properties":{"n":"岩国～柱島","op":"岩国柱島海運","mode":"ferry"}},{"type":"Feature","geometry":{"type":"LineString","coordinates":[[132.4222,34.0211],[132.2319,34.1893]]},"properties":{"n":"岩国～柱島","op":"岩国柱島海運","mode":"ferry"}},{"type":"Feature","geometry":{"type":"LineString","coordinates":[[132.3874,34.0371],[132.3347,33.9974]]},"properties":{"n":"岩国～柱島","op":"岩国柱島海運","mode":"ferry"}},{"type":"Feature","geometry":{"type":"LineString","coordinates":[[132.3874,34.0371],[132.2319,34.1893]]},"properties":{"n":"岩国～柱島","op":"岩国柱島海運","mode":"ferry"}},{"type":"Feature","geometry":{"type":"LineString","coordinates":[[132.3347,33.9974],[132.2319,34.1893]]},"properties":{"n":"岩国～柱島","op":"岩国柱島海運","mode":"ferry"}},{"type":"Feature","geometry":{"type":"LineString","coordinates":[[133.0277,34.2944],[132.9986,34.3083]]},"properties":{"n":"忠海～盛","op":"大三島フェリー","mode":"ferry"}},{"type":"Feature","geometry":{"type":"LineString","coordinates":[[133.0277,34.2944],[132.9934,34.337]]},"properties":{"n":"忠海～盛","op":"大三島フェリー","mode":"ferry"}},{"type":"Feature","geometry":{"type":"LineString","coordinates":[[132.9986,34.3083],[132.9934,34.337]]},"properties":{"n":"忠海～盛","op":"大三島フェリー","mode":"ferry"}},{"type":"Feature","geometry":{"type":"LineString","coordinates":[[133.9862,34.6045],[134.173,34.4889]]},"properties":{"n":"岡山～土庄","op":"両備フェリー","mode":"ferry"}},{"type":"Feature","geometry":{"type":"LineString","coordinates":[[133.9511,34.4932],[133.98,34.4768]]},"properties":{"n":"宇野～直島","op":"津国汽船","mode":"ferry"}},{"type":"Feature","geometry":{"type":"LineString","coordinates":[[134.2766,34.7344],[134.2821,34.5474]]},"properties":{"n":"日生～大部","op":"瀬戸内観光汽船","mode":"ferry"}},{"type":"Feature","geometry":{"type":"LineString","coordinates":[[132.1333,33.9568],[132.7097,33.8657]]},"properties":{"n":"柳井～三津浜","op":"防予フェリー","mode":"ferry"}},{"type":"Feature","geometry":{"type":"LineString","coordinates":[[132.3056,34.3115],[132.3215,34.3023]]},"properties":{"n":"宮島口～宮島","op":"JR西日本宮島フェリー　","mode":"ferry"}},{"type":"Feature","geometry":{"type":"LineString","coordinates":[[133.8095,34.4604],[133.7836,34.3826]]},"properties":{"n":"児島観光港～本島","op":"六口丸海運","mode":"ferry"}},{"type":"Feature","geometry":{"type":"LineString","coordinates":[[133.1591,34.2715],[133.178,34.2834]]},"properties":{"n":"土生～岩城","op":"長江フェリー","mode":"ferry"}},{"type":"Feature","geometry":{"type":"LineString","coordinates":[[133.6523,34.2342],[133.634,34.2689]]},"properties":{"n":"須田～粟島～宮の下","op":"粟島汽船","mode":"ferry"}},{"type":"Feature","geometry":{"type":"LineString","coordinates":[[133.634,34.2689],[133.6533,34.2767]]},"properties":{"n":"須田～粟島～宮の下","op":"粟島汽船","mode":"ferry"}},{"type":"Feature","geometry":{"type":"LineString","coordinates":[[133.6533,34.2767],[133.6816,34.2691]]},"properties":{"n":"須田～粟島～宮の下","op":"粟島汽船","mode":"ferry"}},{"type":"Feature","geometry":{"type":"LineString","coordinates":[[133.6816,34.2691],[133.675,34.2228]]},"properties":{"n":"須田～粟島～宮の下","op":"粟島汽船","mode":"ferry"}},{"type":"Feature","geometry":{"type":"LineString","coordinates":[[133.7907,34.2951],[133.7818,34.364]]},"properties":{"n":"本島～丸亀","op":"本島汽船","mode":"ferry"}},{"type":"Feature","geometry":{"type":"LineString","coordinates":[[133.7907,34.2951],[133.7836,34.3826]]},"properties":{"n":"本島～丸亀","op":"本島汽船","mode":"ferry"}},{"type":"Feature","geometry":{"type":"LineString","coordinates":[[133.7818,34.364],[133.7836,34.3826]]},"properties":{"n":"本島～丸亀","op":"本島汽船","mode":"ferry"}},{"type":"Feature","geometry":{"type":"LineString","coordinates":[[133.9992,34.461],[133.9736,34.4985]]},"properties":{"n":"本村～屏風島","op":"直島町","mode":"ferry"}},{"type":"Feature","geometry":{"type":"LineString","coordinates":[[133.7916,34.2952],[133.6941,34.356]]},"properties":{"n":"茂浦～丸亀","op":"広島汽船","mode":"ferry"}},{"type":"Feature","geometry":{"type":"LineString","coordinates":[[133.6941,34.356],[133.6886,34.3655]]},"properties":{"n":"茂浦～丸亀","op":"広島汽船","mode":"ferry"}},{"type":"Feature","geometry":{"type":"LineString","coordinates":[[133.6886,34.3655],[133.6973,34.3792]]},"properties":{"n":"茂浦～丸亀","op":"広島汽船","mode":"ferry"}},{"type":"Feature","geometry":{"type":"LineString","coordinates":[[133.6973,34.3792],[133.7048,34.3861]]},"properties":{"n":"茂浦～丸亀","op":"広島汽船","mode":"ferry"}},{"type":"Feature","geometry":{"type":"LineString","coordinates":[[134.299,34.4787],[134.0499,34.3529]]},"properties":{"n":"高松～草壁","op":"内海フェリー","mode":"ferry"}},{"type":"Feature","geometry":{"type":"LineString","coordinates":[[133.1474,34.2446],[133.1588,34.2508]]},"properties":{"n":"岩城～土生","op":"岩城汽船","mode":"ferry"}},{"type":"Feature","geometry":{"type":"LineString","coordinates":[[133.1474,34.2446],[133.1651,34.2623]]},"properties":{"n":"岩城～土生","op":"岩城汽船","mode":"ferry"}},{"type":"Feature","geometry":{"type":"LineString","coordinates":[[133.1474,34.2446],[133.1591,34.2715]]},"properties":{"n":"岩城～土生","op":"岩城汽船","mode":"ferry"}},{"type":"Feature","geometry":{"type":"LineString","coordinates":[[133.1588,34.2508],[133.1651,34.2623]]},"properties":{"n":"岩城～土生","op":"岩城汽船","mode":"ferry"}},{"type":"Feature","geometry":{"type":"LineString","coordinates":[[133.1588,34.2508],[133.178,34.2834]]},"properties":{"n":"岩城～土生","op":"岩城汽船","mode":"ferry"}},{"type":"Feature","geometry":{"type":"LineString","coordinates":[[133.1651,34.2623],[133.1591,34.2715]]},"properties":{"n":"岩城～土生","op":"岩城汽船","mode":"ferry"}},{"type":"Feature","geometry":{"type":"LineString","coordinates":[[133.1591,34.2715],[133.178,34.2834]]},"properties":{"n":"岩城～土生","op":"岩城汽船","mode":"ferry"}},{"type":"Feature","geometry":{"type":"LineString","coordinates":[[134.0491,34.3539],[134.1724,34.4893]]},"properties":{"n":"高松～土庄","op":"小豆島急行フェリー","mode":"ferry"}},{"type":"Feature","geometry":{"type":"LineString","coordinates":[[134.6629,34.7837],[134.3446,34.5426]]},"properties":{"n":"姫路～福田","op":"小豆島急行フェリー","mode":"ferry"}},{"type":"Feature","geometry":{"type":"LineString","coordinates":[[134.0493,34.3544],[134.226,34.4793]]},"properties":{"n":"高松～池田","op":"国際フェリー","mode":"ferry"}},{"type":"Feature","geometry":{"type":"LineString","coordinates":[[134.0499,34.3528],[134.0519,34.3894]]},"properties":{"n":"男木～高松","op":"雌雄島海運","mode":"ferry"}},{"type":"Feature","geometry":{"type":"LineString","coordinates":[[134.0519,34.3894],[134.0539,34.4216]]},"properties":{"n":"男木～高松","op":"雌雄島海運","mode":"ferry"}},{"type":"Feature","geometry":{"type":"LineString","coordinates":[[133.7916,34.2952],[133.7188,34.3624]]},"properties":{"n":"丸亀～広島","op":"備讃フェリー","mode":"ferry"}},{"type":"Feature","geometry":{"type":"LineString","coordinates":[[133.7188,34.3624],[133.6941,34.356]]},"properties":{"n":"丸亀～広島","op":"備讃フェリー","mode":"ferry"}},{"type":"Feature","geometry":{"type":"LineString","coordinates":[[133.7188,34.3624],[133.6886,34.3655]]},"properties":{"n":"丸亀～広島","op":"備讃フェリー","mode":"ferry"}},{"type":"Feature","geometry":{"type":"LineString","coordinates":[[133.7188,34.3624],[133.672,34.3985]]},"properties":{"n":"丸亀～広島","op":"備讃フェリー","mode":"ferry"}},{"type":"Feature","geometry":{"type":"LineString","coordinates":[[133.6941,34.356],[133.6886,34.3655]]},"properties":{"n":"丸亀～広島","op":"備讃フェリー","mode":"ferry"}},{"type":"Feature","geometry":{"type":"LineString","coordinates":[[133.6886,34.3655],[133.6528,34.3763]]},"properties":{"n":"丸亀～広島","op":"備讃フェリー","mode":"ferry"}},{"type":"Feature","geometry":{"type":"LineString","coordinates":[[133.6528,34.3763],[133.672,34.3985]]},"properties":{"n":"丸亀～広島","op":"備讃フェリー","mode":"ferry"}},{"type":"Feature","geometry":{"type":"LineString","coordinates":[[133.5335,34.1253],[133.6379,34.1261]]},"properties":{"n":"伊吹～観音寺","op":"観音寺市","mode":"ferry"}},{"type":"Feature","geometry":{"type":"LineString","coordinates":[[133.9524,34.4932],[134.0611,34.4898]]},"properties":{"n":"宇野～土庄","op":"小豆島フェリー","mode":"ferry"}},{"type":"Feature","geometry":{"type":"LineString","coordinates":[[134.0611,34.4898],[134.0958,34.4903]]},"properties":{"n":"宇野～土庄","op":"小豆島フェリー","mode":"ferry"}},{"type":"Feature","geometry":{"type":"LineString","coordinates":[[134.0611,34.4898],[134.172,34.4897]]},"properties":{"n":"宇野～土庄","op":"小豆島フェリー","mode":"ferry"}},{"type":"Feature","geometry":{"type":"LineString","coordinates":[[134.0958,34.4903],[134.172,34.4897]]},"properties":{"n":"宇野～土庄","op":"小豆島フェリー","mode":"ferry"}},{"type":"Feature","geometry":{"type":"LineString","coordinates":[[133.9518,34.4932],[133.9741,34.4576]]},"properties":{"n":"高松～宮浦～宇野","op":"四国汽船","mode":"ferry"}},{"type":"Feature","geometry":{"type":"LineString","coordinates":[[133.9741,34.4576],[134.0493,34.3544]]},"properties":{"n":"高松～宮浦～宇野","op":"四国汽船","mode":"ferry"}},{"type":"Feature","geometry":{"type":"LineString","coordinates":[[133.9545,34.492],[133.9992,34.461]]},"properties":{"n":"本村～宇野","op":"四国汽船","mode":"ferry"}},{"type":"Feature","geometry":{"type":"LineString","coordinates":[[133.9741,34.4576],[134.0594,34.4884]]},"properties":{"n":"宮浦～家浦～犬島","op":"四国汽船","mode":"ferry"}},{"type":"Feature","geometry":{"type":"LineString","coordinates":[[133.9741,34.4576],[134.1048,34.5667]]},"properties":{"n":"宮浦～家浦～犬島","op":"四国汽船","mode":"ferry"}},{"type":"Feature","geometry":{"type":"LineString","coordinates":[[134.0594,34.4884],[134.1048,34.5667]]},"properties":{"n":"宮浦～家浦～犬島","op":"四国汽船","mode":"ferry"}},{"type":"Feature","geometry":{"type":"LineString","coordinates":[[133.3647,33.9936],[133.3468,33.984]]},"properties":{"n":"大島～黒島","op":"新居浜市","mode":"ferry"}},{"type":"Feature","geometry":{"type":"LineString","coordinates":[[132.4575,34.351],[132.5557,34.2402]]},"properties":{"n":"松山～宇品","op":"石崎汽船","mode":"ferry"}},{"type":"Feature","geometry":{"type":"LineString","coordinates":[[132.4575,34.351],[132.7045,33.8889]]},"properties":{"n":"松山～宇品","op":"石崎汽船","mode":"ferry"}},{"type":"Feature","geometry":{"type":"LineString","coordinates":[[132.5557,34.2402],[132.7045,33.8889]]},"properties":{"n":"松山～宇品","op":"石崎汽船","mode":"ferry"}},{"type":"Feature","geometry":{"type":"LineString","coordinates":[[132.9907,34.1166],[132.9766,34.1229]]},"properties":{"n":"馬島～波止浜","op":"くるしま","mode":"ferry"}},{"type":"Feature","geometry":{"type":"LineString","coordinates":[[132.9766,34.1229],[132.9702,34.1171]]},"properties":{"n":"馬島～波止浜","op":"くるしま","mode":"ferry"}},{"type":"Feature","geometry":{"type":"LineString","coordinates":[[132.9702,34.1171],[132.9693,34.1095]]},"properties":{"n":"馬島～波止浜","op":"くるしま","mode":"ferry"}},{"type":"Feature","geometry":{"type":"LineString","coordinates":[[132.6816,33.9023],[132.7008,33.8833]]},"properties":{"n":"由良～高浜","op":"ごごしま","mode":"ferry"}},{"type":"Feature","geometry":{"type":"LineString","coordinates":[[133.3221,34.1789],[133.2731,34.1934]]},"properties":{"n":"魚島～弓削～土生","op":"上島町","mode":"ferry"}},{"type":"Feature","geometry":{"type":"LineString","coordinates":[[133.2731,34.1934],[133.2588,34.2333]]},"properties":{"n":"魚島～弓削～土生","op":"上島町","mode":"ferry"}},{"type":"Feature","geometry":{"type":"LineString","coordinates":[[133.2731,34.1934],[133.2004,34.2586]]},"properties":{"n":"魚島～弓削～土生","op":"上島町","mode":"ferry"}},{"type":"Feature","geometry":{"type":"LineString","coordinates":[[133.2588,34.2333],[133.2004,34.2586]]},"properties":{"n":"魚島～弓削～土生","op":"上島町","mode":"ferry"}},{"type":"Feature","geometry":{"type":"LineString","coordinates":[[133.2004,34.2586],[133.178,34.2834]]},"properties":{"n":"魚島～弓削～土生","op":"上島町","mode":"ferry"}},{"type":"Feature","geometry":{"type":"LineString","coordinates":[[133.1784,34.278],[133.1801,34.2812]]},"properties":{"n":"立石～長崎","op":"上島町","mode":"ferry"}},{"type":"Feature","geometry":{"type":"LineString","coordinates":[[132.7047,34.0683],[132.7721,33.9755]]},"properties":{"n":"安居島～北条","op":"新喜峰","mode":"ferry"}},{"type":"Feature","geometry":{"type":"LineString","coordinates":[[132.4854,33.6156],[132.4882,33.736]]},"properties":{"n":"青島～長浜","op":"青島海運","mode":"ferry"}},{"type":"Feature","geometry":{"type":"LineString","coordinates":[[133.0062,34.1539],[133.0054,34.0684]]},"properties":{"n":"津島～今治","op":"津島渡船","mode":"ferry"}},{"type":"Feature","geometry":{"type":"LineString","coordinates":[[132.8842,34.1843],[132.8994,34.1903]]},"properties":{"n":"岡村～今治","op":"今治市","mode":"ferry"}},{"type":"Feature","geometry":{"type":"LineString","coordinates":[[132.8842,34.1843],[133.0065,34.0686]]},"properties":{"n":"岡村～今治","op":"今治市","mode":"ferry"}},{"type":"Feature","geometry":{"type":"LineString","coordinates":[[132.8994,34.1903],[132.9223,34.1888]]},"properties":{"n":"岡村～今治","op":"今治市","mode":"ferry"}},{"type":"Feature","geometry":{"type":"LineString","coordinates":[[132.9223,34.1888],[133.0065,34.0686]]},"properties":{"n":"岡村～今治","op":"今治市","mode":"ferry"}},{"type":"Feature","geometry":{"type":"LineString","coordinates":[[133.0062,34.1539],[133.04,34.1499]]},"properties":{"n":"津島～幸","op":"今治市","mode":"ferry"}},{"type":"Feature","geometry":{"type":"LineString","coordinates":[[132.7696,33.975],[132.7668,33.974]]},"properties":{"n":"中須賀～鹿島","op":"松山市","mode":"ferry"}},{"type":"Feature","geometry":{"type":"LineString","coordinates":[[132.6303,33.9734],[132.6881,33.9754]]},"properties":{"n":"三津浜～中島","op":"中島汽船","mode":"ferry"}},{"type":"Feature","geometry":{"type":"LineString","coordinates":[[132.6303,33.9734],[132.6659,33.9562]]},"properties":{"n":"三津浜～中島","op":"中島汽船","mode":"ferry"}},{"type":"Feature","geometry":{"type":"LineString","coordinates":[[132.6303,33.9734],[132.7008,33.8833]]},"properties":{"n":"三津浜～中島","op":"中島汽船","mode":"ferry"}},{"type":"Feature","geometry":{"type":"LineString","coordinates":[[132.6881,33.9754],[132.6659,33.9562]]},"properties":{"n":"三津浜～中島","op":"中島汽船","mode":"ferry"}},{"type":"Feature","geometry":{"type":"LineString","coordinates":[[132.6659,33.9562],[132.7008,33.8833]]},"properties":{"n":"三津浜～中島","op":"中島汽船","mode":"ferry"}},{"type":"Feature","geometry":{"type":"LineString","coordinates":[[132.7008,33.8833],[132.7097,33.8657]]},"properties":{"n":"三津浜～中島","op":"中島汽船","mode":"ferry"}},{"type":"Feature","geometry":{"type":"LineString","coordinates":[[132.7008,33.8833],[132.6045,33.9494]]},"properties":{"n":"三津浜～中島","op":"中島汽船","mode":"ferry"}},{"type":"Feature","geometry":{"type":"LineString","coordinates":[[132.7008,33.8833],[132.5401,33.9336]]},"properties":{"n":"三津浜～中島","op":"中島汽船","mode":"ferry"}},{"type":"Feature","geometry":{"type":"LineString","coordinates":[[132.6045,33.9494],[132.5582,33.9868]]},"properties":{"n":"三津浜～中島","op":"中島汽船","mode":"ferry"}},{"type":"Feature","geometry":{"type":"LineString","coordinates":[[132.6045,33.9494],[132.5401,33.9336]]},"properties":{"n":"三津浜～中島","op":"中島汽船","mode":"ferry"}},{"type":"Feature","geometry":{"type":"LineString","coordinates":[[132.5582,33.9868],[132.5403,33.9756]]},"properties":{"n":"三津浜～中島","op":"中島汽船","mode":"ferry"}},{"type":"Feature","geometry":{"type":"LineString","coordinates":[[132.5403,33.9756],[132.5164,33.983]]},"properties":{"n":"三津浜～中島","op":"中島汽船","mode":"ferry"}},{"type":"Feature","geometry":{"type":"LineString","coordinates":[[132.5164,33.983],[132.5401,33.9336]]},"properties":{"n":"三津浜～中島","op":"中島汽船","mode":"ferry"}},{"type":"Feature","geometry":{"type":"LineString","coordinates":[[133.0049,34.0707],[133.0202,34.1279]]},"properties":{"n":"今治～下田水","op":"協和汽船","mode":"ferry"}},{"type":"Feature","geometry":{"type":"LineString","coordinates":[[133.2004,34.2586],[133.1877,34.2539]]},"properties":{"n":"弓削～佐島～土生","op":"弓削汽船","mode":"ferry"}},{"type":"Feature","geometry":{"type":"LineString","coordinates":[[133.2004,34.2586],[133.1861,34.2662]]},"properties":{"n":"弓削～佐島～土生","op":"弓削汽船","mode":"ferry"}},{"type":"Feature","geometry":{"type":"LineString","coordinates":[[133.2004,34.2586],[133.178,34.2834]]},"properties":{"n":"弓削～佐島～土生","op":"弓削汽船","mode":"ferry"}},{"type":"Feature","geometry":{"type":"LineString","coordinates":[[133.1877,34.2539],[133.1861,34.2662]]},"properties":{"n":"弓削～佐島～土生","op":"弓削汽船","mode":"ferry"}},{"type":"Feature","geometry":{"type":"LineString","coordinates":[[133.1861,34.2662],[133.178,34.2834]]},"properties":{"n":"弓削～佐島～土生","op":"弓削汽船","mode":"ferry"}},{"type":"Feature","geometry":{"type":"LineString","coordinates":[[133.0065,34.0686],[132.9432,34.2035]]},"properties":{"n":"今治～木江・大三島","op":"大三島ブルーライン","mode":"ferry"}},{"type":"Feature","geometry":{"type":"LineString","coordinates":[[132.9432,34.2035],[132.9174,34.2334]]},"properties":{"n":"今治～木江・大三島","op":"大三島ブルーライン","mode":"ferry"}},{"type":"Feature","geometry":{"type":"LineString","coordinates":[[132.9174,34.2334],[132.9198,34.2368]]},"properties":{"n":"今治～木江・大三島","op":"大三島ブルーライン","mode":"ferry"}},{"type":"Feature","geometry":{"type":"LineString","coordinates":[[132.9174,34.2334],[132.9936,34.2491]]},"properties":{"n":"今治～木江・大三島","op":"大三島ブルーライン","mode":"ferry"}},{"type":"Feature","geometry":{"type":"LineString","coordinates":[[132.9198,34.2368],[132.9936,34.2491]]},"properties":{"n":"今治～木江・大三島","op":"大三島ブルーライン","mode":"ferry"}},{"type":"Feature","geometry":{"type":"LineString","coordinates":[[132.558,33.2208],[132.444,33.2015]]},"properties":{"n":"日振～宇和島","op":"盛運汽船","mode":"ferry"}},{"type":"Feature","geometry":{"type":"LineString","coordinates":[[132.558,33.2208],[132.3069,33.1523]]},"properties":{"n":"日振～宇和島","op":"盛運汽船","mode":"ferry"}},{"type":"Feature","geometry":{"type":"LineString","coordinates":[[132.558,33.2208],[132.2689,33.1743]]},"properties":{"n":"日振～宇和島","op":"盛運汽船","mode":"ferry"}},{"type":"Feature","geometry":{"type":"LineString","coordinates":[[132.558,33.2208],[132.364,33.2286]]},"properties":{"n":"日振～宇和島","op":"盛運汽船","mode":"ferry"}},{"type":"Feature","geometry":{"type":"LineString","coordinates":[[132.444,33.2015],[132.3069,33.1523]]},"properties":{"n":"日振～宇和島","op":"盛運汽船","mode":"ferry"}},{"type":"Feature","geometry":{"type":"LineString","coordinates":[[132.3069,33.1523],[132.2928,33.1712]]},"properties":{"n":"日振～宇和島","op":"盛運汽船","mode":"ferry"}},{"type":"Feature","geometry":{"type":"LineString","coordinates":[[132.3069,33.1523],[132.3599,33.1978]]},"properties":{"n":"日振～宇和島","op":"盛運汽船","mode":"ferry"}},{"type":"Feature","geometry":{"type":"LineString","coordinates":[[132.2928,33.1712],[132.2689,33.1743]]},"properties":{"n":"日振～宇和島","op":"盛運汽船","mode":"ferry"}},{"type":"Feature","geometry":{"type":"LineString","coordinates":[[132.364,33.2286],[132.3683,33.2039]]},"properties":{"n":"日振～宇和島","op":"盛運汽船","mode":"ferry"}},{"type":"Feature","geometry":{"type":"LineString","coordinates":[[132.3683,33.2039],[132.3599,33.1978]]},"properties":{"n":"日振～宇和島","op":"盛運汽船","mode":"ferry"}},{"type":"Feature","geometry":{"type":"LineString","coordinates":[[132.3414,33.386],[132.4186,33.459]]},"properties":{"n":"大島～八幡浜","op":"田中輸送","mode":"ferry"}},{"type":"Feature","geometry":{"type":"LineString","coordinates":[[132.558,33.2208],[132.5311,33.2238]]},"properties":{"n":"九島～宇和島","op":"えひめ南汽船","mode":"ferry"}},{"type":"Feature","geometry":{"type":"LineString","coordinates":[[132.558,33.2208],[132.5232,33.2217]]},"properties":{"n":"九島～宇和島","op":"えひめ南汽船","mode":"ferry"}},{"type":"Feature","geometry":{"type":"LineString","coordinates":[[132.5311,33.2238],[132.5277,33.2227]]},"properties":{"n":"九島～宇和島","op":"えひめ南汽船","mode":"ferry"}},{"type":"Feature","geometry":{"type":"LineString","coordinates":[[132.5277,33.2227],[132.5232,33.2217]]},"properties":{"n":"九島～宇和島","op":"えひめ南汽船","mode":"ferry"}},{"type":"Feature","geometry":{"type":"LineString","coordinates":[[134.4244,33.6365],[134.4216,33.6675]]},"properties":{"n":"牟岐～出羽島","op":"出羽島連絡事業","mode":"ferry"}},{"type":"Feature","geometry":{"type":"LineString","coordinates":[[134.8057,33.8441],[134.655,33.8849]]},"properties":{"n":"伊島～答島","op":"伊島連絡交通事業","mode":"ferry"}},{"type":"Feature","geometry":{"type":"LineString","coordinates":[[132.6974,32.9205],[132.5476,32.7392]]},"properties":{"n":"沖の島～片島","op":"宿毛市","mode":"ferry"}},{"type":"Feature","geometry":{"type":"LineString","coordinates":[[132.6974,32.9205],[132.495,32.7998]]},"properties":{"n":"沖の島～片島","op":"宿毛市","mode":"ferry"}},{"type":"Feature","geometry":{"type":"LineString","coordinates":[[132.5476,32.7392],[132.5503,32.7147]]},"properties":{"n":"沖の島～片島","op":"宿毛市","mode":"ferry"}},{"type":"Feature","geometry":{"type":"LineString","coordinates":[[132.5503,32.7147],[132.495,32.7998]]},"properties":{"n":"沖の島～片島","op":"宿毛市","mode":"ferry"}},{"type":"Feature","geometry":{"type":"LineString","coordinates":[[133.558,33.5013],[133.563,33.5043]]},"properties":{"n":"長浜～種崎","op":"高知県","mode":"ferry"}},{"type":"Feature","geometry":{"type":"LineString","coordinates":[[133.3594,33.4087],[133.3685,33.4144]]},"properties":{"n":"坂内～埋立","op":"須崎市","mode":"ferry"}},{"type":"Feature","geometry":{"type":"LineString","coordinates":[[133.3685,33.4144],[133.3652,33.428]]},"properties":{"n":"坂内～埋立","op":"須崎市","mode":"ferry"}},{"type":"Feature","geometry":{"type":"LineString","coordinates":[[133.3652,33.428],[133.3804,33.4182]]},"properties":{"n":"坂内～埋立","op":"須崎市","mode":"ferry"}},{"type":"Feature","geometry":{"type":"LineString","coordinates":[[133.3804,33.4182],[133.4034,33.4178]]},"properties":{"n":"坂内～埋立","op":"須崎市","mode":"ferry"}},{"type":"Feature","geometry":{"type":"LineString","coordinates":[[133.4034,33.4178],[133.4086,33.426]]},"properties":{"n":"坂内～埋立","op":"須崎市","mode":"ferry"}},{"type":"Feature","geometry":{"type":"LineString","coordinates":[[133.4086,33.426],[133.4111,33.4342]]},"properties":{"n":"坂内～埋立","op":"須崎市","mode":"ferry"}},{"type":"Feature","geometry":{"type":"LineString","coordinates":[[133.4111,33.4342],[133.4054,33.4473]]},"properties":{"n":"坂内～埋立","op":"須崎市","mode":"ferry"}},{"type":"Feature","geometry":{"type":"LineString","coordinates":[[133.4054,33.4473],[133.4138,33.4437]]},"properties":{"n":"坂内～埋立","op":"須崎市","mode":"ferry"}},{"type":"Feature","geometry":{"type":"LineString","coordinates":[[133.4138,33.4437],[133.4227,33.4338]]},"properties":{"n":"坂内～埋立","op":"須崎市","mode":"ferry"}},{"type":"Feature","geometry":{"type":"LineString","coordinates":[[133.4227,33.4338],[133.4291,33.43]]},"properties":{"n":"坂内～埋立","op":"須崎市","mode":"ferry"}},{"type":"Feature","geometry":{"type":"LineString","coordinates":[[133.4291,33.43],[133.4302,33.4376]]},"properties":{"n":"坂内～埋立","op":"須崎市","mode":"ferry"}},{"type":"Feature","geometry":{"type":"LineString","coordinates":[[133.1036,34.1992],[133.0772,34.1756]]},"properties":{"n":"尾浦～宮窪","op":"シーセブン","mode":"ferry"}},{"type":"Feature","geometry":{"type":"LineString","coordinates":[[134.5972,34.1946],[134.5976,34.1972]]},"properties":{"n":"黒崎～高島","op":"鳴門市","mode":"ferry"}},{"type":"Feature","geometry":{"type":"LineString","coordinates":[[134.6171,34.1852],[134.6206,34.1879]]},"properties":{"n":"岡崎～土佐泊","op":"鳴門市","mode":"ferry"}},{"type":"Feature","geometry":{"type":"LineString","coordinates":[[133.0061,34.0693],[133.0823,34.1529]]},"properties":{"n":"今治～土生","op":"芸予汽船","mode":"ferry"}},{"type":"Feature","geometry":{"type":"LineString","coordinates":[[133.0823,34.1529],[133.1198,34.2047]]},"properties":{"n":"今治～土生","op":"芸予汽船","mode":"ferry"}},{"type":"Feature","geometry":{"type":"LineString","coordinates":[[133.1198,34.2047],[133.1474,34.2446]]},"properties":{"n":"今治～土生","op":"芸予汽船","mode":"ferry"}},{"type":"Feature","geometry":{"type":"LineString","coordinates":[[133.1474,34.2446],[133.1877,34.2539]]},"properties":{"n":"今治～土生","op":"芸予汽船","mode":"ferry"}},{"type":"Feature","geometry":{"type":"LineString","coordinates":[[133.1877,34.2539],[133.2004,34.2586]]},"properties":{"n":"今治～土生","op":"芸予汽船","mode":"ferry"}},{"type":"Feature","geometry":{"type":"LineString","coordinates":[[133.2004,34.2586],[133.1861,34.2662]]},"properties":{"n":"今治～土生","op":"芸予汽船","mode":"ferry"}},{"type":"Feature","geometry":{"type":"LineString","coordinates":[[133.1861,34.2662],[133.178,34.2834]]},"properties":{"n":"今治～土生","op":"芸予汽船","mode":"ferry"}},{"type":"Feature","geometry":{"type":"LineString","coordinates":[[131.3833,31.5438],[131.4048,31.5274]]},"properties":{"n":"大島～目井津","op":"日南市","mode":"ferry"}},{"type":"Feature","geometry":{"type":"LineString","coordinates":[[131.3833,31.5438],[131.4092,31.5376]]},"properties":{"n":"大島～目井津","op":"日南市","mode":"ferry"}},{"type":"Feature","geometry":{"type":"LineString","coordinates":[[131.4048,31.5274],[131.4092,31.5376]]},"properties":{"n":"大島～目井津","op":"日南市","mode":"ferry"}},{"type":"Feature","geometry":{"type":"LineString","coordinates":[[131.9257,32.7975],[131.9175,32.7761]]},"properties":{"n":"蒲江～深島","op":"蒲江交通","mode":"ferry"}},{"type":"Feature","geometry":{"type":"LineString","coordinates":[[131.9175,32.7761],[131.9255,32.723]]},"properties":{"n":"蒲江～深島","op":"蒲江交通","mode":"ferry"}},{"type":"Feature","geometry":{"type":"LineString","coordinates":[[129.8683,32.7441],[129.829,32.7197]]},"properties":{"n":"長崎～伊王島～高島","op":"長崎汽船","mode":"ferry"}},{"type":"Feature","geometry":{"type":"LineString","coordinates":[[129.8683,32.7441],[129.7795,32.7034]]},"properties":{"n":"長崎～伊王島～高島","op":"長崎汽船","mode":"ferry"}},{"type":"Feature","geometry":{"type":"LineString","coordinates":[[129.829,32.7197],[129.7795,32.7034]]},"properties":{"n":"長崎～伊王島～高島","op":"長崎汽船","mode":"ferry"}},{"type":"Feature","geometry":{"type":"LineString","coordinates":[[129.7795,32.7034],[129.7567,32.6567]]},"properties":{"n":"長崎～伊王島～高島","op":"長崎汽船","mode":"ferry"}},{"type":"Feature","geometry":{"type":"LineString","coordinates":[[128.6006,32.7285],[128.654,32.715]]},"properties":{"n":"嵯峨島～貝津","op":"嵯峨島旅客船","mode":"ferry"}},{"type":"Feature","geometry":{"type":"LineString","coordinates":[[129.0677,33.2181],[129.0568,33.2107]]},"properties":{"n":"納島～柳","op":"小値賀町","mode":"ferry"}},{"type":"Feature","geometry":{"type":"LineString","coordinates":[[129.0613,33.1854],[129.0246,33.1743]]},"properties":{"n":"笛吹～大島・野崎","op":"小値賀町","mode":"ferry"}},{"type":"Feature","geometry":{"type":"LineString","coordinates":[[129.0613,33.1854],[129.1314,33.2215]]},"properties":{"n":"笛吹～大島・野崎","op":"小値賀町","mode":"ferry"}},{"type":"Feature","geometry":{"type":"LineString","coordinates":[[129.0613,33.1854],[129.1398,33.1888]]},"properties":{"n":"笛吹～大島・野崎","op":"小値賀町","mode":"ferry"}},{"type":"Feature","geometry":{"type":"LineString","coordinates":[[129.1314,33.2215],[129.1398,33.1888]]},"properties":{"n":"笛吹～大島・野崎","op":"小値賀町","mode":"ferry"}},{"type":"Feature","geometry":{"type":"LineString","coordinates":[[131.9033,32.9778],[131.9346,32.9979]]},"properties":{"n":"塩内～佐伯","op":"豊海運","mode":"ferry"}},{"type":"Feature","geometry":{"type":"LineString","coordinates":[[131.9033,32.9778],[131.9263,33.0114]]},"properties":{"n":"塩内～佐伯","op":"豊海運","mode":"ferry"}},{"type":"Feature","geometry":{"type":"LineString","coordinates":[[131.9302,32.9978],[131.9346,32.9979]]},"properties":{"n":"塩内～佐伯","op":"豊海運","mode":"ferry"}},{"type":"Feature","geometry":{"type":"LineString","coordinates":[[131.9346,32.9979],[131.938,33.0125]]},"properties":{"n":"塩内～佐伯","op":"豊海運","mode":"ferry"}},{"type":"Feature","geometry":{"type":"LineString","coordinates":[[131.938,33.0125],[131.9263,33.0114]]},"properties":{"n":"塩内～佐伯","op":"豊海運","mode":"ferry"}},{"type":"Feature","geometry":{"type":"LineString","coordinates":[[131.9033,32.9778],[131.9113,32.9878]]},"properties":{"n":"片神浦～佐伯","op":"豊海運","mode":"ferry"}},{"type":"Feature","geometry":{"type":"LineString","coordinates":[[131.9113,32.9878],[131.9189,32.9949]]},"properties":{"n":"片神浦～佐伯","op":"豊海運","mode":"ferry"}},{"type":"Feature","geometry":{"type":"LineString","coordinates":[[131.9189,32.9949],[131.9223,32.9987]]},"properties":{"n":"片神浦～佐伯","op":"豊海運","mode":"ferry"}},{"type":"Feature","geometry":{"type":"LineString","coordinates":[[131.9189,32.9949],[131.9249,33.0027]]},"properties":{"n":"片神浦～佐伯","op":"豊海運","mode":"ferry"}},{"type":"Feature","geometry":{"type":"LineString","coordinates":[[131.9223,32.9987],[131.9249,33.0027]]},"properties":{"n":"片神浦～佐伯","op":"豊海運","mode":"ferry"}},{"type":"Feature","geometry":{"type":"LineString","coordinates":[[130.943,33.9557],[130.9603,33.9458]]},"properties":{"n":"下関～門司","op":"関門汽船","mode":"ferry"}},{"type":"Feature","geometry":{"type":"LineString","coordinates":[[130.8185,33.9884],[130.8549,33.9658]]},"properties":{"n":"藍島～小倉","op":"北九州市","mode":"ferry"}},{"type":"Feature","geometry":{"type":"LineString","coordinates":[[130.8549,33.9658],[130.8881,33.8889]]},"properties":{"n":"藍島～小倉","op":"北九州市","mode":"ferry"}},{"type":"Feature","geometry":{"type":"LineString","coordinates":[[130.8144,33.9022],[130.8191,33.9014]]},"properties":{"n":"若松～戸畑","op":"北九州市","mode":"ferry"}},{"type":"Feature","geometry":{"type":"LineString","coordinates":[[129.6406,33.7384],[129.6352,33.7294]]},"properties":{"n":"大島～郷ノ浦","op":"壱岐市","mode":"ferry"}},{"type":"Feature","geometry":{"type":"LineString","coordinates":[[129.6352,33.7294],[129.651,33.7271]]},"properties":{"n":"大島～郷ノ浦","op":"壱岐市","mode":"ferry"}},{"type":"Feature","geometry":{"type":"LineString","coordinates":[[129.651,33.7271],[129.6612,33.7489]]},"properties":{"n":"大島～郷ノ浦","op":"壱岐市","mode":"ferry"}},{"type":"Feature","geometry":{"type":"LineString","coordinates":[[129.6612,33.7489],[129.6881,33.7434]]},"properties":{"n":"大島～郷ノ浦","op":"壱岐市","mode":"ferry"}},{"type":"Feature","geometry":{"type":"LineString","coordinates":[[130.3651,33.7569],[130.4247,33.7178]]},"properties":{"n":"相島～新宮","op":"新宮町","mode":"ferry"}},{"type":"Feature","geometry":{"type":"LineString","coordinates":[[129.3123,34.3838],[129.2953,34.3844]]},"properties":{"n":"樽ケ浜～仁位","op":"対馬市","mode":"ferry"}},{"type":"Feature","geometry":{"type":"LineString","coordinates":[[129.2953,34.3844],[129.2792,34.3644]]},"properties":{"n":"樽ケ浜～仁位","op":"対馬市","mode":"ferry"}},{"type":"Feature","geometry":{"type":"LineString","coordinates":[[129.2953,34.3844],[129.3025,34.3626]]},"properties":{"n":"樽ケ浜～仁位","op":"対馬市","mode":"ferry"}},{"type":"Feature","geometry":{"type":"LineString","coordinates":[[129.2792,34.3644],[129.3025,34.3626]]},"properties":{"n":"樽ケ浜～仁位","op":"対馬市","mode":"ferry"}},{"type":"Feature","geometry":{"type":"LineString","coordinates":[[129.3025,34.3626],[129.3111,34.3562]]},"properties":{"n":"樽ケ浜～仁位","op":"対馬市","mode":"ferry"}},{"type":"Feature","geometry":{"type":"LineString","coordinates":[[129.3111,34.3562],[129.3109,34.3463]]},"properties":{"n":"樽ケ浜～仁位","op":"対馬市","mode":"ferry"}},{"type":"Feature","geometry":{"type":"LineString","coordinates":[[129.3111,34.3562],[129.3168,34.2771]]},"properties":{"n":"樽ケ浜～仁位","op":"対馬市","mode":"ferry"}},{"type":"Feature","geometry":{"type":"LineString","coordinates":[[129.3109,34.3463],[129.2705,34.356]]},"properties":{"n":"樽ケ浜～仁位","op":"対馬市","mode":"ferry"}},{"type":"Feature","geometry":{"type":"LineString","coordinates":[[129.2705,34.356],[129.2662,34.3553]]},"properties":{"n":"樽ケ浜～仁位","op":"対馬市","mode":"ferry"}},{"type":"Feature","geometry":{"type":"LineString","coordinates":[[129.2662,34.3553],[129.3168,34.2771]]},"properties":{"n":"樽ケ浜～仁位","op":"対馬市","mode":"ferry"}},{"type":"Feature","geometry":{"type":"LineString","coordinates":[[128.8511,32.6966],[128.8396,32.7823]]},"properties":{"n":"久賀～福江～椛島","op":"木口汽船","mode":"ferry"}},{"type":"Feature","geometry":{"type":"LineString","coordinates":[[128.8511,32.6966],[128.9912,32.7695]]},"properties":{"n":"久賀～福江～椛島","op":"木口汽船","mode":"ferry"}},{"type":"Feature","geometry":{"type":"LineString","coordinates":[[128.8511,32.6966],[128.9691,32.7542]]},"properties":{"n":"久賀～福江～椛島","op":"木口汽船","mode":"ferry"}},{"type":"Feature","geometry":{"type":"LineString","coordinates":[[128.8396,32.7823],[128.8256,32.7446]]},"properties":{"n":"久賀～福江～椛島","op":"木口汽船","mode":"ferry"}},{"type":"Feature","geometry":{"type":"LineString","coordinates":[[128.9912,32.7695],[128.9691,32.7542]]},"properties":{"n":"久賀～福江～椛島","op":"木口汽船","mode":"ferry"}},{"type":"Feature","geometry":{"type":"LineString","coordinates":[[128.851,32.6971],[128.921,32.5968]]},"properties":{"n":"黄島～福江","op":"黄島海運","mode":"ferry"}},{"type":"Feature","geometry":{"type":"LineString","coordinates":[[128.921,32.5968],[128.9037,32.5704]]},"properties":{"n":"黄島～福江","op":"黄島海運","mode":"ferry"}},{"type":"Feature","geometry":{"type":"LineString","coordinates":[[129.095,33.2557],[129.0649,33.2516]]},"properties":{"n":"神浦～寺島～柳","op":"佐世保市","mode":"ferry"}},{"type":"Feature","geometry":{"type":"LineString","coordinates":[[129.095,33.2557],[129.0568,33.2107]]},"properties":{"n":"神浦～寺島～柳","op":"佐世保市","mode":"ferry"}},{"type":"Feature","geometry":{"type":"LineString","coordinates":[[129.0649,33.2516],[129.0568,33.2107]]},"properties":{"n":"神浦～寺島～柳","op":"佐世保市","mode":"ferry"}},{"type":"Feature","geometry":{"type":"LineString","coordinates":[[129.5142,33.4309],[129.5348,33.4404]]},"properties":{"n":"度島～平戸","op":"竹山運輸","mode":"ferry"}},{"type":"Feature","geometry":{"type":"LineString","coordinates":[[129.5142,33.4309],[129.556,33.3719]]},"properties":{"n":"度島～平戸","op":"竹山運輸","mode":"ferry"}},{"type":"Feature","geometry":{"type":"LineString","coordinates":[[129.5348,33.4404],[129.556,33.3719]]},"properties":{"n":"度島～平戸","op":"竹山運輸","mode":"ferry"}},{"type":"Feature","geometry":{"type":"LineString","coordinates":[[130.341,32.4066],[130.3525,32.3895]]},"properties":{"n":"棚底～三角","op":"山畑運輸","mode":"ferry"}},{"type":"Feature","geometry":{"type":"LineString","coordinates":[[130.341,32.4066],[130.3538,32.3813]]},"properties":{"n":"棚底～三角","op":"山畑運輸","mode":"ferry"}},{"type":"Feature","geometry":{"type":"LineString","coordinates":[[130.341,32.4066],[130.3507,32.3686]]},"properties":{"n":"棚底～三角","op":"山畑運輸","mode":"ferry"}},{"type":"Feature","geometry":{"type":"LineString","coordinates":[[130.3525,32.3895],[130.3538,32.3813]]},"properties":{"n":"棚底～三角","op":"山畑運輸","mode":"ferry"}},{"type":"Feature","geometry":{"type":"LineString","coordinates":[[130.3525,32.3895],[130.3507,32.3686]]},"properties":{"n":"棚底～三角","op":"山畑運輸","mode":"ferry"}},{"type":"Feature","geometry":{"type":"LineString","coordinates":[[130.3538,32.3813],[130.3507,32.3686]]},"properties":{"n":"棚底～三角","op":"山畑運輸","mode":"ferry"}},{"type":"Feature","geometry":{"type":"LineString","coordinates":[[130.3507,32.3686],[130.3445,32.3644]]},"properties":{"n":"棚底～三角","op":"山畑運輸","mode":"ferry"}},{"type":"Feature","geometry":{"type":"LineString","coordinates":[[130.3445,32.3644],[130.3377,32.3381]]},"properties":{"n":"棚底～三角","op":"山畑運輸","mode":"ferry"}},{"type":"Feature","geometry":{"type":"LineString","coordinates":[[130.3377,32.3381],[130.3566,32.3518]]},"properties":{"n":"棚底～三角","op":"山畑運輸","mode":"ferry"}},{"type":"Feature","geometry":{"type":"LineString","coordinates":[[130.3566,32.3518],[130.3898,32.393]]},"properties":{"n":"棚底～三角","op":"山畑運輸","mode":"ferry"}},{"type":"Feature","geometry":{"type":"LineString","coordinates":[[130.3566,32.3518],[130.4094,32.3946]]},"properties":{"n":"棚底～三角","op":"山畑運輸","mode":"ferry"}},{"type":"Feature","geometry":{"type":"LineString","coordinates":[[130.4094,32.3946],[130.401,32.3992]]},"properties":{"n":"棚底～三角","op":"山畑運輸","mode":"ferry"}},{"type":"Feature","geometry":{"type":"LineString","coordinates":[[130.401,32.3992],[130.471,32.6067]]},"properties":{"n":"棚底～三角","op":"山畑運輸","mode":"ferry"}},{"type":"Feature","geometry":{"type":"LineString","coordinates":[[130.2363,32.2916],[130.2155,32.2782]]},"properties":{"n":"御所浦～諸浦","op":"波戸汽船","mode":"ferry"}},{"type":"Feature","geometry":{"type":"LineString","coordinates":[[130.2155,32.2782],[130.1842,32.255]]},"properties":{"n":"御所浦～諸浦","op":"波戸汽船","mode":"ferry"}},{"type":"Feature","geometry":{"type":"LineString","coordinates":[[130.1842,32.255],[130.2262,32.2615]]},"properties":{"n":"御所浦～諸浦","op":"波戸汽船","mode":"ferry"}},{"type":"Feature","geometry":{"type":"LineString","coordinates":[[130.8676,33.9753],[130.92,33.952]]},"properties":{"n":"竹崎～六連島","op":"下関市","mode":"ferry"}},{"type":"Feature","geometry":{"type":"LineString","coordinates":[[130.7892,34.1008],[130.9006,34.0685]]},"properties":{"n":"蓋井島～吉見","op":"下関市","mode":"ferry"}},{"type":"Feature","geometry":{"type":"LineString","coordinates":[[130.3377,32.3381],[130.3566,32.3518]]},"properties":{"n":"御所浦～本渡","op":"栄汽船","mode":"ferry"}},{"type":"Feature","geometry":{"type":"LineString","coordinates":[[130.3377,32.3381],[130.3445,32.3644]]},"properties":{"n":"御所浦～本渡","op":"栄汽船","mode":"ferry"}},{"type":"Feature","geometry":{"type":"LineString","coordinates":[[130.3377,32.3381],[130.341,32.4066]]},"properties":{"n":"御所浦～本渡","op":"栄汽船","mode":"ferry"}},{"type":"Feature","geometry":{"type":"LineString","coordinates":[[130.3377,32.3381],[130.2006,32.456]]},"properties":{"n":"御所浦～本渡","op":"栄汽船","mode":"ferry"}},{"type":"Feature","geometry":{"type":"LineString","coordinates":[[130.3566,32.3518],[130.3445,32.3644]]},"properties":{"n":"御所浦～本渡","op":"栄汽船","mode":"ferry"}},{"type":"Feature","geometry":{"type":"LineString","coordinates":[[130.3566,32.3518],[130.3507,32.3686]]},"properties":{"n":"御所浦～本渡","op":"栄汽船","mode":"ferry"}},{"type":"Feature","geometry":{"type":"LineString","coordinates":[[130.3445,32.3644],[130.3507,32.3686]]},"properties":{"n":"御所浦～本渡","op":"栄汽船","mode":"ferry"}},{"type":"Feature","geometry":{"type":"LineString","coordinates":[[130.3445,32.3644],[130.341,32.4066]]},"properties":{"n":"御所浦～本渡","op":"栄汽船","mode":"ferry"}},{"type":"Feature","geometry":{"type":"LineString","coordinates":[[130.3445,32.3644],[130.2006,32.456]]},"properties":{"n":"御所浦～本渡","op":"栄汽船","mode":"ferry"}},{"type":"Feature","geometry":{"type":"LineString","coordinates":[[130.3507,32.3686],[130.3525,32.3895]]},"properties":{"n":"御所浦～本渡","op":"栄汽船","mode":"ferry"}},{"type":"Feature","geometry":{"type":"LineString","coordinates":[[130.3507,32.3686],[130.341,32.4066]]},"properties":{"n":"御所浦～本渡","op":"栄汽船","mode":"ferry"}},{"type":"Feature","geometry":{"type":"LineString","coordinates":[[130.3525,32.3895],[130.341,32.4066]]},"properties":{"n":"御所浦～本渡","op":"栄汽船","mode":"ferry"}},{"type":"Feature","geometry":{"type":"LineString","coordinates":[[130.341,32.4066],[130.2006,32.456]]},"properties":{"n":"御所浦～本渡","op":"栄汽船","mode":"ferry"}},{"type":"Feature","geometry":{"type":"LineString","coordinates":[[129.7638,33.5663],[129.8936,33.5418]]},"properties":{"n":"馬渡島～呼子","op":"郵正丸","mode":"ferry"}},{"type":"Feature","geometry":{"type":"LineString","coordinates":[[129.7638,33.5663],[129.8793,33.5338]]},"properties":{"n":"馬渡島～呼子","op":"郵正丸","mode":"ferry"}},{"type":"Feature","geometry":{"type":"LineString","coordinates":[[129.8936,33.5418],[129.8793,33.5338]]},"properties":{"n":"馬渡島～呼子","op":"郵正丸","mode":"ferry"}},{"type":"Feature","geometry":{"type":"LineString","coordinates":[[130.3372,32.6],[130.416,32.5817]]},"properties":{"n":"湯島～三角～江樋戸～西有家　　","op":"湯島商船","mode":"ferry"}},{"type":"Feature","geometry":{"type":"LineString","coordinates":[[130.3372,32.6],[130.2917,32.652]]},"properties":{"n":"湯島～三角～江樋戸～西有家　　","op":"湯島商船","mode":"ferry"}},{"type":"Feature","geometry":{"type":"LineString","coordinates":[[130.0513,33.5663],[130.124,33.5733]]},"properties":{"n":"姫島～岐志","op":"糸島市","mode":"ferry"}},{"type":"Feature","geometry":{"type":"LineString","coordinates":[[130.4933,33.9048],[130.5018,33.8961]]},"properties":{"n":"大島～神湊～地島","op":"宗像市","mode":"ferry"}},{"type":"Feature","geometry":{"type":"LineString","coordinates":[[130.4933,33.9048],[130.4833,33.8534]]},"properties":{"n":"大島～神湊～地島","op":"宗像市","mode":"ferry"}},{"type":"Feature","geometry":{"type":"LineString","coordinates":[[130.5018,33.8961],[130.4833,33.8534]]},"properties":{"n":"大島～神湊～地島","op":"宗像市","mode":"ferry"}},{"type":"Feature","geometry":{"type":"LineString","coordinates":[[130.4833,33.8534],[130.4346,33.8968]]},"properties":{"n":"大島～神湊～地島","op":"宗像市","mode":"ferry"}},{"type":"Feature","geometry":{"type":"LineString","coordinates":[[130.4933,33.9048],[130.5018,33.8961]]},"properties":{"n":"地島～神湊","op":"宗像市","mode":"ferry"}},{"type":"Feature","geometry":{"type":"LineString","coordinates":[[130.4933,33.9048],[130.4833,33.8534]]},"properties":{"n":"地島～神湊","op":"宗像市","mode":"ferry"}},{"type":"Feature","geometry":{"type":"LineString","coordinates":[[130.5018,33.8961],[130.4833,33.8534]]},"properties":{"n":"地島～神湊","op":"宗像市","mode":"ferry"}},{"type":"Feature","geometry":{"type":"LineString","coordinates":[[129.6152,32.94],[129.6399,32.9362]]},"properties":{"n":"釜浦～瀬戸","op":"西海市","mode":"ferry"}},{"type":"Feature","geometry":{"type":"LineString","coordinates":[[128.77,32.6177],[128.833,32.6047]]},"properties":{"n":"富江～黒島","op":"五島市","mode":"ferry"}},{"type":"Feature","geometry":{"type":"LineString","coordinates":[[128.9325,32.802],[128.9351,32.8073]]},"properties":{"n":"浦～前島","op":"五島市","mode":"ferry"}},{"type":"Feature","geometry":{"type":"LineString","coordinates":[[128.9351,32.8073],[128.9375,32.8246]]},"properties":{"n":"浦～前島","op":"五島市","mode":"ferry"}},{"type":"Feature","geometry":{"type":"LineString","coordinates":[[128.6176,32.6349],[128.6716,32.6686]]},"properties":{"n":"玉之浦～荒川","op":"五島市","mode":"ferry"}},{"type":"Feature","geometry":{"type":"LineString","coordinates":[[130.1912,30.4623],[130.5741,30.4317]]},"properties":{"n":"宮之浦～口永良部～島間","op":"屋久島町","mode":"ferry"}},{"type":"Feature","geometry":{"type":"LineString","coordinates":[[130.5741,30.4317],[130.8615,30.4659]]},"properties":{"n":"宮之浦～口永良部～島間","op":"屋久島町","mode":"ferry"}},{"type":"Feature","geometry":{"type":"LineString","coordinates":[[131.9157,32.9814],[131.9033,32.9778]]},"properties":{"n":"大入島～佐伯","op":"大入島観光フェリー","mode":"ferry"}},{"type":"Feature","geometry":{"type":"LineString","coordinates":[[129.8992,33.5956],[129.8948,33.5396]]},"properties":{"n":"小川島～呼子","op":"川口汽船","mode":"ferry"}},{"type":"Feature","geometry":{"type":"LineString","coordinates":[[129.8472,32.8331],[129.9247,32.9121]]},"properties":{"n":"時津～長崎空港～大村","op":"安田産業汽船","mode":"ferry"}},{"type":"Feature","geometry":{"type":"LineString","coordinates":[[129.9247,32.9121],[129.9563,32.9043]]},"properties":{"n":"時津～長崎空港～大村","op":"安田産業汽船","mode":"ferry"}},{"type":"Feature","geometry":{"type":"LineString","coordinates":[[129.9137,32.7075],[130.0351,32.5231]]},"properties":{"n":"茂木～富岡","op":"安田産業汽船","mode":"ferry"}},{"type":"Feature","geometry":{"type":"LineString","coordinates":[[129.9247,32.9121],[129.7862,33.0809]]},"properties":{"n":"長崎空港～ハウステンボス","op":"安田産業汽船","mode":"ferry"}},{"type":"Feature","geometry":{"type":"LineString","coordinates":[[130.3506,33.5957],[130.3657,33.6612]]},"properties":{"n":"百道（マリゾン）～海の中道　　","op":"安田産業汽船","mode":"ferry"}},{"type":"Feature","geometry":{"type":"LineString","coordinates":[[129.9563,32.9043],[129.8472,32.8331]]},"properties":{"n":"大村レース場～時津","op":"安田産業汽船","mode":"ferry"}},{"type":"Feature","geometry":{"type":"LineString","coordinates":[[129.7917,33.3389],[129.8202,33.3657]]},"properties":{"n":"浦の崎～福島","op":"金子廻漕店","mode":"ferry"}},{"type":"Feature","geometry":{"type":"LineString","coordinates":[[129.8613,33.5874],[129.8936,33.5418]]},"properties":{"n":"加唐島～呼子","op":"加唐島汽船","mode":"ferry"}},{"type":"Feature","geometry":{"type":"LineString","coordinates":[[131.8135,32.666],[131.7662,32.6454]]},"properties":{"n":"島浦～浦城","op":"日豊汽船","mode":"ferry"}},{"type":"Feature","geometry":{"type":"LineString","coordinates":[[129.0373,32.9252],[129.0226,32.8888]]},"properties":{"n":"郷ノ首～福江","op":"五島旅客船","mode":"ferry"}},{"type":"Feature","geometry":{"type":"LineString","coordinates":[[129.0373,32.9252],[129.0127,32.8662]]},"properties":{"n":"郷ノ首～福江","op":"五島旅客船","mode":"ferry"}},{"type":"Feature","geometry":{"type":"LineString","coordinates":[[129.0127,32.8662],[128.9384,32.8227]]},"properties":{"n":"郷ノ首～福江","op":"五島旅客船","mode":"ferry"}},{"type":"Feature","geometry":{"type":"LineString","coordinates":[[129.0127,32.8662],[128.851,32.697]]},"properties":{"n":"郷ノ首～福江","op":"五島旅客船","mode":"ferry"}},{"type":"Feature","geometry":{"type":"LineString","coordinates":[[128.9384,32.8227],[128.851,32.697]]},"properties":{"n":"郷ノ首～福江","op":"五島旅客船","mode":"ferry"}},{"type":"Feature","geometry":{"type":"LineString","coordinates":[[130.5667,31.5911],[130.5741,30.4317]]},"properties":{"n":"鹿児島～屋久島","op":"折田汽船","mode":"ferry"}},{"type":"Feature","geometry":{"type":"LineString","coordinates":[[129.8685,32.7448],[129.0617,32.8458]]},"properties":{"n":"長崎～五島","op":"九州商船","mode":"ferry"}},{"type":"Feature","geometry":{"type":"LineString","coordinates":[[129.8685,32.7448],[128.8523,32.6967]]},"properties":{"n":"長崎～五島","op":"九州商船","mode":"ferry"}},{"type":"Feature","geometry":{"type":"LineString","coordinates":[[129.0617,32.8458],[128.8523,32.6967]]},"properties":{"n":"長崎～五島","op":"九州商船","mode":"ferry"}},{"type":"Feature","geometry":{"type":"LineString","coordinates":[[129.0617,32.8458],[128.9383,32.8226]]},"properties":{"n":"長崎～五島","op":"九州商船","mode":"ferry"}},{"type":"Feature","geometry":{"type":"LineString","coordinates":[[128.8523,32.6967],[128.9383,32.8226]]},"properties":{"n":"長崎～五島","op":"九州商船","mode":"ferry"}},{"type":"Feature","geometry":{"type":"LineString","coordinates":[[129.7232,33.1617],[129.1305,33.2603]]},"properties":{"n":"佐世保～上五島","op":"九州商船","mode":"ferry"}},{"type":"Feature","geometry":{"type":"LineString","coordinates":[[129.7232,33.1617],[129.0613,33.1854]]},"properties":{"n":"佐世保～上五島","op":"九州商船","mode":"ferry"}},{"type":"Feature","geometry":{"type":"LineString","coordinates":[[129.7232,33.1617],[129.1124,32.9862]]},"properties":{"n":"佐世保～上五島","op":"九州商船","mode":"ferry"}},{"type":"Feature","geometry":{"type":"LineString","coordinates":[[129.1305,33.2603],[129.0613,33.1854]]},"properties":{"n":"佐世保～上五島","op":"九州商船","mode":"ferry"}},{"type":"Feature","geometry":{"type":"LineString","coordinates":[[129.0613,33.1854],[129.1124,32.9862]]},"properties":{"n":"佐世保～上五島","op":"九州商船","mode":"ferry"}},{"type":"Feature","geometry":{"type":"LineString","coordinates":[[130.2529,31.7225],[129.9204,31.8431]]},"properties":{"n":"串木野～甑島","op":"甑島商船","mode":"ferry"}},{"type":"Feature","geometry":{"type":"LineString","coordinates":[[130.2529,31.7225],[129.7384,31.7027]]},"properties":{"n":"串木野～甑島","op":"甑島商船","mode":"ferry"}},{"type":"Feature","geometry":{"type":"LineString","coordinates":[[129.9204,31.8431],[129.7958,31.7811]]},"properties":{"n":"串木野～甑島","op":"甑島商船","mode":"ferry"}},{"type":"Feature","geometry":{"type":"LineString","coordinates":[[129.9204,31.8431],[129.7384,31.7027]]},"properties":{"n":"串木野～甑島","op":"甑島商船","mode":"ferry"}},{"type":"Feature","geometry":{"type":"LineString","coordinates":[[129.7958,31.7811],[129.7384,31.7027]]},"properties":{"n":"串木野～甑島","op":"甑島商船","mode":"ferry"}},{"type":"Feature","geometry":{"type":"LineString","coordinates":[[130.3982,33.6054],[129.7537,33.8101]]},"properties":{"n":"博多～壱岐～対馬","op":"九州郵船","mode":"ferry"}},{"type":"Feature","geometry":{"type":"LineString","coordinates":[[130.3982,33.6054],[129.6849,33.7423]]},"properties":{"n":"博多～壱岐～対馬","op":"九州郵船","mode":"ferry"}},{"type":"Feature","geometry":{"type":"LineString","coordinates":[[129.7537,33.8101],[129.2907,34.1981]]},"properties":{"n":"博多～壱岐～対馬","op":"九州郵船","mode":"ferry"}},{"type":"Feature","geometry":{"type":"LineString","coordinates":[[129.6849,33.7423],[129.2907,34.1981]]},"properties":{"n":"博多～壱岐～対馬","op":"九州郵船","mode":"ferry"}},{"type":"Feature","geometry":{"type":"LineString","coordinates":[[129.9607,33.4679],[129.7559,33.7412]]},"properties":{"n":"印通寺～唐津","op":"九州郵船","mode":"ferry"}},{"type":"Feature","geometry":{"type":"LineString","coordinates":[[130.3982,33.6054],[129.4699,34.6557]]},"properties":{"n":"博多～比田勝","op":"九州郵船","mode":"ferry"}},{"type":"Feature","geometry":{"type":"LineString","coordinates":[[130.144,33.7211],[130.3268,33.5974]]},"properties":{"n":"小呂島～姪浜","op":"福岡市","mode":"ferry"}},{"type":"Feature","geometry":{"type":"LineString","coordinates":[[130.3982,33.6054],[130.3552,33.6433]]},"properties":{"n":"博多～志賀島","op":"福岡市","mode":"ferry"}},{"type":"Feature","geometry":{"type":"LineString","coordinates":[[130.3982,33.6054],[130.3137,33.6618]]},"properties":{"n":"博多～志賀島","op":"福岡市","mode":"ferry"}},{"type":"Feature","geometry":{"type":"LineString","coordinates":[[130.3552,33.6433],[130.3362,33.6503]]},"properties":{"n":"博多～志賀島","op":"福岡市","mode":"ferry"}},{"type":"Feature","geometry":{"type":"LineString","coordinates":[[130.3362,33.6503],[130.3137,33.6618]]},"properties":{"n":"博多～志賀島","op":"福岡市","mode":"ferry"}},{"type":"Feature","geometry":{"type":"LineString","coordinates":[[130.3982,33.6054],[130.2351,33.6822]]},"properties":{"n":"玄界島～博多","op":"福岡市","mode":"ferry"}},{"type":"Feature","geometry":{"type":"LineString","coordinates":[[130.3107,33.6122],[130.3268,33.5974]]},"properties":{"n":"能古～姪浜","op":"福岡市","mode":"ferry"}},{"type":"Feature","geometry":{"type":"LineString","coordinates":[[130.1868,32.6111],[130.1874,32.5466]]},"properties":{"n":"口ノ津～鬼池","op":"島原鉄道","mode":"ferry"}},{"type":"Feature","geometry":{"type":"LineString","coordinates":[[130.3724,32.7673],[130.4166,33.0135]]},"properties":{"n":"島原～大牟田","op":"島原鉄道","mode":"ferry"}},{"type":"Feature","geometry":{"type":"LineString","coordinates":[[130.1034,32.1888],[130.0252,32.1937]]},"properties":{"n":"蔵之元～牛深","op":"三和商船","mode":"ferry"}},{"type":"Feature","geometry":{"type":"LineString","coordinates":[[130.5651,31.591],[129.9128,29.9912]]},"properties":{"n":"鹿児島～十島～名瀬","op":"十島村","mode":"ferry"}},{"type":"Feature","geometry":{"type":"LineString","coordinates":[[129.9128,29.9912],[129.8473,29.8394]]},"properties":{"n":"鹿児島～十島～名瀬","op":"十島村","mode":"ferry"}},{"type":"Feature","geometry":{"type":"LineString","coordinates":[[129.8473,29.8394],[129.5316,29.6789]]},"properties":{"n":"鹿児島～十島～名瀬","op":"十島村","mode":"ferry"}},{"type":"Feature","geometry":{"type":"LineString","coordinates":[[129.5316,29.6789],[129.7124,29.6101]]},"properties":{"n":"鹿児島～十島～名瀬","op":"十島村","mode":"ferry"}},{"type":"Feature","geometry":{"type":"LineString","coordinates":[[129.7124,29.6101],[129.5941,29.4549]]},"properties":{"n":"鹿児島～十島～名瀬","op":"十島村","mode":"ferry"}},{"type":"Feature","geometry":{"type":"LineString","coordinates":[[129.5941,29.4549],[129.3214,29.221]]},"properties":{"n":"鹿児島～十島～名瀬","op":"十島村","mode":"ferry"}},{"type":"Feature","geometry":{"type":"LineString","coordinates":[[129.3214,29.221],[129.2039,29.157]]},"properties":{"n":"鹿児島～十島～名瀬","op":"十島村","mode":"ferry"}},{"type":"Feature","geometry":{"type":"LineString","coordinates":[[129.2039,29.157],[129.4959,28.3855]]},"properties":{"n":"鹿児島～十島～名瀬","op":"十島村","mode":"ferry"}},{"type":"Feature","geometry":{"type":"LineString","coordinates":[[130.5631,31.5967],[130.5993,31.5923]]},"properties":{"n":"桜島～鹿児島","op":"鹿児島市船舶局","mode":"ferry"}},{"type":"Feature","geometry":{"type":"LineString","coordinates":[[130.5631,31.5967],[130.5993,31.5923]]},"properties":{"n":"鹿児島～桜島（よりみちクルーズ）","op":"鹿児島市船舶局","mode":"ferry"}},{"type":"Feature","geometry":{"type":"LineString","coordinates":[[130.3982,33.6054],[129.1305,33.2603]]},"properties":{"n":"福江～青方～博多","op":"野母商船","mode":"ferry"}},{"type":"Feature","geometry":{"type":"LineString","coordinates":[[129.1305,33.2603],[129.0613,33.1854]]},"properties":{"n":"福江～青方～博多","op":"野母商船","mode":"ferry"}},{"type":"Feature","geometry":{"type":"LineString","coordinates":[[129.0613,33.1854],[129.0575,32.9778]]},"properties":{"n":"福江～青方～博多","op":"野母商船","mode":"ferry"}},{"type":"Feature","geometry":{"type":"LineString","coordinates":[[129.0575,32.9778],[129.0226,32.8888]]},"properties":{"n":"福江～青方～博多","op":"野母商船","mode":"ferry"}},{"type":"Feature","geometry":{"type":"LineString","coordinates":[[129.0575,32.9778],[128.8513,32.6947]]},"properties":{"n":"福江～青方～博多","op":"野母商船","mode":"ferry"}},{"type":"Feature","geometry":{"type":"LineString","coordinates":[[129.0226,32.8888],[128.9387,32.8226]]},"properties":{"n":"福江～青方～博多","op":"野母商船","mode":"ferry"}},{"type":"Feature","geometry":{"type":"LineString","coordinates":[[128.9387,32.8226],[128.8513,32.6947]]},"properties":{"n":"福江～青方～博多","op":"野母商船","mode":"ferry"}},{"type":"Feature","geometry":{"type":"LineString","coordinates":[[129.8682,32.7442],[129.8209,32.6956]]},"properties":{"n":"長崎～香焼","op":"野母商船","mode":"ferry"}},{"type":"Feature","geometry":{"type":"LineString","coordinates":[[130.5651,31.5924],[130.419,30.8155]]},"properties":{"n":"鹿児島～三島","op":"三島村","mode":"ferry"}},{"type":"Feature","geometry":{"type":"LineString","coordinates":[[130.419,30.8155],[130.2798,30.7799]]},"properties":{"n":"鹿児島～三島","op":"三島村","mode":"ferry"}},{"type":"Feature","geometry":{"type":"LineString","coordinates":[[130.2798,30.7799],[129.9577,30.8363]]},"properties":{"n":"鹿児島～三島","op":"三島村","mode":"ferry"}},{"type":"Feature","geometry":{"type":"LineString","coordinates":[[129.9577,30.8363],[129.9065,30.8306]]},"properties":{"n":"鹿児島～三島","op":"三島村","mode":"ferry"}},{"type":"Feature","geometry":{"type":"LineString","coordinates":[[130.5651,31.5924],[130.419,30.8155]]},"properties":{"n":"三島～枕崎","op":"三島村","mode":"ferry"}},{"type":"Feature","geometry":{"type":"LineString","coordinates":[[130.419,30.8155],[130.2798,30.7799]]},"properties":{"n":"三島～枕崎","op":"三島村","mode":"ferry"}},{"type":"Feature","geometry":{"type":"LineString","coordinates":[[130.2798,30.7799],[129.9577,30.8363]]},"properties":{"n":"三島～枕崎","op":"三島村","mode":"ferry"}},{"type":"Feature","geometry":{"type":"LineString","coordinates":[[129.9577,30.8363],[129.9065,30.8306]]},"properties":{"n":"三島～枕崎","op":"三島村","mode":"ferry"}},{"type":"Feature","geometry":{"type":"LineString","coordinates":[[129.9065,30.8306],[130.2962,31.2625]]},"properties":{"n":"三島～枕崎","op":"三島村","mode":"ferry"}},{"type":"Feature","geometry":{"type":"LineString","coordinates":[[130.3094,32.8761],[130.443,32.9282]]},"properties":{"n":"多比良～長州","op":"有明海自動車航送船組合","mode":"ferry"}},{"type":"Feature","geometry":{"type":"LineString","coordinates":[[129.7234,33.1629],[129.6722,33.0793]]},"properties":{"n":"佐世保～神浦","op":"西海沿岸商船","mode":"ferry"}},{"type":"Feature","geometry":{"type":"LineString","coordinates":[[129.7234,33.1629],[129.624,33.0422]]},"properties":{"n":"佐世保～神浦","op":"西海沿岸商船","mode":"ferry"}},{"type":"Feature","geometry":{"type":"LineString","coordinates":[[129.6722,33.0793],[129.624,33.0422]]},"properties":{"n":"佐世保～神浦","op":"西海沿岸商船","mode":"ferry"}},{"type":"Feature","geometry":{"type":"LineString","coordinates":[[129.624,33.0422],[129.6152,32.94]]},"properties":{"n":"佐世保～神浦","op":"西海沿岸商船","mode":"ferry"}},{"type":"Feature","geometry":{"type":"LineString","coordinates":[[129.6152,32.94],[129.6386,32.9396]]},"properties":{"n":"佐世保～神浦","op":"西海沿岸商船","mode":"ferry"}},{"type":"Feature","geometry":{"type":"LineString","coordinates":[[129.6152,32.94],[129.6045,32.8885]]},"properties":{"n":"佐世保～神浦","op":"西海沿岸商船","mode":"ferry"}},{"type":"Feature","geometry":{"type":"LineString","coordinates":[[129.6386,32.9396],[129.6045,32.8885]]},"properties":{"n":"佐世保～神浦","op":"西海沿岸商船","mode":"ferry"}},{"type":"Feature","geometry":{"type":"LineString","coordinates":[[129.6045,32.8885],[129.6795,32.8803]]},"properties":{"n":"佐世保～神浦","op":"西海沿岸商船","mode":"ferry"}},{"type":"Feature","geometry":{"type":"LineString","coordinates":[[130.191,32.0295],[130.1702,32.0263]]},"properties":{"n":"阿久根～大島","op":"南国海運","mode":"ferry"}},{"type":"Feature","geometry":{"type":"LineString","coordinates":[[129.1782,32.9979],[129.238,32.9994]]},"properties":{"n":"友住～佐世保","op":"崎戸商船","mode":"ferry"}},{"type":"Feature","geometry":{"type":"LineString","coordinates":[[129.238,32.9994],[129.3526,33.0007]]},"properties":{"n":"友住～佐世保","op":"崎戸商船","mode":"ferry"}},{"type":"Feature","geometry":{"type":"LineString","coordinates":[[129.3526,33.0007],[129.5664,33.0209]]},"properties":{"n":"友住～佐世保","op":"崎戸商船","mode":"ferry"}},{"type":"Feature","geometry":{"type":"LineString","coordinates":[[129.5664,33.0209],[129.7234,33.1629]]},"properties":{"n":"友住～佐世保","op":"崎戸商船","mode":"ferry"}},{"type":"Feature","geometry":{"type":"LineString","coordinates":[[129.4524,33.2096],[129.6539,33.1933]]},"properties":{"n":"津吉～相浦～佐世保","op":"津吉商船","mode":"ferry"}},{"type":"Feature","geometry":{"type":"LineString","coordinates":[[129.4524,33.2096],[129.7234,33.1629]]},"properties":{"n":"津吉～相浦～佐世保","op":"津吉商船","mode":"ferry"}},{"type":"Feature","geometry":{"type":"LineString","coordinates":[[129.6539,33.1933],[129.7234,33.1629]]},"properties":{"n":"津吉～相浦～佐世保","op":"津吉商船","mode":"ferry"}},{"type":"Feature","geometry":{"type":"LineString","coordinates":[[129.7304,33.0498],[129.7326,33.0586]]},"properties":{"n":"川内～佐世保","op":"瀬川汽船","mode":"ferry"}},{"type":"Feature","geometry":{"type":"LineString","coordinates":[[129.7304,33.0498],[129.7047,33.0839]]},"properties":{"n":"川内～佐世保","op":"瀬川汽船","mode":"ferry"}},{"type":"Feature","geometry":{"type":"LineString","coordinates":[[129.7304,33.0498],[129.7234,33.1629]]},"properties":{"n":"川内～佐世保","op":"瀬川汽船","mode":"ferry"}},{"type":"Feature","geometry":{"type":"LineString","coordinates":[[129.7326,33.0586],[129.7334,33.0667]]},"properties":{"n":"川内～佐世保","op":"瀬川汽船","mode":"ferry"}},{"type":"Feature","geometry":{"type":"LineString","coordinates":[[129.7334,33.0667],[129.7056,33.0809]]},"properties":{"n":"川内～佐世保","op":"瀬川汽船","mode":"ferry"}},{"type":"Feature","geometry":{"type":"LineString","coordinates":[[129.7334,33.0667],[129.7047,33.0839]]},"properties":{"n":"川内～佐世保","op":"瀬川汽船","mode":"ferry"}},{"type":"Feature","geometry":{"type":"LineString","coordinates":[[129.7056,33.0809],[129.7047,33.0839]]},"properties":{"n":"川内～佐世保","op":"瀬川汽船","mode":"ferry"}},{"type":"Feature","geometry":{"type":"LineString","coordinates":[[129.7047,33.0839],[129.6828,33.098]]},"properties":{"n":"川内～佐世保","op":"瀬川汽船","mode":"ferry"}},{"type":"Feature","geometry":{"type":"LineString","coordinates":[[129.7047,33.0839],[129.7234,33.1629]]},"properties":{"n":"川内～佐世保","op":"瀬川汽船","mode":"ferry"}},{"type":"Feature","geometry":{"type":"LineString","coordinates":[[129.6828,33.098],[129.7234,33.1629]]},"properties":{"n":"川内～佐世保","op":"瀬川汽船","mode":"ferry"}},{"type":"Feature","geometry":{"type":"LineString","coordinates":[[129.7583,33.4275],[129.7766,33.3962]]},"properties":{"n":"殿ノ浦～今福","op":"鷹島汽船","mode":"ferry"}},{"type":"Feature","geometry":{"type":"LineString","coordinates":[[129.7766,33.3962],[129.7636,33.3542]]},"properties":{"n":"殿ノ浦～今福","op":"鷹島汽船","mode":"ferry"}},{"type":"Feature","geometry":{"type":"LineString","coordinates":[[129.7586,33.4548],[129.7268,33.4544]]},"properties":{"n":"阿翁～御厨","op":"鷹島汽船","mode":"ferry"}},{"type":"Feature","geometry":{"type":"LineString","coordinates":[[129.7268,33.4544],[129.726,33.413]]},"properties":{"n":"阿翁～御厨","op":"鷹島汽船","mode":"ferry"}},{"type":"Feature","geometry":{"type":"LineString","coordinates":[[129.726,33.413],[129.6887,33.4107]]},"properties":{"n":"阿翁～御厨","op":"鷹島汽船","mode":"ferry"}},{"type":"Feature","geometry":{"type":"LineString","coordinates":[[129.6887,33.4107],[129.6695,33.3675]]},"properties":{"n":"阿翁～御厨","op":"鷹島汽船","mode":"ferry"}},{"type":"Feature","geometry":{"type":"LineString","coordinates":[[129.5297,33.4848],[129.558,33.475]]},"properties":{"n":"大島～平戸","op":"平戸市","mode":"ferry"}},{"type":"Feature","geometry":{"type":"LineString","coordinates":[[129.5297,33.4848],[129.556,33.3719]]},"properties":{"n":"大島～平戸","op":"平戸市","mode":"ferry"}},{"type":"Feature","geometry":{"type":"LineString","coordinates":[[129.558,33.475],[129.5774,33.3628]]},"properties":{"n":"大島～平戸","op":"平戸市","mode":"ferry"}},{"type":"Feature","geometry":{"type":"LineString","coordinates":[[129.558,33.475],[129.556,33.3719]]},"properties":{"n":"大島～平戸","op":"平戸市","mode":"ferry"}},{"type":"Feature","geometry":{"type":"LineString","coordinates":[[129.5774,33.3628],[129.556,33.3719]]},"properties":{"n":"大島～平戸","op":"平戸市","mode":"ferry"}},{"type":"Feature","geometry":{"type":"LineString","coordinates":[[131.6485,33.7222],[131.6003,33.6875]]},"properties":{"n":"姫島～国見","op":"姫島村","mode":"ferry"}},{"type":"Feature","geometry":{"type":"LineString","coordinates":[[130.1842,32.255],[130.2155,32.2782]]},"properties":{"n":"天草～長島","op":"天長フェリー","mode":"ferry"}},{"type":"Feature","geometry":{"type":"LineString","coordinates":[[130.1842,32.255],[130.1647,32.3301]]},"properties":{"n":"天草～長島","op":"天長フェリー","mode":"ferry"}},{"type":"Feature","geometry":{"type":"LineString","coordinates":[[130.2155,32.2782],[130.1647,32.3301]]},"properties":{"n":"天草～長島","op":"天長フェリー","mode":"ferry"}},{"type":"Feature","geometry":{"type":"LineString","coordinates":[[130.5675,31.5946],[129.9368,28.326]]},"properties":{"n":"鹿児島～喜界～知名","op":"奄美海運","mode":"ferry"}},{"type":"Feature","geometry":{"type":"LineString","coordinates":[[129.9368,28.326],[129.4954,28.3879]]},"properties":{"n":"鹿児島～喜界～知名","op":"奄美海運","mode":"ferry"}},{"type":"Feature","geometry":{"type":"LineString","coordinates":[[129.4954,28.3879],[129.3084,28.145]]},"properties":{"n":"鹿児島～喜界～知名","op":"奄美海運","mode":"ferry"}},{"type":"Feature","geometry":{"type":"LineString","coordinates":[[129.4954,28.3879],[128.8913,27.8124]]},"properties":{"n":"鹿児島～喜界～知名","op":"奄美海運","mode":"ferry"}},{"type":"Feature","geometry":{"type":"LineString","coordinates":[[129.3084,28.145],[128.8913,27.8124]]},"properties":{"n":"鹿児島～喜界～知名","op":"奄美海運","mode":"ferry"}},{"type":"Feature","geometry":{"type":"LineString","coordinates":[[128.8913,27.8124],[128.5665,27.3289]]},"properties":{"n":"鹿児島～喜界～知名","op":"奄美海運","mode":"ferry"}},{"type":"Feature","geometry":{"type":"LineString","coordinates":[[129.1671,28.0454],[129.2344,28.0333]]},"properties":{"n":"与路～古仁屋","op":"瀬戸内町","mode":"ferry"}},{"type":"Feature","geometry":{"type":"LineString","coordinates":[[129.2344,28.0333],[129.2549,28.0318]]},"properties":{"n":"与路～古仁屋","op":"瀬戸内町","mode":"ferry"}},{"type":"Feature","geometry":{"type":"LineString","coordinates":[[129.2549,28.0318],[129.3085,28.145]]},"properties":{"n":"与路～古仁屋","op":"瀬戸内町","mode":"ferry"}},{"type":"Feature","geometry":{"type":"LineString","coordinates":[[129.3087,28.1458],[129.2463,28.1255]]},"properties":{"n":"瀬相～古仁屋～生間","op":"瀬戸内町","mode":"ferry"}},{"type":"Feature","geometry":{"type":"LineString","coordinates":[[129.3087,28.1458],[129.3203,28.1028]]},"properties":{"n":"瀬相～古仁屋～生間","op":"瀬戸内町","mode":"ferry"}},{"type":"Feature","geometry":{"type":"LineString","coordinates":[[129.5276,33.1453],[129.592,33.1708]]},"properties":{"n":"黒島～高島～相浦","op":"黒島旅客船","mode":"ferry"}},{"type":"Feature","geometry":{"type":"LineString","coordinates":[[129.592,33.1708],[129.6539,33.1933]]},"properties":{"n":"黒島～高島～相浦","op":"黒島旅客船","mode":"ferry"}},{"type":"Feature","geometry":{"type":"LineString","coordinates":[[131.8647,33.0772],[132.007,33.1047]]},"properties":{"n":"津久見～保戸島","op":"やま丸","mode":"ferry"}},{"type":"Feature","geometry":{"type":"LineString","coordinates":[[131.8651,33.2498],[132.1195,33.3899]]},"properties":{"n":"佐賀関～三崎","op":"国道九四フェリー","mode":"ferry"}},{"type":"Feature","geometry":{"type":"LineString","coordinates":[[127.9687,27.0367],[127.9971,26.6782]]},"properties":{"n":"伊平屋～運天","op":"伊平屋村","mode":"ferry"}},{"type":"Feature","geometry":{"type":"LineString","coordinates":[[127.9524,26.9286],[127.9967,26.678]]},"properties":{"n":"伊是名～運天","op":"伊是名村","mode":"ferry"}},{"type":"Feature","geometry":{"type":"LineString","coordinates":[[127.8018,26.707],[127.88,26.6415]]},"properties":{"n":"伊江～本部","op":"伊江村","mode":"ferry"}},{"type":"Feature","geometry":{"type":"LineString","coordinates":[[127.6829,26.2239],[127.233,26.5788]]},"properties":{"n":"泊～粟国","op":"粟国村","mode":"ferry"}},{"type":"Feature","geometry":{"type":"LineString","coordinates":[[127.6821,26.2246],[127.1405,26.3724]]},"properties":{"n":"泊～渡名喜～久米島","op":"久米商船","mode":"ferry"}},{"type":"Feature","geometry":{"type":"LineString","coordinates":[[127.6821,26.2246],[126.7531,26.3407]]},"properties":{"n":"泊～渡名喜～久米島","op":"久米商船","mode":"ferry"}},{"type":"Feature","geometry":{"type":"LineString","coordinates":[[127.1405,26.3724],[126.7531,26.3407]]},"properties":{"n":"泊～渡名喜～久米島","op":"久米商船","mode":"ferry"}},{"type":"Feature","geometry":{"type":"LineString","coordinates":[[127.6826,26.226],[127.2852,26.1903]]},"properties":{"n":"泊～座間味","op":"座間味村","mode":"ferry"}},{"type":"Feature","geometry":{"type":"LineString","coordinates":[[127.6826,26.226],[127.3021,26.2264]]},"properties":{"n":"泊～座間味","op":"座間味村","mode":"ferry"}},{"type":"Feature","geometry":{"type":"LineString","coordinates":[[127.2852,26.1903],[127.3021,26.2264]]},"properties":{"n":"泊～座間味","op":"座間味村","mode":"ferry"}},{"type":"Feature","geometry":{"type":"LineString","coordinates":[[127.6837,26.2246],[127.3681,26.1987]]},"properties":{"n":"泊～渡嘉敷","op":"渡嘉敷村","mode":"ferry"}},{"type":"Feature","geometry":{"type":"LineString","coordinates":[[127.818,26.6503],[127.8903,26.6589]]},"properties":{"n":"水納～渡久地","op":"水納海運","mode":"ferry"}},{"type":"Feature","geometry":{"type":"LineString","coordinates":[[127.8858,26.1546],[127.8268,26.1794]]},"properties":{"n":"久高～安座真","op":"久高海運","mode":"ferry"}},{"type":"Feature","geometry":{"type":"LineString","coordinates":[[125.2145,24.8378],[125.2747,24.8061]]},"properties":{"n":"佐良浜～平良","op":"宮古フェリー","mode":"ferry"}},{"type":"Feature","geometry":{"type":"LineString","coordinates":[[125.2016,24.8041],[125.2747,24.8061]]},"properties":{"n":"長山～平良","op":"宮古フェリー","mode":"ferry"}},{"type":"Feature","geometry":{"type":"LineString","coordinates":[[125.278,24.8091],[124.7214,24.6446]]},"properties":{"n":"平良～多良間","op":"多良間海運","mode":"ferry"}},{"type":"Feature","geometry":{"type":"LineString","coordinates":[[125.3076,24.9131],[125.2976,24.8782]]},"properties":{"n":"大神～島尻","op":"大神海運","mode":"ferry"}},{"type":"Feature","geometry":{"type":"LineString","coordinates":[[124.1548,24.3369],[124.0944,24.3357]]},"properties":{"n":"石垣～竹富地区","op":"八重山観光フェリー","mode":"ferry"}},{"type":"Feature","geometry":{"type":"LineString","coordinates":[[124.1548,24.3369],[122.9421,24.4507]]},"properties":{"n":"与那国～石垣","op":"福山海運","mode":"ferry"}},{"type":"Feature","geometry":{"type":"LineString","coordinates":[[125.214,24.8383],[125.2748,24.8062]]},"properties":{"n":"佐良浜～平良","op":"はやて海運","mode":"ferry"}},{"type":"Feature","geometry":{"type":"LineString","coordinates":[[123.7296,24.3368],[123.7466,24.3593]]},"properties":{"n":"船浮～白浜","op":"船浮海運","mode":"ferry"}},{"type":"Feature","geometry":{"type":"LineString","coordinates":[[127.6813,26.2254],[131.2171,25.8422]]},"properties":{"n":"泊～南北大東","op":"大東海運","mode":"ferry"}},{"type":"Feature","geometry":{"type":"LineString","coordinates":[[127.6813,26.2254],[131.2841,25.9539]]},"properties":{"n":"泊～南北大東","op":"大東海運","mode":"ferry"}},{"type":"Feature","geometry":{"type":"LineString","coordinates":[[131.2171,25.8422],[131.2841,25.9539]]},"properties":{"n":"泊～南北大東","op":"大東海運","mode":"ferry"}},{"type":"Feature","geometry":{"type":"LineString","coordinates":[[130.4737,32.6088],[130.4743,32.6045]]},"properties":{"n":"野崎～三角","op":"宇城市","mode":"ferry"}},{"type":"Feature","geometry":{"type":"LineString","coordinates":[[130.4275,32.5185],[130.5656,32.5121]]},"properties":{"n":"合津～八代","op":"天草フェリーライン","mode":"ferry"}},{"type":"Feature","geometry":{"type":"LineString","coordinates":[[137.0215,34.584],[136.9805,34.5504]]},"properties":{"n":"神島～伊良湖","op":"神島観光船","mode":"ferry"}},{"type":"Feature","geometry":{"type":"LineString","coordinates":[[130.3693,32.3885],[130.3566,32.3518]]},"properties":{"n":"龍ヶ岳～御所浦～本渡","op":"木本観光","mode":"ferry"}},{"type":"Feature","geometry":{"type":"LineString","coordinates":[[130.3566,32.3518],[130.3344,32.3469]]},"properties":{"n":"龍ヶ岳～御所浦～本渡","op":"木本観光","mode":"ferry"}},{"type":"Feature","geometry":{"type":"LineString","coordinates":[[130.3344,32.3469],[130.3377,32.3381]]},"properties":{"n":"龍ヶ岳～御所浦～本渡","op":"木本観光","mode":"ferry"}},{"type":"Feature","geometry":{"type":"LineString","coordinates":[[130.3377,32.3381],[130.3274,32.3458]]},"properties":{"n":"龍ヶ岳～御所浦～本渡","op":"木本観光","mode":"ferry"}},{"type":"Feature","geometry":{"type":"LineString","coordinates":[[130.3274,32.3458],[130.2006,32.456]]},"properties":{"n":"龍ヶ岳～御所浦～本渡","op":"木本観光","mode":"ferry"}},{"type":"Feature","geometry":{"type":"LineString","coordinates":[[130.3377,32.3381],[130.3507,32.3686]]},"properties":{"n":"御所浦～棚底．大道　　","op":"共同フェリー","mode":"ferry"}},{"type":"Feature","geometry":{"type":"LineString","coordinates":[[130.3377,32.3381],[130.341,32.4066]]},"properties":{"n":"御所浦～棚底．大道　　","op":"共同フェリー","mode":"ferry"}},{"type":"Feature","geometry":{"type":"LineString","coordinates":[[130.3507,32.3686],[130.341,32.4066]]},"properties":{"n":"御所浦～棚底．大道　　","op":"共同フェリー","mode":"ferry"}},{"type":"Feature","geometry":{"type":"LineString","coordinates":[[130.3507,32.3686],[130.3693,32.3885]]},"properties":{"n":"御所浦～棚底．大道　　","op":"共同フェリー","mode":"ferry"}},{"type":"Feature","geometry":{"type":"LineString","coordinates":[[129.7234,33.1629],[129.1114,32.987]]},"properties":{"n":"有川～佐世保","op":"美咲海運","mode":"ferry"}},{"type":"Feature","geometry":{"type":"LineString","coordinates":[[124.1548,24.3369],[124.0944,24.3357]]},"properties":{"n":"石垣～竹富地区","op":"安栄観光","mode":"ferry"}},{"type":"Feature","geometry":{"type":"LineString","coordinates":[[124.1548,24.3369],[123.8833,24.2711]]},"properties":{"n":"石垣～波照間","op":"安栄観光","mode":"ferry"}},{"type":"Feature","geometry":{"type":"LineString","coordinates":[[124.1548,24.3369],[123.7659,24.0669]]},"properties":{"n":"石垣～波照間","op":"安栄観光","mode":"ferry"}},{"type":"Feature","geometry":{"type":"LineString","coordinates":[[123.8833,24.2711],[123.7659,24.0669]]},"properties":{"n":"石垣～波照間","op":"安栄観光","mode":"ferry"}},{"type":"Feature","geometry":{"type":"LineString","coordinates":[[130.5892,32.7626],[130.3724,32.7673]]},"properties":{"n":"熊本～島原","op":"熊本フェリー","mode":"ferry"}},{"type":"Feature","geometry":{"type":"LineString","coordinates":[[129.9875,33.4729],[129.9762,33.4505]]},"properties":{"n":"高島～唐津","op":"唐津市漁業協同組合","mode":"ferry"}},{"type":"Feature","geometry":{"type":"LineString","coordinates":[[129.864,32.8476],[129.9247,32.9121]]},"properties":{"n":"長与～長崎空港","op":"大村湾観光汽船","mode":"ferry"}},{"type":"Feature","geometry":{"type":"LineString","coordinates":[[129.864,32.8476],[129.9563,32.9043]]},"properties":{"n":"長与～大村競艇場","op":"大村湾観光汽船","mode":"ferry"}},{"type":"Feature","geometry":{"type":"LineString","coordinates":[[129.1021,32.952],[129.8685,32.7447]]},"properties":{"n":"鯛之浦～長崎","op":"五島産業汽船","mode":"ferry"}},{"type":"Feature","geometry":{"type":"LineString","coordinates":[[133.637,34.2039],[133.6305,34.2001]]},"properties":{"n":"仁尾～蔦島","op":"三豊市","mode":"ferry"}},{"type":"Feature","geometry":{"type":"LineString","coordinates":[[132.0733,32.9701],[132.0665,32.9628]]},"properties":{"n":"大島～佐伯","op":"佐伯市","mode":"ferry"}},{"type":"Feature","geometry":{"type":"LineString","coordinates":[[132.0733,32.9701],[131.9033,32.9778]]},"properties":{"n":"大島～佐伯","op":"佐伯市","mode":"ferry"}},{"type":"Feature","geometry":{"type":"LineString","coordinates":[[132.0665,32.9628],[132.05,32.9491]]},"properties":{"n":"大島～佐伯","op":"佐伯市","mode":"ferry"}},{"type":"Feature","geometry":{"type":"LineString","coordinates":[[132.0665,32.9628],[131.9033,32.9778]]},"properties":{"n":"大島～佐伯","op":"佐伯市","mode":"ferry"}},{"type":"Feature","geometry":{"type":"LineString","coordinates":[[132.05,32.9491],[131.9033,32.9778]]},"properties":{"n":"大島～佐伯","op":"佐伯市","mode":"ferry"}},{"type":"Feature","geometry":{"type":"LineString","coordinates":[[134.5345,34.6782],[134.5279,34.6776]]},"properties":{"n":"家島～姫路","op":"高速いえしま","mode":"ferry"}},{"type":"Feature","geometry":{"type":"LineString","coordinates":[[134.5279,34.6776],[134.6634,34.785]]},"properties":{"n":"家島～姫路","op":"高速いえしま","mode":"ferry"}},{"type":"Feature","geometry":{"type":"LineString","coordinates":[[133.1032,35.453],[133.1024,35.4525]]},"properties":{"n":"朝酌町矢田～矢田","op":"矢田渡船観光","mode":"ferry"}},{"type":"Feature","geometry":{"type":"LineString","coordinates":[[130.2006,32.456],[130.4255,32.5277]]},"properties":{"n":"本渡～松島～三角","op":"シークルーズ","mode":"ferry"}},{"type":"Feature","geometry":{"type":"LineString","coordinates":[[130.4255,32.5277],[130.4716,32.6069]]},"properties":{"n":"本渡～松島～三角","op":"シークルーズ","mode":"ferry"}},{"type":"Feature","geometry":{"type":"LineString","coordinates":[[134.5345,34.6782],[134.5279,34.6776]]},"properties":{"n":"家島（宮）～姫路","op":"高福ライナー","mode":"ferry"}},{"type":"Feature","geometry":{"type":"LineString","coordinates":[[134.5279,34.6776],[134.6617,34.7835]]},"properties":{"n":"家島（宮）～姫路","op":"高福ライナー","mode":"ferry"}},{"type":"Feature","geometry":{"type":"LineString","coordinates":[[134.6617,34.7835],[134.5107,34.6527]]},"properties":{"n":"西島（室ノ内）～姫路","op":"ラピート桂","mode":"ferry"}},{"type":"Feature","geometry":{"type":"LineString","coordinates":[[140.5723,36.3086],[141.6365,42.6377]]},"properties":{"n":"大洗～苫小牧","op":"商船三井フェリー","mode":"ferry"}},{"type":"Feature","geometry":{"type":"LineString","coordinates":[[139.8838,35.7595],[139.8825,35.76]]},"properties":{"n":"矢切航路（矢切～柴又）","op":"矢切渡船","mode":"ferry"}},{"type":"Feature","geometry":{"type":"LineString","coordinates":[[139.4337,36.2066],[139.4292,36.2049]]},"properties":{"n":"赤岩～葛和田","op":"群馬県千代田町","mode":"ferry"}},{"type":"Feature","geometry":{"type":"LineString","coordinates":[[130.4051,33.5918],[130.4,33.604]]},"properties":{"n":"天神中央公園～ベイサイドプレイス","op":"日本海洋観光","mode":"ferry"}},{"type":"Feature","geometry":{"type":"LineString","coordinates":[[135.0201,34.5907],[134.9905,34.6452]]},"properties":{"n":"明石～岩屋","op":"淡路ジェノバライン","mode":"ferry"}},{"type":"Feature","geometry":{"type":"LineString","coordinates":[[132.4547,34.351],[132.4652,34.3428]]},"properties":{"n":"広島～宮島","op":"ファーストビーチ","mode":"ferry"}},{"type":"Feature","geometry":{"type":"LineString","coordinates":[[132.4547,34.351],[132.3226,34.3031]]},"properties":{"n":"広島～宮島","op":"ファーストビーチ","mode":"ferry"}},{"type":"Feature","geometry":{"type":"LineString","coordinates":[[132.4652,34.3428],[132.3226,34.3031]]},"properties":{"n":"広島～宮島","op":"ファーストビーチ","mode":"ferry"}},{"type":"Feature","geometry":{"type":"LineString","coordinates":[[132.4923,34.2489],[132.5557,34.2402]]},"properties":{"n":"小用～呉中央","op":"ファーストビーチ","mode":"ferry"}},{"type":"Feature","geometry":{"type":"LineString","coordinates":[[132.4923,34.2489],[132.4753,34.2846]]},"properties":{"n":"宇品～小用","op":"ファーストビーチ","mode":"ferry"}},{"type":"Feature","geometry":{"type":"LineString","coordinates":[[132.4923,34.2489],[132.4652,34.3428]]},"properties":{"n":"宇品～小用","op":"ファーストビーチ","mode":"ferry"}},{"type":"Feature","geometry":{"type":"LineString","coordinates":[[132.4923,34.2489],[132.4547,34.351]]},"properties":{"n":"宇品～小用","op":"ファーストビーチ","mode":"ferry"}},{"type":"Feature","geometry":{"type":"LineString","coordinates":[[132.4753,34.2846],[132.4547,34.351]]},"properties":{"n":"宇品～小用","op":"ファーストビーチ","mode":"ferry"}},{"type":"Feature","geometry":{"type":"LineString","coordinates":[[132.4652,34.3428],[132.4547,34.351]]},"properties":{"n":"宇品～小用","op":"ファーストビーチ","mode":"ferry"}},{"type":"Feature","geometry":{"type":"LineString","coordinates":[[130.5892,32.7626],[130.3724,32.7673]]},"properties":{"n":"熊本～島原","op":"九商フェリー","mode":"ferry"}},{"type":"Feature","geometry":{"type":"LineString","coordinates":[[127.9159,26.3211],[127.9367,26.2453]]},"properties":{"n":"平敷屋～津堅","op":"神谷観光","mode":"ferry"}},{"type":"Feature","geometry":{"type":"LineString","coordinates":[[129.639,32.94],[129.6152,32.94]]},"properties":{"n":"瀬戸～松島","op":"江崎海陸運送","mode":"ferry"}},{"type":"Feature","geometry":{"type":"LineString","coordinates":[[136.8756,34.3605],[136.8793,34.3559]]},"properties":{"n":"渡鹿野～和部","op":"かいげつ","mode":"ferry"}},{"type":"Feature","geometry":{"type":"LineString","coordinates":[[140.8614,41.4342],[140.8069,41.3271]]},"properties":{"n":"青森～佐井","op":"シィライン","mode":"ferry"}},{"type":"Feature","geometry":{"type":"LineString","coordinates":[[140.8069,41.3271],[140.8009,41.2922]]},"properties":{"n":"青森～佐井","op":"シィライン","mode":"ferry"}},{"type":"Feature","geometry":{"type":"LineString","coordinates":[[140.8009,41.2922],[140.8262,41.1451]]},"properties":{"n":"青森～佐井","op":"シィライン","mode":"ferry"}},{"type":"Feature","geometry":{"type":"LineString","coordinates":[[140.8262,41.1451],[140.7376,40.8327]]},"properties":{"n":"青森～佐井","op":"シィライン","mode":"ferry"}},{"type":"Feature","geometry":{"type":"LineString","coordinates":[[136.5251,34.7112],[136.8193,34.8597]]},"properties":{"n":"津新港～空港島","op":"津エアポートライン","mode":"ferry"}},{"type":"Feature","geometry":{"type":"LineString","coordinates":[[136.5564,34.615],[136.5251,34.7112]]},"properties":{"n":"松阪港～空港島","op":"津エアポートライン","mode":"ferry"}},{"type":"Feature","geometry":{"type":"LineString","coordinates":[[136.5251,34.7112],[136.8193,34.8597]]},"properties":{"n":"松阪港～空港島","op":"津エアポートライン","mode":"ferry"}},{"type":"Feature","geometry":{"type":"LineString","coordinates":[[135.4284,34.6535],[135.4386,34.6649]]},"properties":{"n":"大阪ベイエリア航路","op":"キャプテンライン","mode":"ferry"}},{"type":"Feature","geometry":{"type":"LineString","coordinates":[[135.0705,34.2756],[135.0089,34.284]]},"properties":{"n":"加太港～友ヶ島","op":"友ヶ島汽船","mode":"ferry"}},{"type":"Feature","geometry":{"type":"LineString","coordinates":[[134.3207,34.4565],[134.0739,34.3542]]},"properties":{"n":"神戸～坂手～高松","op":"ジャンボフェリー","mode":"ferry"}},{"type":"Feature","geometry":{"type":"LineString","coordinates":[[134.3207,34.4565],[135.198,34.6827]]},"properties":{"n":"神戸～坂手～高松","op":"ジャンボフェリー","mode":"ferry"}},{"type":"Feature","geometry":{"type":"LineString","coordinates":[[134.0739,34.3542],[135.198,34.6827]]},"properties":{"n":"神戸～坂手～高松","op":"ジャンボフェリー","mode":"ferry"}},{"type":"Feature","geometry":{"type":"LineString","coordinates":[[135.2288,34.64],[135.2541,34.4442]]},"properties":{"n":"神戸空港～関西空港","op":"海上アクセス","mode":"ferry"}},{"type":"Feature","geometry":{"type":"LineString","coordinates":[[132.4637,34.3523],[132.4462,34.314]]},"properties":{"n":"宇品～似島学園","op":"（有）バンカーサプライ","mode":"ferry"}},{"type":"Feature","geometry":{"type":"LineString","coordinates":[[132.4925,34.2294],[132.5557,34.2402]]},"properties":{"n":"秋月～呉中央","op":"（有）バンカーサプライ","mode":"ferry"}},{"type":"Feature","geometry":{"type":"LineString","coordinates":[[132.35,33.9611],[132.339,33.9534]]},"properties":{"n":"樽見～日前","op":"周防大島町","mode":"ferry"}},{"type":"Feature","geometry":{"type":"LineString","coordinates":[[132.339,33.9534],[132.3468,33.9466]]},"properties":{"n":"樽見～日前","op":"周防大島町","mode":"ferry"}},{"type":"Feature","geometry":{"type":"LineString","coordinates":[[132.3468,33.9466],[132.3054,33.9188]]},"properties":{"n":"樽見～日前","op":"周防大島町","mode":"ferry"}},{"type":"Feature","geometry":{"type":"LineString","coordinates":[[132.4794,33.9577],[132.4393,33.9447]]},"properties":{"n":"情島～伊保田","op":"周防大島町","mode":"ferry"}},{"type":"Feature","geometry":{"type":"LineString","coordinates":[[132.2672,33.9481],[132.2659,33.9985]]},"properties":{"n":"久賀～前島　　　","op":"周防大島町","mode":"ferry"}},{"type":"Feature","geometry":{"type":"LineString","coordinates":[[132.0795,33.8923],[132.0656,33.8771]]},"properties":{"n":"馬島～麻里府・佐合島～佐賀","op":"熊南総合事務組合","mode":"ferry"}},{"type":"Feature","geometry":{"type":"LineString","coordinates":[[132.0656,33.8771],[132.0507,33.8961]]},"properties":{"n":"馬島～麻里府・佐合島～佐賀","op":"熊南総合事務組合","mode":"ferry"}},{"type":"Feature","geometry":{"type":"LineString","coordinates":[[132.0507,33.8961],[132.0455,33.9135]]},"properties":{"n":"馬島～麻里府・佐合島～佐賀","op":"熊南総合事務組合","mode":"ferry"}},{"type":"Feature","geometry":{"type":"LineString","coordinates":[[132.8588,34.1852],[132.8669,34.1807]]},"properties":{"n":"竹原～大長","op":"しまなみ海運","mode":"ferry"}},{"type":"Feature","geometry":{"type":"LineString","coordinates":[[132.8588,34.1852],[132.8764,34.2063]]},"properties":{"n":"竹原～大長","op":"しまなみ海運","mode":"ferry"}},{"type":"Feature","geometry":{"type":"LineString","coordinates":[[132.8669,34.1807],[132.8764,34.2063]]},"properties":{"n":"竹原～大長","op":"しまなみ海運","mode":"ferry"}},{"type":"Feature","geometry":{"type":"LineString","coordinates":[[132.8764,34.2063],[132.8925,34.2116]]},"properties":{"n":"竹原～大長","op":"しまなみ海運","mode":"ferry"}},{"type":"Feature","geometry":{"type":"LineString","coordinates":[[132.8925,34.2116],[132.9174,34.2334]]},"properties":{"n":"竹原～大長","op":"しまなみ海運","mode":"ferry"}},{"type":"Feature","geometry":{"type":"LineString","coordinates":[[132.9174,34.2334],[132.9198,34.2368]]},"properties":{"n":"竹原～大長","op":"しまなみ海運","mode":"ferry"}},{"type":"Feature","geometry":{"type":"LineString","coordinates":[[132.9198,34.2368],[132.9397,34.2789]]},"properties":{"n":"竹原～大長","op":"しまなみ海運","mode":"ferry"}},{"type":"Feature","geometry":{"type":"LineString","coordinates":[[132.9397,34.2789],[132.9174,34.3318]]},"properties":{"n":"竹原～大長","op":"しまなみ海運","mode":"ferry"}},{"type":"Feature","geometry":{"type":"LineString","coordinates":[[132.8539,34.1887],[132.8764,34.2063]]},"properties":{"n":"明石～小長","op":"しまなみ海運","mode":"ferry"}},{"type":"Feature","geometry":{"type":"LineString","coordinates":[[132.5107,34.2911],[132.4753,34.2846]]},"properties":{"n":"呉ポートピアパーク～切串","op":"一真海運","mode":"ferry"}},{"type":"Feature","geometry":{"type":"LineString","coordinates":[[133.0837,34.36],[133.0901,34.3134]]},"properties":{"n":"須波～沢","op":"須波航路サービス","mode":"ferry"}},{"type":"Feature","geometry":{"type":"LineString","coordinates":[[134.0611,34.4898],[133.9992,34.461]]},"properties":{"n":"家浦～高松","op":"豊島フェリー","mode":"ferry"}},{"type":"Feature","geometry":{"type":"LineString","coordinates":[[134.0611,34.4898],[134.0572,34.3517]]},"properties":{"n":"家浦～高松","op":"豊島フェリー","mode":"ferry"}},{"type":"Feature","geometry":{"type":"LineString","coordinates":[[133.9992,34.461],[134.0572,34.3517]]},"properties":{"n":"家浦～高松","op":"豊島フェリー","mode":"ferry"}},{"type":"Feature","geometry":{"type":"LineString","coordinates":[[132.4165,33.4573],[131.8107,33.1263]]},"properties":{"n":"八幡浜～臼杵","op":"九四オレンジフェリー","mode":"ferry"}},{"type":"Feature","geometry":{"type":"LineString","coordinates":[[132.6967,32.9211],[131.9055,32.9767]]},"properties":{"n":"宿毛～佐伯","op":"宿毛フェリー","mode":"ferry"}},{"type":"Feature","geometry":{"type":"LineString","coordinates":[[134.055,34.3519],[133.9502,34.4898]]},"properties":{"n":"宇野～高松","op":"国道フェリー","mode":"ferry"}},{"type":"Feature","geometry":{"type":"LineString","coordinates":[[134.051,34.3524],[134.1822,34.4756]]},"properties":{"n":"土庄東～高松","op":"小豆島エンジェルライン","mode":"ferry"}},{"type":"Feature","geometry":{"type":"LineString","coordinates":[[130.5667,31.5924],[130.9907,30.7317]]},"properties":{"n":"鹿児島～種子島～屋久島","op":"コスモライン","mode":"ferry"}},{"type":"Feature","geometry":{"type":"LineString","coordinates":[[129.6958,33.8543],[129.6804,33.8643]]},"properties":{"n":"勝本～辰ノ島","op":"勝本町漁業協同組合","mode":"ferry"}},{"type":"Feature","geometry":{"type":"LineString","coordinates":[[135.4159,34.6196],[131.4582,31.9096]]},"properties":{"n":"宮崎～大阪","op":"宮崎カーフェリー","mode":"ferry"}},{"type":"Feature","geometry":{"type":"LineString","coordinates":[[130.517,31.4824],[130.9926,30.7302]]},"properties":{"n":"鹿児島～種子・屋久","op":"新屋敷商事","mode":"ferry"}},{"type":"Feature","geometry":{"type":"LineString","coordinates":[[130.9926,30.7302],[130.5729,30.432]]},"properties":{"n":"鹿児島～種子・屋久","op":"新屋敷商事","mode":"ferry"}},{"type":"Feature","geometry":{"type":"LineString","coordinates":[[130.2262,32.2615],[130.3784,32.195]]},"properties":{"n":"幣串～水俣","op":"獅子島汽船","mode":"ferry"}},{"type":"Feature","geometry":{"type":"LineString","coordinates":[[129.9707,33.5402],[129.9563,33.5251]]},"properties":{"n":"神集島～湊","op":"唐津汽船","mode":"ferry"}},{"type":"Feature","geometry":{"type":"LineString","coordinates":[[130.5605,31.5538],[130.6909,31.484]]},"properties":{"n":"鹿児島～垂水","op":"垂水フェリー","mode":"ferry"}},{"type":"Feature","geometry":{"type":"LineString","coordinates":[[130.5636,31.5905],[130.9888,30.7308]]},"properties":{"n":"鹿児島～種子島・屋久島","op":"種子屋久高速船","mode":"ferry"}},{"type":"Feature","geometry":{"type":"LineString","coordinates":[[130.5636,31.5905],[130.5741,30.4317]]},"properties":{"n":"鹿児島～種子島・屋久島","op":"種子屋久高速船","mode":"ferry"}},{"type":"Feature","geometry":{"type":"LineString","coordinates":[[130.5636,31.5905],[130.6585,30.3165]]},"properties":{"n":"鹿児島～種子島・屋久島","op":"種子屋久高速船","mode":"ferry"}},{"type":"Feature","geometry":{"type":"LineString","coordinates":[[130.5636,31.5905],[130.653,31.2408]]},"properties":{"n":"鹿児島～種子島・屋久島","op":"種子屋久高速船","mode":"ferry"}},{"type":"Feature","geometry":{"type":"LineString","coordinates":[[130.9888,30.7308],[130.5741,30.4317]]},"properties":{"n":"鹿児島～種子島・屋久島","op":"種子屋久高速船","mode":"ferry"}},{"type":"Feature","geometry":{"type":"LineString","coordinates":[[130.9888,30.7308],[130.6585,30.3165]]},"properties":{"n":"鹿児島～種子島・屋久島","op":"種子屋久高速船","mode":"ferry"}},{"type":"Feature","geometry":{"type":"LineString","coordinates":[[130.9888,30.7308],[130.653,31.2408]]},"properties":{"n":"鹿児島～種子島・屋久島","op":"種子屋久高速船","mode":"ferry"}},{"type":"Feature","geometry":{"type":"LineString","coordinates":[[124.1548,24.3369],[124.0944,24.3357]]},"properties":{"n":"石垣～竹富地区","op":"石垣島ドリーム観光","mode":"ferry"}},{"type":"Feature","geometry":{"type":"LineString","coordinates":[[130.5741,30.4317],[130.653,31.2408]]},"properties":{"n":"鹿児島～種子島・屋久島","op":"種子屋久高速船","mode":"ferry"}}]}